{"type":"FeatureCollection","features":[{"type":"Feature","properties":{},"geometry":{"type":"MultiPolygon","coordinates":[[[[110.3345,-66.4677],[110.4696,-66.5175],[110.5442,-66.4918],[110.6201,-66.5117],[110.6222,-66.524],[110.437,-66.621],[109.8237,-66.8337],[109.4628,-66.9087],[109.3139,-66.8961],[109.3402,-66.8727],[109.3835,-66.8236],[109.4905,-66.8147],[109.5431,-66.7639],[109.5091,-66.7393],[109.581,-66.7269],[109.5621,-66.6498],[109.7267,-66.5898],[109.8739,-66.589],[110.033,-66.6428],[110.1762,-66.6028],[110.2204,-66.5963],[110.1388,-66.5624],[110.2639,-66.5372],[110.3345,-66.4677]]]]}},{"type":"Feature","properties":{},"geometry":{"type":"MultiPolygon","coordinates":[[[[-97.9232,-72.1166],[-98.168,-72.123],[-98.1759,-72.0185],[-98.0911,-71.9125],[-98.1472,-71.8596],[-97.8037,-71.8929],[-97.7802,-71.9132],[-97.816,-71.9189],[-97.9232,-72.1166]]]]}},{"type":"Feature","properties":{},"geometry":{"type":"MultiPolygon","coordinates":[[[[156.4663,-68.9665],[156.576,-68.9996],[156.5737,-69.0555],[156.6461,-69.1186],[156.8067,-69.1466],[156.8676,-69.1019],[156.9423,-69.103],[156.9407,-69.1584],[156.9476,-69.1774],[156.4886,-69.183],[156.0109,-69.0778],[155.9218,-69.0681],[155.9562,-69.0272],[156.0217,-68.9953],[156.1296,-68.9981],[156.1977,-68.9526],[156.4663,-68.9665]]]]}},{"type":"Feature","properties":{},"geometry":{"type":"MultiPolygon","coordinates":[[[[-99.0185,-71.8902],[-99.0821,-71.9325],[-99.2541,-71.9722],[-99.5631,-71.945],[-99.7349,-72.033],[-99.784,-72.0444],[-99.8332,-72.0461],[-99.9852,-71.9395],[-100.0305,-71.8928],[-99.9444,-71.8928],[-99.1526,-71.9151],[-99.0375,-71.8912],[-99.0185,-71.8902]]]]}},{"type":"Feature","properties":{},"geometry":{"type":"MultiPolygon","coordinates":[[[[-88.1088,-72.8423],[-87.3989,-72.9245],[-87.1896,-72.9093],[-86.415,-72.9457],[-85.8052,-73.046],[-85.7617,-73.0943],[-85.7751,-73.1142],[-85.7862,-73.1355],[-85.8075,-73.1558],[-85.8081,-73.1927],[-85.9808,-73.2085],[-86.6021,-73.3537],[-86.7911,-73.3637],[-87.038,-73.3539],[-87.401,-73.192],[-87.6085,-73.1946],[-87.9364,-73.241],[-88.205,-73.2195],[-88.4194,-73.229],[-88.5608,-73.1208],[-88.3318,-72.9344],[-88.1945,-72.8585],[-88.1944,-72.8334],[-88.1088,-72.8423]]]]}},{"type":"Feature","properties":{},"geometry":{"type":"MultiPolygon","coordinates":[[[[122.3617,-66.6166],[122.5227,-66.743],[122.585,-66.739],[122.6073,-66.7742],[122.5583,-66.7884],[122.5739,-66.8094],[122.5755,-66.8118],[122.1827,-66.8594],[122.0331,-66.9017],[121.6132,-67.057],[121.4876,-67.0907],[120.9786,-67.1357],[120.4002,-67.2361],[119.133,-67.3707],[118.9217,-67.3197],[119.2806,-67.1993],[119.9537,-67.0759],[120.3748,-66.9838],[120.2892,-66.9666],[120.1873,-66.9662],[119.768,-66.9915],[119.3182,-67.0708],[118.9646,-67.1448],[118.7139,-67.1717],[118.5189,-67.1609],[118.3258,-67.115],[118.1387,-67.0824],[117.9518,-67.0854],[117.7447,-67.1286],[117.2978,-67.1092],[117.1319,-67.1144],[116.9236,-67.0554],[116.7135,-67.0472],[116.509,-67.1079],[116.2146,-67.1427],[115.8852,-67.2019],[115.3842,-67.2381],[115.1719,-67.3078],[114.9258,-67.3565],[114.6579,-67.3879],[114.319,-67.4057],[114.0265,-67.4413],[113.9124,-67.3677],[113.9912,-67.2119],[114.2597,-67.1723],[114.5706,-67.1085],[115.2736,-67.0279],[115.4419,-66.958],[115.6353,-66.7712],[115.4416,-66.6458],[115.6814,-66.643],[115.7256,-66.6528],[115.9041,-66.5559],[116.1453,-66.5832],[116.2712,-66.5616],[116.3703,-66.5867],[116.3863,-66.6216],[116.5218,-66.6518],[116.6716,-66.7334],[116.6094,-66.7619],[116.6215,-66.7953],[116.7733,-66.8209],[116.9114,-66.8017],[117.0636,-66.8363],[117.4157,-66.9953],[118.0746,-66.9644],[118.2824,-66.9835],[118.6906,-66.9326],[118.9208,-66.9691],[119.4187,-66.9536],[119.4997,-66.9835],[119.7196,-66.9347],[120.1071,-66.923],[120.2795,-66.8694],[120.4902,-66.8665],[120.5237,-66.8868],[120.7293,-66.912],[120.8299,-66.8888],[120.8921,-66.8472],[121.0381,-66.815],[121.1745,-66.778],[121.1937,-66.7575],[121.1393,-66.7231],[121.1415,-66.6913],[121.2536,-66.6578],[121.5254,-66.6453],[121.7761,-66.5649],[122.1015,-66.5411],[122.3617,-66.6166]]]]}},{"type":"Feature","properties":{},"geometry":{"type":"MultiPolygon","coordinates":[[[[-97.242,-72.1318],[-97.3452,-72.1891],[-97.4603,-72.1883],[-97.5257,-72.1492],[-97.582,-72.0951],[-97.4735,-72.0003],[-97.551,-71.9183],[-97.4755,-71.9079],[-97.0513,-71.8797],[-96.9792,-71.8976],[-97.0887,-71.944],[-97.1548,-72.0454],[-97.1955,-72.091],[-97.242,-72.1318]]]]}},{"type":"Feature","properties":{},"geometry":{"type":"MultiPolygon","coordinates":[[[[-11.6969,-71.7193],[-11.3331,-71.7855],[-11.1794,-71.7769],[-11.0093,-71.7579],[-10.9611,-71.8223],[-10.9581,-71.902],[-11.1214,-72.0315],[-11.3465,-72.2817],[-11.497,-72.4129],[-11.7774,-72.4441],[-12.0948,-72.4982],[-12.7469,-72.6289],[-13.2086,-72.7851],[-13.6029,-72.7921],[-13.939,-72.7562],[-14.2978,-72.733],[-14.2983,-72.7846],[-14.1684,-72.8433],[-14.0001,-73.0006],[-14.1647,-73.1024],[-14.321,-73.123],[-15.0071,-73.0475],[-15.5961,-73.0968],[-15.8028,-73.1522],[-16.149,-73.3345],[-16.2791,-73.3885],[-16.4352,-73.4257],[-16.507,-73.556],[-16.5189,-73.644],[-16.3878,-73.6813],[-16.0975,-73.7091],[-15.9357,-73.7576],[-16.0032,-73.816],[-16.1809,-73.8302],[-16.2819,-73.867],[-16.2201,-73.9157],[-15.7488,-73.9456],[-15.2597,-73.8889],[-14.6115,-73.8518],[-14.5738,-73.9374],[-14.6589,-73.9889],[-15.0892,-74.1633],[-15.2898,-74.2809],[-15.5313,-74.3756],[-15.6726,-74.4073],[-16.4296,-74.3239],[-16.7272,-74.3276],[-16.9893,-74.3198],[-17.299,-74.3339],[-17.4359,-74.3791],[-17.9228,-74.6992],[-18.0683,-74.863],[-18.2212,-74.9745],[-18.517,-75.052],[-18.6173,-75.1154],[-18.7493,-75.2421],[-18.6173,-75.3424],[-18.517,-75.3899],[-18.4152,-75.3965],[-18.3046,-75.4314],[-18.5852,-75.4626],[-18.851,-75.4702],[-19.493,-75.5399],[-20.4876,-75.492],[-20.7833,-75.594],[-20.989,-75.6344],[-21.4338,-75.6831],[-21.9481,-75.6941],[-22.4655,-75.6611],[-23.1973,-75.7177],[-24.2696,-75.767],[-26.0594,-75.9572],[-26.5601,-76.0547],[-26.6127,-76.0641],[-26.583,-76.0001],[-26.6125,-75.9755],[-26.62,-75.918],[-26.7996,-75.8061],[-27.0788,-75.7225],[-27.4676,-75.6776],[-27.644,-75.5998],[-27.5221,-75.5438],[-27.0881,-75.4827],[-26.2835,-75.433],[-25.9784,-75.3036],[-25.3593,-75.2035],[-25.2204,-75.1202],[-25.1767,-75.0716],[-25.1979,-75.0012],[-25.007,-74.9198],[-25.271,-74.8575],[-25.3791,-74.7945],[-25.4149,-74.7328],[-25.6729,-74.6781],[-25.3814,-74.615],[-25.2924,-74.5372],[-25.3257,-74.4921],[-25.3192,-74.444],[-25.3865,-74.4001],[-25.3888,-74.3745],[-25.615,-74.2564],[-25.7727,-74.2337],[-25.6756,-74.1534],[-25.6873,-74.1196],[-25.6639,-74.088],[-24.2956,-73.9213],[-24.1184,-73.8581],[-24.0423,-73.8854],[-23.9034,-73.8541],[-23.8537,-73.8551],[-23.7781,-73.9016],[-23.6682,-73.8935],[-23.5777,-73.916],[-23.5313,-73.9591],[-23.5531,-74.0108],[-23.5388,-74.0331],[-23.4473,-73.9777],[-23.227,-73.9651],[-23.004,-74.1628],[-22.7222,-74.1717],[-22.6994,-74.1388],[-22.6306,-74.1225],[-22.5724,-74.1648],[-22.4977,-74.1685],[-22.3506,-74.2354],[-22.0898,-74.2671],[-22.111,-74.2453],[-22.082,-74.2058],[-21.9466,-74.1597],[-21.9444,-74.1282],[-21.9477,-74.1035],[-21.6099,-74.0918],[-21.1666,-74.1326],[-21.0512,-74.1761],[-20.9768,-74.2251],[-20.8457,-74.4378],[-20.8177,-74.4548],[-20.737,-74.481],[-20.4891,-74.4927],[-20.4167,-74.4434],[-20.4114,-74.4085],[-20.4234,-74.3174],[-20.6004,-74.1969],[-20.6413,-74.1506],[-20.6543,-74.105],[-20.6074,-73.8866],[-20.5207,-73.7978],[-20.5207,-73.7118],[-20.5803,-73.6192],[-20.6902,-73.6252],[-20.7045,-73.6294],[-20.6737,-73.5649],[-20.572,-73.5493],[-20.5811,-73.4866],[-20.5124,-73.3786],[-20.3941,-73.2752],[-19.8688,-73.0532],[-19.8854,-72.9987],[-19.865,-72.9806],[-19.5865,-72.8589],[-19.3898,-72.8416],[-19.3697,-72.8305],[-19.4378,-72.7816],[-19.1302,-72.6672],[-18.3195,-72.5832],[-18.0603,-72.6175],[-18.0707,-72.6343],[-17.994,-72.6471],[-18.0175,-72.6655],[-18.0006,-72.67],[-17.6425,-72.6188],[-17.6708,-72.5937],[-17.6017,-72.573],[-17.6549,-72.5561],[-16.5862,-72.4854],[-16.5166,-72.5293],[-16.5151,-72.5294],[-16.5166,-72.5308],[-16.5098,-72.5822],[-16.4531,-72.6524],[-16.3176,-72.7022],[-16.1748,-72.7028],[-16.1045,-72.6791],[-16.1725,-72.6],[-16.3029,-72.478],[-16.3559,-72.4586],[-16.4142,-72.4674],[-16.4097,-72.4556],[-16.3671,-72.3954],[-15.5298,-72.268],[-15.3486,-72.1931],[-15.3796,-72.1684],[-15.3449,-72.1578],[-15.2021,-72.1675],[-15.0722,-72.128],[-14.9543,-72.1377],[-14.5245,-72.0717],[-14.0703,-72.0542],[-13.4292,-71.9684],[-13.3125,-71.9771],[-13.2162,-72.0361],[-12.9111,-72.0116],[-12.9099,-72.013],[-12.9148,-72.0147],[-12.9633,-72.0645],[-12.9437,-72.0989],[-12.8885,-72.1371],[-12.7202,-72.1877],[-12.5885,-72.1961],[-12.5089,-72.1733],[-12.5348,-72.14],[-12.6367,-72.0713],[-12.7889,-72.0065],[-12.8626,-72.0016],[-12.8629,-72.0006],[-12.9157,-71.9656],[-12.8995,-71.9223],[-12.9888,-71.9039],[-12.508,-71.7651],[-12.1518,-71.7275],[-12.0488,-71.6623],[-12.0275,-71.6419],[-11.6969,-71.7193]]]]}},{"type":"Feature","properties":{},"geometry":{"type":"MultiPolygon","coordinates":[[[[103.6446,-65.421],[103.712,-65.4653],[103.78,-65.47],[103.8332,-65.4877],[103.858,-65.5009],[103.9814,-65.5427],[103.9664,-65.5952],[104.0773,-65.6515],[104.0839,-65.7217],[103.9984,-65.7758],[104.0467,-65.8731],[103.9288,-65.917],[103.9491,-65.9364],[103.9328,-65.9486],[103.875,-65.9518],[103.8766,-65.9887],[103.7635,-65.9897],[103.6387,-65.9989],[103.1665,-65.9169],[102.8833,-65.8871],[102.8869,-65.8761],[102.9019,-65.7933],[102.9716,-65.7644],[103.0372,-65.7917],[103.0873,-65.7449],[103.0446,-65.6626],[102.9583,-65.5931],[102.8882,-65.5705],[103.0978,-65.5623],[103.1728,-65.4947],[103.1722,-65.4596],[103.1757,-65.4546],[103.1759,-65.4547],[103.3371,-65.4685],[103.3972,-65.4454],[103.3788,-65.4265],[103.3742,-65.4246],[103.4101,-65.4243],[103.5509,-65.4429],[103.6446,-65.421]]]]}},{"type":"Feature","properties":{},"geometry":{"type":"MultiPolygon","coordinates":[[[[-111.7223,-74.3866],[-111.6959,-74.5041],[-111.7888,-74.5717],[-111.7388,-74.6534],[-111.5845,-74.7508],[-111.6963,-74.7922],[-111.8683,-74.8012],[-112.1701,-74.8323],[-113.0915,-74.8917],[-113.5934,-74.9437],[-113.7526,-74.9521],[-113.9319,-74.9818],[-114.1105,-74.9818],[-114.0972,-74.9091],[-113.9848,-74.8429],[-113.9035,-74.6444],[-113.7831,-74.6181],[-113.5973,-74.5588],[-113.333,-74.4542],[-113.4543,-74.3943],[-113.6408,-74.4064],[-113.7533,-74.3667],[-113.7158,-74.2354],[-113.6581,-74.2199],[-113.5747,-74.2079],[-113.5407,-74.1882],[-113.437,-74.1602],[-111.8891,-74.229],[-111.7918,-74.2624],[-111.8064,-74.2697],[-111.7223,-74.3866]]]]}},{"type":"Feature","properties":{},"geometry":{"type":"MultiPolygon","coordinates":[[[[0.1059,-69.6121],[0.1104,-69.6923],[0.1934,-69.8534],[0.1961,-69.923],[0.2094,-69.9344],[0.2516,-69.8294],[0.2858,-69.8271],[0.3004,-69.8494],[0.2551,-69.9489],[0.3556,-69.8911],[0.4057,-69.9343],[0.2771,-70.1209],[0.4531,-70.0205],[0.8387,-69.8944],[0.8621,-69.8965],[1.139,-69.9454],[1.2433,-70.0274],[1.2434,-70.0295],[1.0267,-70.0498],[0.9496,-70.0941],[0.9525,-70.169],[0.9903,-70.2243],[1.1045,-70.3042],[1.1563,-70.3781],[1.2115,-70.3814],[1.2992,-70.2552],[1.4609,-70.1356],[1.4162,-70.0485],[1.4188,-70.0469],[1.4637,-70.0552],[1.7498,-69.9471],[1.9336,-69.9507],[2.091,-69.9982],[2.102,-70.0616],[2.2282,-70.0283],[2.3043,-70.0696],[2.2731,-70.0834],[2.3562,-70.1359],[2.4554,-70.1545],[2.9325,-70.1169],[3.0041,-70.0928],[3.0513,-70.1069],[3.0215,-70.1263],[3.1227,-70.1011],[3.3135,-70.1061],[3.393,-70.0646],[3.628,-70.0523],[3.7691,-70.0788],[3.756,-70.1127],[3.8007,-70.1228],[3.9791,-70.0936],[4.1201,-70.1214],[4.0535,-70.2529],[4.1017,-70.2723],[4.0697,-70.2902],[4.0761,-70.3253],[4.1295,-70.4169],[4.1797,-70.4513],[4.3652,-70.5026],[4.5258,-70.4787],[4.5899,-70.4325],[4.6175,-70.3687],[4.5862,-70.2943],[4.495,-70.2514],[4.4697,-70.2502],[4.4739,-70.2452],[4.5066,-70.2327],[4.4963,-70.2122],[4.873,-70.1895],[5.3317,-70.1033],[5.4056,-70.1929],[5.5259,-70.2376],[5.6135,-70.2524],[5.7325,-70.2447],[5.5326,-70.1175],[5.5246,-70.0896],[5.6419,-70.0084],[6.2972,-70.0013],[6.492,-70.0417],[7.1932,-69.9972],[7.2314,-70.005],[7.2358,-70.0333],[7.35,-70.1308],[7.4127,-70.1524],[7.3917,-70.1921],[7.4234,-70.2034],[7.6177,-70.2094],[7.8399,-70.1637],[7.9446,-70.1287],[8.0166,-70.0392],[8.046,-70.0063],[8.0491,-69.9575],[8.0818,-69.9414],[8.1888,-69.8726],[8.2424,-69.8881],[8.3549,-69.9845],[8.4078,-69.977],[8.4281,-69.8845],[8.4792,-69.8651],[8.8235,-69.9592],[9.0176,-69.9846],[9.0707,-70.0089],[9.086,-70.0487],[9.0805,-70.0883],[9.1556,-70.1003],[9.3177,-70.1003],[9.3372,-70.0878],[9.7035,-70.012],[9.871,-70.0267],[9.8417,-70.0148],[9.8805,-70.0],[9.8626,-69.984],[10.2266,-69.9102],[10.4593,-69.9417],[10.4152,-69.9707],[10.4808,-69.9627],[10.5743,-70.008],[10.753,-70.054],[10.9784,-70.042],[11.0251,-70.0107],[10.9922,-69.9821],[11.3043,-69.9541],[11.3433,-69.9914],[11.7346,-70.0543],[11.8042,-70.0345],[11.8378,-69.9944],[11.889,-70.0124],[11.8667,-69.949],[11.9609,-69.9775],[11.9312,-69.9449],[11.9532,-69.9286],[12.2578,-70.0625],[12.4265,-70.0844],[12.6072,-70.0972],[12.5951,-70.1174],[12.7233,-70.1437],[12.8645,-70.1623],[12.9294,-70.2134],[12.6819,-70.3087],[12.4615,-70.3701],[12.3088,-70.4433],[12.0679,-70.6165],[11.8336,-70.7366],[11.7012,-70.7666],[11.2034,-70.7288],[10.9688,-70.6877],[10.2177,-70.5079],[9.8855,-70.4029],[9.6135,-70.269],[9.1415,-70.1837],[8.8174,-70.3908],[8.523,-70.4738],[8.3067,-70.4616],[7.6768,-70.3563],[7.4011,-70.4944],[6.9509,-70.5352],[6.5079,-70.5864],[5.6439,-70.6364],[5.1131,-70.6557],[3.5068,-70.8444],[2.6094,-70.9001],[1.9086,-71.0036],[1.5522,-71.0803],[0.8349,-71.2023],[0.5384,-71.2743],[0.1542,-71.398],[-0.1846,-71.5589],[-0.3269,-71.6419],[-0.5432,-71.7127],[-0.7599,-71.6303],[-0.8401,-71.5397],[-0.8959,-71.3492],[-1.0678,-71.2656],[-1.2164,-71.2842],[-1.3543,-71.3868],[-1.5007,-71.4123],[-2.0146,-71.4334],[-2.2613,-71.3571],[-2.6103,-71.3208],[-2.812,-71.321],[-3.2397,-71.3605],[-3.7132,-71.3746],[-3.9949,-71.3389],[-4.2532,-71.3384],[-4.4502,-71.3277],[-5.95,-71.3416],[-6.1175,-71.326],[-6.1268,-71.2656],[-6.0803,-71.1541],[-5.9038,-71.0519],[-5.7087,-70.9683],[-5.5879,-70.8568],[-5.6948,-70.7453],[-5.9363,-70.7127],[-6.2453,-70.7558],[-6.5475,-70.8169],[-6.8382,-70.8445],[-7.0316,-70.8351],[-7.3881,-70.7869],[-7.6198,-70.829],[-7.7527,-70.8428],[-7.8549,-70.8846],[-7.8735,-70.9404],[-7.7569,-71.0172],[-7.618,-71.1215],[-7.5902,-71.2237],[-7.669,-71.3243],[-7.7138,-71.5464],[-7.9158,-71.6354],[-8.2165,-71.647],[-8.4977,-71.6748],[-8.6465,-71.6727],[-8.9659,-71.3614],[-9.2307,-71.1741],[-9.4023,-71.1176],[-9.5994,-71.0953],[-9.888,-71.0273],[-10.0164,-70.9659],[-9.8103,-70.8691],[-9.6942,-70.7473],[-8.7541,-70.5298],[-8.5708,-70.552],[-8.3954,-70.5121],[-8.1973,-70.5049],[-8.2116,-70.5381],[-8.1396,-70.5404],[-8.1496,-70.6225],[-8.1002,-70.6569],[-7.7539,-70.6841],[-7.4544,-70.6182],[-7.4276,-70.5276],[-7.2891,-70.4818],[-7.2846,-70.4558],[-7.2435,-70.4397],[-7.0627,-70.4228],[-6.7348,-70.4584],[-6.6457,-70.4541],[-6.6566,-70.4367],[-6.6091,-70.4132],[-6.415,-70.4491],[-6.4064,-70.4515],[-6.438,-70.4526],[-6.2661,-70.5502],[-6.1809,-70.5856],[-6.1561,-70.6116],[-5.8941,-70.5522],[-5.9495,-70.4322],[-5.9605,-70.4269],[-5.9413,-70.4231],[-5.8247,-70.484],[-5.8267,-70.45],[-5.7416,-70.4366],[-5.6785,-70.3727],[-5.5937,-70.3462],[-5.5504,-70.3617],[-5.6003,-70.3837],[-5.5677,-70.3959],[-5.0089,-70.3557],[-3.527,-70.4151],[-3.4417,-70.4476],[-3.439,-70.4485],[-3.4969,-70.4884],[-3.4902,-70.508],[-3.4419,-70.5355],[-3.2802,-70.5338],[-2.738,-70.5071],[-2.6828,-70.4622],[-2.6844,-70.3761],[-2.7136,-70.3202],[-2.7947,-70.2921],[-2.7939,-70.2917],[-2.3145,-70.1746],[-2.1578,-70.1878],[-1.9014,-70.1659],[-1.7965,-70.11],[-1.2914,-70.0502],[-1.4738,-70.0218],[-1.4627,-69.9326],[-1.632,-69.9344],[-1.509,-69.8877],[-1.4526,-69.84],[-1.5051,-69.8071],[-1.3176,-69.7198],[-1.0639,-69.72],[-1.105,-69.7042],[-1.0913,-69.671],[-0.9633,-69.64],[-0.5762,-69.6502],[0.0783,-69.5904],[0.1059,-69.6121]],[[2.5846,-70.5346],[2.6227,-70.5934],[2.6977,-70.6235],[3.0369,-70.5974],[3.1711,-70.5539],[3.2213,-70.5192],[3.2598,-70.4488],[3.2305,-70.4027],[3.1928,-70.3927],[3.0721,-70.3816],[2.6314,-70.5003],[2.5846,-70.5346]],[[-3.5371,-70.6833],[-3.5747,-70.7031],[-3.489,-70.7359],[-3.007,-70.8514],[-2.975,-70.8833],[-2.9631,-70.9404],[-2.8006,-70.9822],[-2.8052,-71.0147],[-2.8219,-71.0567],[-2.8252,-71.1127],[-2.7835,-71.1675],[-2.6068,-71.1411],[-2.369,-71.0444],[-2.2932,-70.998],[-2.2127,-70.9016],[-2.1191,-70.8554],[-2.0923,-70.8208],[-2.2556,-70.7961],[-2.4234,-70.8004],[-2.5328,-70.7677],[-2.7498,-70.6942],[-3.04,-70.6744],[-3.5371,-70.6833]],[[-3.2128,-71.076],[-3.2631,-71.0517],[-3.399,-71.0621],[-3.3918,-71.0811],[-3.4038,-71.1198],[-3.3857,-71.143],[-3.3094,-71.2009],[-3.2015,-71.2302],[-3.0606,-71.2366],[-2.955,-71.2138],[-3.1913,-71.0948],[-3.2128,-71.076]]]]}},{"type":"Feature","properties":{},"geometry":{"type":"MultiPolygon","coordinates":[[[[160.3366,-69.8059],[160.4149,-69.847],[160.4403,-69.8324],[160.5618,-69.8925],[160.595,-69.953],[160.4127,-69.9724],[160.5244,-70.0314],[160.5222,-70.0496],[160.2097,-69.9749],[160.1257,-69.8401],[160.1257,-69.7764],[160.3366,-69.8059]]]]}},{"type":"Feature","properties":{},"geometry":{"type":"MultiPolygon","coordinates":[[[[97.3896,-65.2278],[97.4057,-65.2622],[97.4636,-65.2858],[97.4786,-65.3192],[97.4468,-65.3364],[97.5597,-65.3824],[97.6576,-65.3905],[97.7157,-65.4701],[97.8556,-65.5046],[97.8798,-65.561],[97.8254,-65.6397],[97.9669,-65.7316],[98.3871,-65.744],[98.4167,-65.7338],[98.389,-65.7245],[98.4285,-65.692],[98.5433,-65.6527],[99.1511,-65.637],[99.2726,-65.7462],[99.4467,-65.7878],[99.6568,-65.723],[99.8874,-65.7508],[100.2312,-65.7335],[100.3168,-65.6796],[100.3099,-65.6632],[100.3146,-65.6595],[100.3505,-65.6729],[100.5123,-65.6754],[100.5468,-65.7013],[100.9814,-65.6775],[101.2296,-65.5684],[101.2342,-65.5692],[101.676,-65.6479],[101.7204,-65.6807],[101.7317,-65.7223],[101.6912,-65.767],[102.107,-65.794],[102.1053,-65.8203],[102.1571,-65.8506],[102.5522,-65.8808],[102.5672,-65.8907],[102.3922,-65.9326],[102.1741,-65.9542],[101.4744,-65.9512],[101.3813,-65.9731],[101.3208,-66.0209],[101.3272,-66.1005],[100.889,-66.358],[100.5911,-66.4252],[100.2116,-66.4739],[99.8243,-66.5487],[99.37,-66.6483],[98.8589,-66.6708],[98.7201,-66.5531],[98.603,-66.5348],[98.4617,-66.4986],[98.2576,-66.4675],[97.7199,-66.6073],[97.3885,-66.5786],[97.1006,-66.4995],[96.7889,-66.5506],[96.4237,-66.5997],[95.9914,-66.6212],[95.5409,-66.631],[95.248,-66.5712],[95.0839,-66.5275],[94.9086,-66.5088],[94.9171,-66.4744],[94.9679,-66.4179],[94.9372,-66.3707],[94.8846,-66.3575],[94.848,-66.3163],[94.8924,-66.2153],[95.3379,-66.2376],[95.5707,-66.1519],[95.5406,-66.029],[95.4989,-65.9908],[95.5372,-65.9461],[95.491,-65.8563],[95.5365,-65.6559],[95.4852,-65.5641],[95.4026,-65.5121],[95.5093,-65.4614],[95.5452,-65.4179],[95.5338,-65.2582],[95.8399,-65.2587],[95.9307,-65.1308],[96.1579,-65.0848],[96.1827,-65.0108],[96.2537,-64.9789],[96.9484,-65.0393],[97.1311,-65.0874],[97.2992,-65.167],[97.261,-65.1802],[97.3896,-65.2278]],[[96.307,-66.1859],[96.3945,-66.2251],[96.9339,-66.2008],[97.0155,-66.164],[97.0188,-66.1395],[97.0055,-66.0968],[96.9315,-66.0583],[96.7274,-66.0608],[96.6126,-66.0358],[96.4997,-66.0459],[96.3987,-66.0802],[96.307,-66.1859]],[[100.0819,-66.2027],[100.1331,-66.2295],[100.2647,-66.2166],[100.2815,-66.18],[100.2905,-66.1124],[100.1743,-66.131],[100.0762,-66.1881],[100.0819,-66.2027]],[[98.655,-66.4534],[98.7517,-66.4817],[98.846,-66.4698],[98.9499,-66.4205],[98.7486,-66.3692],[98.5964,-66.3827],[98.6052,-66.3999],[98.655,-66.4534]]]]}},{"type":"Feature","properties":{},"geometry":{"type":"MultiPolygon","coordinates":[[[[-94.6703,-72.4453],[-94.167,-72.5178],[-93.333,-72.5628],[-93.2436,-72.5542],[-93.1615,-72.5462],[-92.6449,-72.5758],[-92.4322,-72.6336],[-92.1863,-72.6052],[-91.6855,-72.61],[-91.6521,-72.6144],[-91.67,-72.6237],[-91.5515,-72.7536],[-91.3822,-72.8679],[-91.3569,-72.9095],[-91.4504,-72.9679],[-91.5109,-73.1955],[-91.3442,-73.2072],[-91.1607,-73.1823],[-90.9985,-73.1366],[-90.8931,-73.084],[-90.7756,-72.993],[-90.751,-72.9166],[-90.7763,-72.854],[-90.8954,-72.8236],[-90.7802,-72.7317],[-90.7797,-72.7302],[-90.7793,-72.7302],[-90.7052,-72.7468],[-90.5142,-72.6881],[-90.4577,-72.6416],[-90.2091,-72.606],[-90.0383,-72.4627],[-89.8711,-72.4555],[-89.8029,-72.4788],[-89.8243,-72.4945],[-89.8484,-72.5212],[-89.8442,-72.5363],[-89.8476,-72.5712],[-89.8037,-72.5866],[-89.5428,-72.6012],[-89.4247,-72.6424],[-89.1159,-72.6929],[-89.1272,-72.6932],[-89.2294,-72.8258],[-89.3413,-72.8896],[-89.5224,-72.8709],[-89.8177,-72.8626],[-90.0352,-72.9602],[-90.1525,-72.9445],[-90.2954,-72.9779],[-90.2738,-73.1186],[-90.4309,-73.2432],[-90.921,-73.3191],[-91.1687,-73.307],[-92.2411,-73.1784],[-92.8284,-73.1647],[-93.706,-73.215],[-93.9847,-73.2867],[-94.2462,-73.313],[-94.5865,-73.2495],[-95.0296,-73.239],[-95.2366,-73.2201],[-95.5293,-73.2414],[-95.8806,-73.2939],[-96.1522,-73.3093],[-96.3942,-73.3012],[-96.6759,-73.2686],[-96.9558,-73.2064],[-97.4765,-73.1262],[-97.6511,-73.1444],[-97.8185,-73.1017],[-98.0124,-73.0332],[-98.2086,-73.0223],[-99.8107,-72.9999],[-100.2588,-73.0413],[-100.5636,-73.0155],[-100.8205,-72.9811],[-101.3319,-72.9954],[-101.6812,-73.0299],[-101.8415,-73.0209],[-102.0289,-72.9981],[-102.4093,-72.9874],[-102.482,-72.9512],[-102.363,-72.9115],[-102.272,-72.835],[-102.3629,-72.7602],[-102.4848,-72.7357],[-102.8525,-72.7164],[-102.8515,-72.7146],[-102.7302,-72.6477],[-102.781,-72.5908],[-102.7488,-72.5545],[-102.7648,-72.5134],[-102.9677,-72.4625],[-103.053,-72.4093],[-103.3539,-72.3146],[-103.3963,-72.2844],[-103.3927,-72.2482],[-103.2989,-72.2305],[-102.7108,-72.2681],[-102.4427,-72.2028],[-102.2894,-72.1448],[-102.2921,-72.1258],[-102.2788,-72.1198],[-102.2648,-72.1353],[-102.0222,-72.185],[-101.9034,-72.1904],[-101.7848,-72.1777],[-101.602,-72.1757],[-100.3575,-72.2781],[-100.1952,-72.2727],[-100.1041,-72.287],[-100.0143,-72.3124],[-99.6724,-72.3799],[-99.4344,-72.4066],[-99.1489,-72.472],[-98.8816,-72.4732],[-98.6407,-72.4897],[-98.4078,-72.5476],[-98.1635,-72.5561],[-97.8283,-72.557],[-97.5956,-72.5477],[-97.3655,-72.5218],[-97.2503,-72.5208],[-97.0276,-72.5738],[-96.9148,-72.5783],[-96.804,-72.558],[-96.6927,-72.5476],[-96.0518,-72.5773],[-96.0299,-72.5543],[-96.0143,-72.5247],[-96.0782,-72.4538],[-95.8257,-72.4389],[-95.5754,-72.41],[-95.5311,-72.2488],[-95.6096,-72.175],[-95.6094,-72.0684],[-95.4778,-72.1051],[-95.3135,-72.2568],[-95.1609,-72.2826],[-94.6703,-72.4453]],[[-94.753,-72.5172],[-95.2157,-72.5994],[-95.273,-72.6469],[-95.2195,-72.6698],[-95.0271,-72.6651],[-94.426,-72.6126],[-94.434,-72.5892],[-94.5139,-72.4917],[-94.5384,-72.4758],[-94.5662,-72.4681],[-94.753,-72.5172]],[[-94.0782,-72.8839],[-93.9656,-72.9203],[-93.7956,-72.9197],[-93.7558,-72.9076],[-93.7996,-72.882],[-94.0043,-72.8197],[-94.047,-72.8231],[-94.1132,-72.8601],[-94.0782,-72.8839]]],[[[-96.7176,-72.2555],[-96.7988,-72.2595],[-96.8902,-72.247],[-96.9789,-72.2219],[-96.7149,-72.1317],[-96.2982,-72.0452],[-96.1562,-71.9225],[-96.0662,-71.9144],[-95.6854,-72.0567],[-95.9064,-72.122],[-96.4824,-72.2076],[-96.7176,-72.2555]]]]}},{"type":"Feature","properties":{},"geometry":{"type":"MultiPolygon","coordinates":[[[[157.5699,-69.2774],[157.4813,-69.3087],[157.0752,-69.1851],[157.1098,-69.155],[157.2488,-69.1189],[157.2502,-69.0791],[157.3096,-69.07],[157.3747,-69.1039],[157.3969,-69.1459],[157.5216,-69.1812],[157.4666,-69.1935],[157.4869,-69.2102],[157.5699,-69.2774]]]]}},{"type":"Feature","properties":{},"geometry":{"type":"MultiPolygon","coordinates":[[[[-109.279,-75.1852],[-109.99,-75.1991],[-111.1042,-75.1909],[-111.3588,-75.22],[-111.4632,-75.1334],[-110.9676,-74.9512],[-110.532,-74.8363],[-110.3005,-74.7106],[-110.242,-74.5663],[-110.1271,-74.5893],[-110.0258,-74.6293],[-110.0539,-74.6399],[-110.0337,-74.6595],[-109.5294,-74.8006],[-109.4646,-74.847],[-109.4935,-74.9157],[-109.3304,-74.9929],[-109.1694,-75.0678],[-109.2024,-75.1406],[-109.2815,-75.1755],[-109.279,-75.1852]]]]}},{"type":"Feature","properties":{},"geometry":{"type":"MultiPolygon","coordinates":[[[[70.3315,-68.6791],[70.3994,-68.7116],[70.684,-68.7044],[70.8383,-68.603],[71.0599,-68.697],[71.2181,-68.6996],[71.3167,-68.6262],[71.4128,-68.6004],[71.654,-68.649],[71.8903,-68.5935],[72.1997,-68.5905],[72.4181,-68.6278],[72.7041,-68.6319],[72.7742,-68.673],[72.7806,-68.7146],[73.1546,-68.7481],[73.4866,-68.878],[73.5237,-68.9301],[73.6186,-68.9608],[73.8078,-69.1147],[73.9043,-69.1377],[74.2721,-69.3534],[74.1935,-69.349],[74.2768,-69.4176],[73.9406,-69.4256],[74.1604,-69.4965],[74.0954,-69.536],[73.9593,-69.5401],[73.7464,-69.5916],[73.6852,-69.6494],[73.7183,-69.7027],[73.6844,-69.7378],[73.7025,-69.7533],[73.8839,-69.7448],[74.2064,-69.7305],[74.321,-69.7182],[74.5271,-69.756],[74.5552,-69.6398],[74.6891,-69.6049],[74.7812,-69.6067],[74.8758,-69.6696],[75.0492,-69.642],[75.0977,-69.6177],[75.0354,-69.5912],[75.1228,-69.5601],[75.4947,-69.5988],[75.5519,-69.5947],[75.597,-69.5533],[75.7939,-69.5486],[75.8723,-69.6158],[75.8207,-69.7255],[75.6355,-69.849],[75.4238,-69.893],[75.1477,-69.8554],[74.571,-69.8796],[74.2267,-69.8003],[73.9421,-69.7431],[73.6761,-69.8258],[73.3248,-69.849],[73.0414,-70.0097],[72.822,-70.0959],[72.7443,-70.2391],[72.7603,-70.3958],[72.6224,-70.472],[72.4179,-70.5986],[72.2625,-70.6568],[71.9048,-70.7067],[71.7713,-70.8013],[71.6338,-70.9493],[71.4648,-71.1546],[71.3788,-71.3092],[71.3493,-71.5139],[71.2767,-71.6239],[71.1678,-71.6715],[71.0787,-71.7367],[70.7316,-71.8222],[70.6161,-71.8421],[70.5728,-71.931],[70.2943,-72.0554],[69.9622,-72.1329],[69.7697,-72.2536],[69.5546,-72.3745],[69.3095,-72.4088],[69.157,-72.4187],[68.4198,-72.5151],[68.1069,-72.6507],[67.9713,-72.7505],[68.0155,-72.9181],[67.9713,-73.0857],[67.7486,-73.1681],[67.322,-73.3003],[67.0031,-73.2364],[66.7647,-73.2169],[66.569,-73.2092],[66.4977,-73.1255],[66.7464,-72.9998],[66.892,-72.9487],[67.1133,-72.6411],[67.2148,-72.4615],[67.281,-72.2906],[67.4322,-72.0029],[67.6935,-71.7367],[67.8733,-71.5798],[68.0374,-71.391],[68.3105,-71.2866],[68.4475,-71.2516],[68.6238,-71.1814],[68.7679,-71.0907],[68.8727,-71.0352],[69.1883,-70.7046],[69.1966,-70.5853],[69.2502,-70.431],[69.162,-70.334],[69.0209,-70.3252],[68.7573,-70.3699],[68.5594,-70.4124],[67.9407,-70.4228],[67.6589,-70.326],[67.2679,-70.2732],[67.4166,-70.1772],[67.5753,-70.0879],[67.917,-69.9527],[68.0272,-69.8944],[68.178,-69.8373],[68.4152,-69.9021],[68.7437,-69.9214],[68.9204,-69.9118],[69.0826,-69.8666],[69.162,-69.7696],[69.1885,-69.6549],[69.1356,-69.578],[68.9591,-69.5403],[68.8798,-69.4697],[68.9062,-69.3727],[69.065,-69.3374],[69.3718,-69.3315],[69.5493,-69.2937],[69.6294,-69.2316],[69.6146,-69.1538],[69.5307,-69.0241],[69.6455,-68.9322],[69.5468,-68.8567],[69.5342,-68.7369],[69.7619,-68.5986],[69.9279,-68.5354],[69.9822,-68.4643],[69.9782,-68.4598],[70.1785,-68.4941],[70.2357,-68.513],[70.3315,-68.6791]],[[71.7051,-70.2843],[71.6466,-70.3363],[71.6371,-70.4435],[71.6593,-70.4975],[71.7257,-70.5491],[71.8412,-70.6219],[71.9289,-70.633],[72.0022,-70.6326],[72.0781,-70.6091],[72.0973,-70.5746],[72.0734,-70.5245],[72.0556,-70.501],[71.9999,-70.4568],[71.8799,-70.4056],[71.8511,-70.3676],[71.838,-70.3122],[71.7965,-70.2643],[71.7051,-70.2843]],[[69.7435,-72.0441],[69.792,-72.0467],[69.9183,-71.9177],[69.8951,-71.9079],[69.796,-71.894],[69.737,-71.922],[69.6925,-71.9683],[69.7435,-72.0441]],[[68.4361,-72.2604],[68.4088,-72.3002],[68.4616,-72.3001],[68.6695,-72.2759],[68.8172,-72.2287],[68.8403,-72.1655],[68.7292,-72.0892],[68.667,-72.1031],[68.5662,-72.1902],[68.4361,-72.2604]]]]}},{"type":"Feature","properties":{},"geometry":{"type":"MultiPolygon","coordinates":[[[[-101.1895,-73.3179],[-100.4364,-73.3531],[-100.0208,-73.4025],[-99.528,-73.4951],[-99.2004,-73.571],[-98.8962,-73.6112],[-99.1619,-73.6408],[-99.3434,-73.6342],[-99.541,-73.6451],[-99.6562,-73.6942],[-99.7811,-73.7201],[-100.7178,-73.7578],[-100.9855,-73.7572],[-101.1303,-73.7348],[-101.3108,-73.6952],[-101.3313,-73.6931],[-101.3342,-73.6769],[-101.431,-73.5913],[-101.687,-73.5006],[-101.6969,-73.4594],[-101.6425,-73.4063],[-101.6942,-73.3348],[-101.7017,-73.3199],[-101.5738,-73.3296],[-101.1895,-73.3179]]]]}},{"type":"Feature","properties":{},"geometry":{"type":"MultiPolygon","coordinates":[[[[-10.8255,-71.5533],[-10.9698,-71.5601],[-11.1602,-71.4812],[-11.3281,-71.4397],[-11.6631,-71.3313],[-11.7197,-71.3221],[-11.6602,-71.2754],[-11.4452,-71.1976],[-11.4185,-71.1689],[-11.435,-71.1301],[-11.4121,-71.1163],[-11.0863,-71.0202],[-10.7201,-71.0032],[-10.8434,-70.9807],[-10.8164,-70.9584],[-10.355,-70.9895],[-10.331,-71.024],[-10.1223,-71.0609],[-10.0335,-71.1306],[-10.2306,-71.201],[-10.4066,-71.2503],[-10.5201,-71.2955],[-10.6595,-71.4427],[-10.8255,-71.5533]]]]}},{"type":"Feature","properties":{},"geometry":{"type":"MultiPolygon","coordinates":[[[[-106.2753,-74.7801],[-106.1623,-74.8415],[-106.0442,-74.8106],[-105.3034,-74.7682],[-105.3031,-74.8134],[-105.1532,-74.8674],[-105.1624,-74.9204],[-104.9822,-74.9927],[-104.5527,-75.0878],[-103.6702,-75.0806],[-103.5566,-75.0844],[-103.5413,-75.1138],[-103.9014,-75.1526],[-104.1597,-75.1207],[-104.6178,-75.1563],[-104.9019,-75.1152],[-105.3994,-75.1976],[-106.6189,-75.344],[-106.9321,-75.3094],[-107.2668,-75.3345],[-107.8048,-75.3216],[-108.1606,-75.2669],[-108.0452,-75.1915],[-107.7562,-75.1429],[-107.9209,-75.0953],[-108.2704,-75.0808],[-108.2341,-75.0696],[-108.2096,-75.0622],[-108.1633,-75.0524],[-107.8483,-75.045],[-107.8097,-75.0005],[-107.8002,-74.9421],[-107.5484,-74.9245],[-107.1101,-74.9076],[-106.539,-74.7314],[-106.4905,-74.7635],[-106.2753,-74.7801]]]]}},{"type":"Feature","properties":{},"geometry":{"type":"MultiPolygon","coordinates":[[[[-101.4152,-74.2747],[-101.3428,-74.3501],[-101.2517,-74.4857],[-101.0232,-74.505],[-100.8819,-74.5411],[-100.5309,-74.4888],[-100.2381,-74.4842],[-100.1186,-74.515],[-100.0127,-74.6622],[-100.2649,-74.8229],[-100.4734,-74.8724],[-100.313,-74.9143],[-100.1641,-74.9379],[-99.8486,-74.9217],[-99.6519,-74.9488],[-99.2082,-75.0786],[-98.7273,-75.1408],[-98.5579,-75.1898],[-98.6457,-75.2771],[-98.7524,-75.3171],[-98.9803,-75.3274],[-99.5314,-75.3089],[-100.0828,-75.3704],[-100.4635,-75.3534],[-100.7064,-75.3981],[-101.0394,-75.4219],[-101.3037,-75.3658],[-101.6279,-75.2218],[-101.7081,-75.1274],[-101.821,-75.1263],[-101.7907,-75.0626],[-101.6489,-75.0166],[-101.6019,-74.9566],[-101.4033,-74.8167],[-101.1951,-74.7132],[-101.9024,-74.6068],[-102.0473,-74.6097],[-102.0891,-74.6009],[-102.0938,-74.5647],[-102.1559,-74.5491],[-102.3318,-74.544],[-102.4598,-74.5122],[-101.9383,-74.4031],[-101.8823,-74.368],[-101.8402,-74.337],[-101.7475,-74.3377],[-101.6902,-74.306],[-101.4264,-74.2789],[-101.4152,-74.2747]]]]}},{"type":"Feature","properties":{},"geometry":{"type":"MultiPolygon","coordinates":[[[[146.3179,-66.6981],[146.1912,-66.8108],[146.3549,-66.7484],[146.4106,-66.7498],[146.4549,-66.7821],[146.6356,-66.7707],[146.5938,-66.7797],[146.6499,-66.7942],[146.6295,-66.8283],[146.527,-66.8696],[146.5523,-66.8867],[146.3565,-66.9806],[146.3761,-66.983],[146.3188,-67.0505],[146.1626,-67.1257],[146.2122,-67.1385],[146.1394,-67.1874],[145.2874,-67.5138],[145.4316,-67.5107],[145.6211,-67.4937],[145.8605,-67.5297],[146.0425,-67.5857],[146.2263,-67.6837],[146.2932,-67.6764],[146.4415,-67.7301],[146.4103,-67.8028],[146.2763,-67.7509],[145.9751,-67.6242],[145.5564,-67.5909],[145.1279,-67.6259],[144.8791,-67.7209],[144.4042,-67.7942],[144.189,-67.8998],[143.9773,-67.8646],[143.942,-67.794],[144.1537,-67.6441],[144.2596,-67.4787],[144.5153,-67.2825],[144.6023,-67.1665],[144.6156,-67.1704],[144.6986,-67.2266],[144.8132,-67.2039],[144.8425,-67.1824],[144.8377,-67.1502],[144.891,-67.1733],[145.0451,-67.1704],[145.007,-67.145],[145.2125,-67.0731],[146.0302,-66.6947],[146.2344,-66.676],[146.3179,-66.6981]]]]}},{"type":"Feature","properties":{},"geometry":{"type":"MultiPolygon","coordinates":[[[[-61.2421,-73.2503],[-61.0814,-73.3282],[-60.8959,-73.3204],[-60.6867,-73.271],[-60.5607,-73.2114],[-60.4038,-73.2402],[-60.2221,-73.2628],[-60.2522,-73.3167],[-60.5405,-73.4469],[-60.5981,-73.543],[-60.851,-73.6276],[-60.7674,-73.629],[-60.6886,-73.6709],[-60.768,-73.6795],[-60.7988,-73.7023],[-60.8789,-73.612],[-61.0798,-73.5387],[-61.4055,-73.4671],[-61.637,-73.5002],[-61.7377,-73.3755],[-61.7876,-73.2549],[-61.9148,-73.2157],[-62.0083,-73.1476],[-61.7265,-73.1608],[-61.4284,-73.1914],[-61.2421,-73.2503]]]]}},{"type":"Feature","properties":{},"geometry":{"type":"MultiPolygon","coordinates":[[[[-61.4041,-73.896],[-61.2034,-73.9567],[-61.0883,-73.9294],[-60.9993,-73.9012],[-61.0225,-73.9629],[-60.8778,-73.9719],[-60.8716,-74.0016],[-60.8233,-74.0122],[-60.8301,-74.0397],[-60.7749,-74.0945],[-60.6875,-74.1304],[-60.684,-74.1782],[-60.7308,-74.2498],[-60.7548,-74.2651],[-60.7837,-74.241],[-61.1207,-74.3069],[-61.3318,-74.3286],[-61.8428,-74.2897],[-61.7183,-74.2281],[-61.5708,-74.1947],[-61.2269,-74.2079],[-61.0417,-74.1219],[-61.1607,-74.0558],[-61.3195,-74.0359],[-61.8383,-74.032],[-61.7416,-73.9962],[-61.6917,-73.9239],[-61.5454,-73.896],[-61.4041,-73.896]]]]}},{"type":"Feature","properties":{},"geometry":{"type":"MultiPolygon","coordinates":[[[[-71.7874,-69.6879],[-71.852,-69.8071],[-71.8677,-69.8472],[-71.8793,-69.909],[-71.8536,-69.9694],[-71.81,-70.0052],[-71.7286,-70.0537],[-71.6961,-70.0678],[-71.1205,-70.1964],[-71.0238,-70.2014],[-70.9263,-70.1924],[-70.7196,-70.1395],[-70.3277,-70.1597],[-70.2341,-70.1804],[-70.1179,-70.2342],[-69.883,-70.3052],[-69.6184,-70.398],[-69.6599,-70.4123],[-69.7021,-70.4148],[-69.9753,-70.3601],[-70.0905,-70.3507],[-70.3281,-70.3612],[-70.5621,-70.4041],[-71.0611,-70.5371],[-71.1901,-70.6596],[-71.1727,-70.713],[-71.0494,-70.7621],[-70.917,-70.7859],[-70.6607,-70.8179],[-70.2987,-70.8361],[-70.1963,-70.8506],[-70.094,-70.8826],[-69.993,-70.8971],[-69.9332,-70.8804],[-69.8758,-70.876],[-69.8304,-70.9137],[-69.8225,-70.9734],[-69.8229,-71.0337],[-69.8351,-71.0926],[-69.8698,-71.1257],[-69.9165,-71.1338],[-70.2677,-70.9648],[-70.3229,-70.9512],[-70.3807,-70.9464],[-70.7411,-70.9926],[-71.1941,-70.9848],[-71.3076,-71.0109],[-71.5045,-71.1116],[-71.7185,-71.1452],[-72.3564,-71.0748],[-72.7105,-71.0729],[-72.941,-71.1085],[-72.947,-71.0855],[-73.0324,-71.0279],[-73.2987,-70.9913],[-73.3179,-70.9617],[-73.2609,-70.8953],[-73.2893,-70.8495],[-73.5698,-70.7814],[-73.6593,-70.7843],[-73.6662,-70.7804],[-73.5504,-70.7235],[-73.7067,-70.6352],[-73.8795,-70.5782],[-73.9579,-70.5609],[-74.011,-70.5556],[-74.0101,-70.5509],[-73.9381,-70.5313],[-73.9121,-70.4721],[-73.7199,-70.3251],[-73.5038,-70.2981],[-73.2351,-70.2057],[-73.179,-70.1333],[-73.2115,-70.0871],[-73.1753,-70.0482],[-72.6835,-70.0073],[-72.6547,-69.9778],[-72.7106,-69.9177],[-72.5767,-69.8653],[-72.4851,-69.7911],[-72.5064,-69.7231],[-72.5508,-69.6818],[-72.5461,-69.6781],[-72.3446,-69.707],[-72.2021,-69.7401],[-71.9854,-69.6984],[-72.0319,-69.6707],[-71.7874,-69.6879]],[[-71.782,-70.3189],[-71.6847,-70.4423],[-71.5513,-70.4389],[-71.4378,-70.3915],[-71.3403,-70.3175],[-71.3549,-70.2978],[-71.4316,-70.2673],[-71.6478,-70.2954],[-71.695,-70.2651],[-71.7953,-70.2884],[-71.782,-70.3189]]]]}},{"type":"Feature","properties":{},"geometry":{"type":"MultiPolygon","coordinates":[[[[147.134,-68.07],[147.3174,-68.1389],[147.5829,-68.1058],[147.6092,-68.1173],[147.6069,-68.1478],[147.6697,-68.149],[147.7555,-68.1933],[147.9476,-68.2129],[148.0237,-68.2478],[147.9791,-68.2875],[147.8512,-68.2786],[147.7955,-68.3183],[147.7233,-68.3184],[147.7375,-68.3383],[148.6144,-68.3358],[148.738,-68.361],[148.6789,-68.4037],[148.6825,-68.4479],[148.4561,-68.467],[147.5685,-68.3751],[147.3538,-68.3842],[147.0936,-68.3686],[146.7977,-68.2737],[146.8781,-68.1912],[146.8965,-68.1203],[146.8525,-68.041],[146.8278,-67.9647],[146.801,-67.9543],[146.87,-67.9356],[147.0075,-67.9523],[147.0122,-67.98],[147.1216,-68.0405],[147.134,-68.07]]]]}},{"type":"Feature","properties":{},"geometry":{"type":"MultiPolygon","coordinates":[[[[-60.5984,-66.0992],[-60.5105,-66.1527],[-60.5098,-66.2602],[-60.466,-66.3431],[-60.4867,-66.3858],[-60.3586,-66.5016],[-60.4013,-66.5722],[-60.3971,-66.6441],[-60.2932,-66.6995],[-60.1065,-66.7345],[-60.0732,-66.7817],[-60.061,-66.8059],[-60.284,-66.9752],[-60.4041,-67.018],[-60.2898,-67.0298],[-60.2491,-67.0889],[-60.2468,-67.2704],[-60.3484,-67.4502],[-60.4537,-67.5069],[-60.7838,-67.5119],[-60.8924,-67.633],[-60.8913,-67.6925],[-60.8539,-67.7471],[-60.8175,-67.7363],[-60.734,-67.8228],[-60.5204,-67.8787],[-60.5538,-67.9647],[-60.4995,-68.0199],[-60.6287,-68.1409],[-60.6981,-68.282],[-60.6788,-68.3059],[-60.7157,-68.4321],[-60.6593,-68.4907],[-60.7927,-68.5627],[-60.6757,-68.6045],[-60.6286,-68.652],[-60.6587,-68.6741],[-60.7082,-68.6598],[-60.7477,-68.7045],[-60.7499,-68.7078],[-60.8136,-68.6877],[-60.9472,-68.6806],[-61.015,-68.7098],[-60.8941,-68.7589],[-60.8201,-68.7784],[-60.7978,-68.7813],[-60.8016,-68.7871],[-60.754,-68.8226],[-60.8421,-68.8453],[-60.7125,-68.9288],[-60.7757,-69.0258],[-61.0278,-69.099],[-61.4895,-69.3642],[-61.4872,-69.4289],[-61.1998,-69.6214],[-60.992,-69.6511],[-60.8719,-69.7076],[-60.8412,-69.7771],[-60.8992,-69.81],[-61.2934,-69.8505],[-61.2686,-69.8653],[-61.3272,-69.8564],[-61.3865,-69.8933],[-61.4044,-69.9325],[-61.3785,-69.9498],[-61.3087,-69.9779],[-61.1585,-69.9757],[-61.114,-69.9577],[-61.1054,-69.9628],[-61.0142,-69.9976],[-61.0201,-70.0758],[-61.0005,-70.104],[-60.952,-70.1154],[-60.6378,-70.3741],[-60.6415,-70.4062],[-60.5732,-70.4627],[-60.6014,-70.5069],[-60.603,-70.5101],[-60.8839,-70.5176],[-60.9418,-70.5325],[-60.9756,-70.5992],[-60.9581,-70.629],[-60.8965,-70.6897],[-60.8261,-70.7106],[-60.7407,-70.7106],[-60.6957,-70.6992],[-60.6988,-70.7056],[-60.6747,-70.7777],[-60.6918,-70.9084],[-60.6839,-70.9176],[-60.7828,-70.9141],[-60.8891,-70.9344],[-60.9465,-70.9674],[-60.9064,-71.0074],[-60.7898,-71.0411],[-60.6522,-71.0587],[-60.5675,-71.0539],[-60.5665,-71.055],[-60.5909,-71.0847],[-60.585,-71.1302],[-60.5466,-71.1461],[-60.4898,-71.2498],[-60.4019,-71.3102],[-60.5294,-71.3912],[-60.5045,-71.4225],[-60.5315,-71.4507],[-60.5122,-71.5025],[-60.4414,-71.5672],[-60.4494,-71.6358],[-60.2517,-71.7397],[-60.2625,-71.8272],[-60.2516,-71.8839],[-60.2957,-71.9313],[-60.2521,-71.989],[-60.3208,-72.0651],[-60.2788,-72.1355],[-60.1925,-72.1751],[-60.1306,-72.2516],[-60.1052,-72.2931],[-59.9359,-72.3227],[-59.8888,-72.378],[-59.7108,-72.4249],[-59.6725,-72.4703],[-59.7808,-72.6323],[-59.8959,-72.6632],[-59.9402,-72.742],[-59.925,-72.7947],[-60.0356,-72.8678],[-60.061,-72.9379],[-60.1487,-72.9379],[-60.2545,-73.0173],[-60.3847,-73.0073],[-60.5323,-72.8321],[-60.5323,-72.6733],[-60.7242,-72.6469],[-60.9392,-72.6997],[-61.2861,-72.6008],[-61.2798,-72.4683],[-61.0475,-72.4705],[-60.7303,-72.426],[-60.6646,-72.3625],[-60.6911,-72.2699],[-60.7043,-72.1442],[-60.7194,-72.0726],[-60.8333,-72.0515],[-60.9518,-72.0502],[-61.1075,-72.0915],[-61.3103,-72.1127],[-61.4927,-72.0727],[-61.628,-72.0527],[-61.8941,-72.071],[-62.2567,-72.0176],[-61.9389,-71.9036],[-61.6446,-71.8628],[-61.0351,-71.8201],[-60.9491,-71.7473],[-60.9954,-71.6613],[-61.0814,-71.5885],[-61.2136,-71.5641],[-61.5628,-71.6753],[-61.7255,-71.6726],[-61.9588,-71.6578],[-61.9096,-71.6309],[-61.7896,-71.616],[-61.516,-71.4791],[-61.3693,-71.4523],[-61.2373,-71.4006],[-61.1485,-71.3419],[-61.0031,-71.3193],[-60.9623,-71.2446],[-61.0173,-71.1669],[-61.2517,-71.0023],[-61.3129,-70.8676],[-61.5134,-70.8511],[-61.7022,-70.8567],[-61.9611,-70.9006],[-62.0405,-70.8014],[-61.9942,-70.7287],[-61.809,-70.7088],[-61.6965,-70.6757],[-61.6054,-70.6167],[-61.4915,-70.5699],[-61.5047,-70.4905],[-62.0008,-70.4971],[-62.2323,-70.4244],[-62.3778,-70.3649],[-62.3315,-70.2789],[-62.2179,-70.2332],[-62.014,-70.2789],[-61.9346,-70.1995],[-61.9611,-70.1201],[-62.2025,-70.028],[-62.4072,-69.8272],[-62.4506,-69.5843],[-62.5868,-69.4772],[-62.8398,-69.3718],[-62.9941,-69.3289],[-63.0944,-69.253],[-63.3015,-69.141],[-63.456,-69.0419],[-63.4783,-68.9512],[-63.3435,-68.8104],[-63.4428,-68.7641],[-63.747,-68.7046],[-63.7735,-68.6318],[-63.7073,-68.5921],[-63.3475,-68.4994],[-63.1148,-68.4706],[-62.9797,-68.4863],[-62.9333,-68.4426],[-63.0566,-68.4207],[-63.2166,-68.4189],[-63.7965,-68.4698],[-63.9245,-68.4976],[-64.1693,-68.5825],[-64.1569,-68.6869],[-64.0785,-68.7712],[-64.4289,-68.7461],[-64.8983,-68.6733],[-65.1584,-68.618],[-65.2416,-68.5833],[-65.1401,-68.4892],[-65.0546,-68.4493],[-64.9965,-68.4078],[-65.0897,-68.3702],[-65.3314,-68.3641],[-65.452,-68.3368],[-65.3652,-68.2875],[-64.896,-68.1684],[-64.8295,-68.1275],[-64.8535,-68.0831],[-64.8847,-68.0564],[-64.9589,-68.0675],[-65.2181,-68.1401],[-65.3875,-68.1504],[-65.5463,-68.1467],[-65.6395,-68.1306],[-65.5512,-68.0483],[-65.4695,-68.0094],[-65.5279,-67.93],[-65.6001,-67.8757],[-65.5893,-67.8163],[-65.5741,-67.7884],[-65.4181,-67.6596],[-65.4468,-67.6102],[-65.4708,-67.5879],[-65.5039,-67.5282],[-65.5234,-67.4446],[-65.5032,-67.3772],[-65.4432,-67.3262],[-65.3501,-67.311],[-65.2485,-67.342],[-65.0796,-67.3354],[-64.8193,-67.3074],[-64.8265,-67.2691],[-64.8583,-67.2428],[-65.0269,-67.214],[-64.9509,-67.1832],[-64.8388,-67.1561],[-64.7855,-67.1237],[-64.8541,-67.1048],[-64.8781,-67.0245],[-64.7934,-66.972],[-64.7354,-66.8942],[-64.6863,-66.8062],[-64.6069,-66.7996],[-64.554,-66.8518],[-64.401,-66.8533],[-64.0426,-66.9272],[-63.8396,-66.912],[-63.7548,-66.873],[-63.769,-66.8032],[-63.8088,-66.7609],[-64.0778,-66.6541],[-64.0151,-66.6066],[-63.9644,-66.5888],[-63.8804,-66.506],[-63.7557,-66.409],[-63.6544,-66.3829],[-63.6876,-66.3198],[-63.7525,-66.2778],[-63.5866,-66.2417],[-63.4486,-66.2438],[-63.2576,-66.2638],[-63.1795,-66.3525],[-62.9968,-66.4528],[-62.7048,-66.6801],[-62.6289,-66.7062],[-62.5366,-66.707],[-62.5432,-66.621],[-62.6551,-66.5561],[-62.6376,-66.5112],[-62.618,-66.4896],[-62.6154,-66.4358],[-62.6503,-66.3636],[-62.7548,-66.3101],[-62.6821,-66.2374],[-62.5829,-66.2175],[-62.4942,-66.2194],[-62.2413,-66.197],[-62.1165,-66.2089],[-61.8755,-66.2961],[-61.842,-66.4027],[-61.756,-66.4292],[-61.6965,-66.3432],[-61.6757,-66.2495],[-61.5262,-66.2257],[-61.4319,-66.1447],[-61.293,-66.1646],[-61.1498,-66.2117],[-61.1343,-66.2903],[-61.0284,-66.3366],[-60.9425,-66.2638],[-60.9028,-66.1911],[-61.0093,-66.1105],[-60.9557,-66.072],[-60.8565,-66.0654],[-60.744,-66.1051],[-60.6286,-66.0345],[-60.6149,-66.0416],[-60.5984,-66.0992]],[[-62.1719,-69.6366],[-62.0852,-69.7294],[-61.9976,-69.7219],[-61.9701,-69.6914],[-61.9078,-69.5876],[-61.9114,-69.5334],[-61.8072,-69.5147],[-61.7837,-69.4419],[-61.816,-69.3762],[-61.9784,-69.3004],[-62.1179,-69.2147],[-62.239,-69.1758],[-62.4422,-69.146],[-62.5159,-69.1546],[-62.5677,-69.1804],[-62.4963,-69.2882],[-62.2161,-69.4949],[-62.1719,-69.6366]]]]}},{"type":"Feature","properties":{},"geometry":{"type":"MultiPolygon","coordinates":[[[[-59.9912,-65.0661],[-59.7909,-65.0965],[-59.8416,-65.1264],[-59.6992,-65.201],[-59.727,-65.215],[-60.0027,-65.1619],[-60.0607,-65.1091],[-60.3379,-65.0668],[-60.4768,-65.0945],[-60.8509,-65.0814],[-60.9328,-65.0989],[-61.2325,-65.0097],[-61.2332,-65.0084],[-61.0599,-64.9813],[-60.9154,-64.9069],[-60.7156,-64.7679],[-60.7049,-64.78],[-60.6543,-64.8409],[-60.5605,-64.8922],[-60.3002,-64.9609],[-60.0899,-64.9664],[-60.0067,-65.0257],[-60.0218,-65.0467],[-59.9912,-65.0661]]]]}},{"type":"Feature","properties":{},"geometry":{"type":"MultiPolygon","coordinates":[[[[-60.8699,-65.9102],[-60.8271,-65.9323],[-60.9128,-65.9209],[-60.9882,-65.9402],[-61.0393,-65.992],[-61.1376,-65.9886],[-61.1982,-65.9745],[-61.2661,-65.98],[-61.3592,-66.0588],[-61.5747,-66.0715],[-61.6248,-66.0947],[-61.8391,-66.1196],[-62.0051,-66.1129],[-62.1691,-66.0314],[-62.2933,-65.9164],[-62.3051,-65.8405],[-62.2225,-65.7751],[-62.1506,-65.6988],[-61.9915,-65.5891],[-61.756,-65.5693],[-61.7742,-65.5481],[-61.701,-65.5447],[-61.6491,-65.5242],[-61.517,-65.5723],[-61.2753,-65.5993],[-61.2332,-65.6425],[-61.282,-65.656],[-61.2775,-65.7325],[-61.3043,-65.754],[-60.8699,-65.9102]]]]}},{"type":"Feature","properties":{},"geometry":{"type":"MultiPolygon","coordinates":[[[[-72.4301,-71.275],[-72.2117,-71.335],[-72.6216,-71.3884],[-72.8211,-71.3835],[-73.0198,-71.3686],[-73.3975,-71.3212],[-73.4059,-71.3216],[-73.4019,-71.3152],[-73.2829,-71.2725],[-73.2803,-71.2236],[-73.2406,-71.1894],[-73.1288,-71.1821],[-73.1014,-71.1552],[-73.0354,-71.1496],[-72.9946,-71.1865],[-72.9055,-71.2231],[-72.4301,-71.275]]]]}},{"type":"Feature","properties":{},"geometry":{"type":"MultiPolygon","coordinates":[[[[126.5135,-66.3732],[126.6823,-66.4042],[126.7328,-66.3933],[126.8235,-66.4425],[126.8522,-66.4508],[126.9551,-66.5097],[127.3696,-66.5762],[127.4333,-66.7135],[127.5947,-66.7543],[127.6768,-66.8271],[127.6379,-66.9214],[127.8153,-66.9321],[127.9113,-67.0263],[127.9131,-67.0309],[127.5411,-67.051],[127.3654,-66.9896],[126.8736,-66.7593],[126.6648,-66.4975],[126.4237,-66.4624],[126.0771,-66.3955],[125.8985,-66.3693],[125.95,-66.3028],[126.1852,-66.2458],[126.3746,-66.2507],[126.4453,-66.2729],[126.4233,-66.3074],[126.4364,-66.3542],[126.5135,-66.3732]]]]}},{"type":"Feature","properties":{},"geometry":{"type":"MultiPolygon","coordinates":[[[[-61.9946,-74.4758],[-61.64,-74.5135],[-61.4083,-74.512],[-61.4846,-74.5706],[-61.4287,-74.5908],[-61.4917,-74.6334],[-61.4612,-74.6919],[-61.6452,-74.8366],[-61.3873,-74.8914],[-61.0321,-74.9671],[-60.6634,-75.0455],[-60.2691,-75.1853],[-59.7504,-75.2833],[-59.14,-75.3986],[-58.5089,-75.5178],[-57.819,-75.6481],[-57.2654,-75.7527],[-56.6045,-75.8775],[-56.0492,-75.9824],[-55.4374,-76.0979],[-54.7892,-76.2203],[-54.3174,-76.3094],[-53.9094,-76.4481],[-53.3821,-76.6273],[-53.0042,-76.7557],[-52.7703,-76.8351],[-52.5762,-76.8682],[-52.3199,-76.8734],[-52.1067,-76.8778],[-52.0026,-76.8512],[-51.7392,-76.9387],[-51.5905,-77.0248],[-50.6944,-77.1783],[-50.7097,-77.0932],[-50.61,-77.0332],[-50.6147,-77.0065],[-50.406,-76.9884],[-50.2724,-77.0503],[-50.1051,-77.183],[-50.036,-77.2213],[-50.1208,-77.2563],[-50.4343,-77.2524],[-50.1041,-77.3883],[-50.0535,-77.4599],[-49.6795,-77.6151],[-48.8177,-77.7383],[-48.771,-77.7491],[-48.6567,-77.773],[-48.3097,-77.74],[-47.5347,-77.8171],[-47.5248,-77.8247],[-47.6921,-77.8401],[-49.0813,-78.0475],[-49.1437,-78.0939],[-49.3542,-78.2225],[-49.9398,-78.4622],[-50.1417,-78.5567],[-50.2196,-78.6052],[-50.2942,-78.696],[-50.3774,-78.7805],[-50.3354,-78.8183],[-50.242,-78.8333],[-50.2978,-78.8823],[-50.3798,-78.9229],[-50.5025,-78.9499],[-50.5137,-78.9798],[-50.5024,-79.0217],[-50.5203,-79.1044],[-50.5733,-79.1722],[-50.649,-79.2328],[-50.7331,-79.2828],[-50.4639,-79.3133],[-50.4196,-79.3213],[-50.3787,-79.3382],[-50.3314,-79.3815],[-50.2949,-79.4297],[-50.3393,-79.4795],[-50.4016,-79.5117],[-50.6644,-79.6267],[-51.1839,-79.8197],[-51.7114,-79.9899],[-52.2972,-80.1412],[-52.3381,-80.1261],[-52.3571,-80.0779],[-52.461,-80.0666],[-52.5668,-80.099],[-52.8072,-80.156],[-53.0535,-80.175],[-53.1764,-80.1609],[-53.3465,-80.1145],[-53.3939,-80.1088],[-53.4824,-80.189],[-53.6761,-80.2837],[-54.0449,-80.4875],[-54.1296,-80.5165],[-54.3472,-80.5694],[-54.3716,-80.6237],[-54.3508,-80.7603],[-54.2414,-80.847],[-54.2021,-80.8638],[-54.1626,-80.8701],[-49.7731,-80.7842],[-49.7013,-80.7533],[-49.6297,-80.7123],[-49.4105,-80.6669],[-49.1875,-80.6428],[-43.528,-80.1914],[-43.4894,-80.178],[-43.4538,-80.1551],[-43.4589,-80.123],[-43.49,-80.0955],[-43.7583,-80.0205],[-43.7423,-80.003],[-43.7037,-79.9902],[-43.6003,-79.9739],[-43.4958,-79.9693],[-43.2673,-79.9786],[-43.066,-79.8914],[-42.99,-79.8013],[-42.9447,-79.5791],[-42.9654,-79.4771],[-43.1187,-79.35],[-43.2106,-79.3],[-43.2672,-79.1631],[-43.3637,-79.0847],[-43.4507,-78.9896],[-43.5443,-78.9019],[-43.6274,-78.8461],[-43.7221,-78.8184],[-44.0412,-78.8067],[-44.5663,-78.8043],[-45.0916,-78.8143],[-45.2227,-78.8107],[-45.3524,-78.7912],[-45.2948,-78.7398],[-45.2131,-78.687],[-45.0679,-78.6615],[-43.9473,-78.5975],[-43.8523,-78.5299],[-43.7883,-78.4326],[-43.7767,-78.3851],[-43.7846,-78.3364],[-43.8086,-78.2865],[-43.8545,-78.2585],[-44.094,-78.1673],[-44.1017,-78.165],[-44.0984,-78.1645],[-43.6625,-78.1729],[-43.3379,-78.1791],[-42.9644,-78.1371],[-42.6655,-78.1036],[-42.4488,-78.1155],[-42.0524,-78.0911],[-41.8812,-78.0436],[-41.5228,-78.0236],[-41.4699,-78.0642],[-41.4034,-78.0265],[-41.2437,-78.0458],[-41.2157,-78.0236],[-41.0049,-78.001],[-40.6992,-78.0112],[-40.2767,-78.0964],[-39.8571,-78.1246],[-39.2189,-78.1677],[-39.1006,-78.1648],[-38.8546,-78.1496],[-38.1363,-78.195],[-38.1788,-78.1968],[-38.1326,-78.2136],[-37.4252,-78.2234],[-36.5407,-78.2356],[-36.0639,-78.2423],[-36.0277,-78.2245],[-35.9008,-78.1872],[-35.7603,-78.2008],[-36.1809,-78.4684],[-36.2656,-78.6155],[-36.2392,-78.7743],[-35.8901,-78.8435],[-35.516,-78.933],[-34.995,-78.9776],[-34.1974,-79.1103],[-32.9942,-79.2288],[-32.5419,-79.2222],[-31.4128,-79.1452],[-30.9852,-79.1279],[-30.6453,-79.1242],[-30.316,-79.1631],[-30.178,-79.3043],[-30.2113,-79.4853],[-30.0491,-79.5854],[-29.9493,-79.5991],[-25.2587,-79.7625],[-24.6705,-79.7746],[-24.5339,-79.7579],[-24.2999,-79.7708],[-24.0883,-79.8148],[-23.4069,-79.859],[-23.5744,-79.9648],[-24.0198,-80.009],[-24.2403,-80.0619],[-29.3291,-80.1721],[-29.5316,-80.1818],[-29.7974,-80.2234],[-30.4253,-80.2796],[-31.0155,-80.3081],[-31.3121,-80.4501],[-31.6343,-80.4446],[-32.2557,-80.4608],[-32.7062,-80.5139],[-33.0572,-80.5317],[-33.1914,-80.5187],[-33.3287,-80.5404],[-34.35,-80.6035],[-35.327,-80.6507],[-35.5206,-80.7457],[-35.7759,-80.8127],[-35.9658,-80.8909],[-36.234,-80.9205],[-36.4995,-80.9596],[-36.8124,-80.9747],[-37.2093,-81.0638],[-38.0109,-80.9543],[-38.7717,-80.8824],[-39.7623,-81.032],[-40.4409,-81.1651],[-40.9145,-81.1724],[-41.1259,-81.2148],[-41.4339,-81.2977],[-41.7116,-81.4077],[-42.0463,-81.5979],[-42.5646,-81.7616],[-43.1804,-82.0172],[-43.6693,-82.2701],[-44.0642,-82.3314],[-44.2918,-82.3178],[-44.4549,-82.3659],[-45.0438,-82.438],[-45.7886,-82.495],[-46.1753,-82.5117],[-46.5168,-82.4546],[-46.4483,-82.3398],[-46.1985,-82.2711],[-46.0464,-82.1587],[-46.1192,-82.0396],[-46.2581,-81.947],[-46.5667,-81.9792],[-47.0199,-82.0032],[-47.3603,-82.004],[-47.8869,-81.9252],[-48.3608,-81.8923],[-50.0293,-81.9677],[-50.6531,-81.9755],[-51.2097,-82.0153],[-51.7307,-82.0615],[-52.415,-82.1349],[-52.7989,-82.1536],[-53.3391,-82.1445],[-53.5576,-82.1694],[-53.7396,-82.1784],[-53.9861,-82.2006],[-54.6011,-82.3162],[-55.2947,-82.4648],[-55.8007,-82.4784],[-56.0751,-82.5702],[-56.3179,-82.6334],[-57.3536,-82.8403],[-57.5572,-82.8902],[-57.7978,-82.9586],[-58.29,-83.1207],[-59.516,-83.4584],[-59.8538,-83.4424],[-60.3971,-83.4407],[-60.9832,-83.4275],[-61.4253,-83.3956],[-61.5899,-83.3412],[-61.5306,-83.2794],[-61.4363,-83.2324],[-61.3033,-83.1842],[-61.2004,-83.0979],[-61.2184,-82.9918],[-61.3129,-82.9392],[-61.709,-83.01],[-61.917,-82.9767],[-62.1287,-82.8223],[-62.4656,-82.7182],[-62.631,-82.6207],[-62.7357,-82.5273],[-62.553,-82.5033],[-62.0946,-82.4666],[-60.8172,-82.2758],[-60.5277,-82.1999],[-60.6871,-82.1886],[-60.8591,-82.1868],[-61.9017,-82.2711],[-62.6453,-82.263],[-63.4664,-82.3069],[-63.7729,-82.3043],[-64.3966,-82.3745],[-64.9196,-82.3705],[-65.1702,-82.3182],[-65.4245,-82.2804],[-65.572,-82.2944],[-65.714,-82.2792],[-65.9132,-82.1832],[-65.7867,-82.0455],[-65.8439,-81.9933],[-65.9531,-81.971],[-66.1339,-81.9534],[-66.0423,-81.9139],[-65.9162,-81.9022],[-64.7061,-81.8875],[-64.1372,-81.8693],[-64.1902,-81.7949],[-64.8106,-81.8027],[-65.2638,-81.7857],[-65.4867,-81.775],[-65.6197,-81.7293],[-65.0216,-81.6965],[-64.6961,-81.6523],[-64.4757,-81.6717],[-64.2327,-81.6597],[-63.7687,-81.6761],[-63.554,-81.6672],[-62.9459,-81.684],[-62.5419,-81.6783],[-62.1654,-81.6362],[-62.3537,-81.5766],[-62.4903,-81.5568],[-63.4778,-81.5532],[-64.7502,-81.5217],[-65.5737,-81.4605],[-67.9654,-81.1483],[-68.1438,-81.1304],[-68.2846,-81.0739],[-68.3266,-81.004],[-68.5899,-80.968],[-69.1816,-81.0049],[-69.634,-80.9659],[-69.7723,-80.9615],[-70.0125,-80.9177],[-70.2391,-80.8566],[-70.3925,-80.7355],[-70.5601,-80.6466],[-70.6879,-80.6263],[-71.0177,-80.619],[-71.2307,-80.6468],[-71.3801,-80.6823],[-72.1736,-80.7639],[-72.5532,-80.8531],[-73.0295,-80.9173],[-73.3834,-80.8936],[-73.9379,-80.8159],[-74.5112,-80.838],[-74.8066,-80.8865],[-75.0756,-80.86],[-75.2366,-80.8027],[-75.3446,-80.7189],[-75.4945,-80.6175],[-75.555,-80.5309],[-75.709,-80.3827],[-75.8224,-80.3382],[-75.9856,-80.295],[-76.2596,-80.16],[-76.4073,-80.0949],[-76.7572,-80.1312],[-77.1605,-80.1529],[-78.1761,-80.1668],[-78.9072,-80.0897],[-79.6604,-79.9969],[-78.6923,-79.9954],[-77.7019,-80.0095],[-77.2223,-79.9941],[-76.904,-79.9553],[-76.5579,-79.9035],[-76.344,-79.8209],[-76.0316,-79.6271],[-76.1052,-79.4651],[-76.2177,-79.3872],[-76.4991,-79.3256],[-79.4557,-79.3044],[-80.1512,-79.2681],[-80.4158,-79.2945],[-80.4885,-79.321],[-80.4788,-79.4262],[-80.5348,-79.5128],[-80.7048,-79.5172],[-80.892,-79.5018],[-81.1632,-79.4004],[-81.2222,-79.2979],[-81.503,-79.1629],[-81.6609,-79.0998],[-82.5892,-78.9163],[-82.9708,-78.8167],[-83.2601,-78.7743],[-83.5952,-78.6111],[-83.6967,-78.5373],[-83.7628,-78.4611],[-83.7059,-78.4042],[-83.5445,-78.3553],[-83.355,-78.4076],[-83.227,-78.4016],[-83.2459,-78.357],[-83.5083,-78.2481],[-83.6878,-78.148],[-83.7521,-78.0663],[-83.779,-77.9836],[-83.4121,-78.1147],[-83.0825,-78.2466],[-82.6085,-78.4124],[-81.9293,-78.5591],[-80.8164,-78.7543],[-80.2923,-78.8227],[-79.7666,-78.8207],[-78.7117,-78.7521],[-77.8692,-78.7455],[-77.5451,-78.6595],[-77.4524,-78.5603],[-77.4326,-78.4346],[-77.6648,-78.4015],[-77.8581,-78.3509],[-79.5097,-78.1544],[-81.441,-77.8856],[-81.581,-77.846],[-81.1032,-77.8418],[-80.8885,-77.7976],[-80.6016,-77.752],[-80.1041,-77.7965],[-79.679,-77.8425],[-77.7422,-77.9403],[-76.4379,-78.0442],[-75.3985,-78.1579],[-74.8121,-78.1778],[-74.0422,-78.1094],[-73.485,-77.9708],[-73.2516,-77.8942],[-72.8752,-77.6938],[-72.852,-77.5903],[-73.4783,-77.5356],[-74.5806,-77.4781],[-75.3869,-77.4742],[-75.7482,-77.3985],[-75.9373,-77.3345],[-76.2486,-77.2749],[-76.8236,-76.9934],[-77.168,-76.8339],[-77.2871,-76.7016],[-77.19,-76.6298],[-76.2442,-76.5854],[-75.9629,-76.5921],[-75.8314,-76.6082],[-75.6593,-76.6082],[-75.4435,-76.5867],[-75.2684,-76.5814],[-73.8798,-76.6968],[-73.4718,-76.6755],[-72.7223,-76.689],[-71.7987,-76.7528],[-70.895,-76.7393],[-70.5508,-76.7181],[-70.2102,-76.6741],[-70.0956,-76.6545],[-69.9153,-76.5219],[-69.3044,-76.3507],[-67.5182,-76.1097],[-66.3705,-76.0134],[-65.9657,-75.9517],[-65.3218,-75.8152],[-65.0444,-75.7875],[-64.7783,-75.7382],[-64.0527,-75.5796],[-63.3634,-75.4515],[-63.2576,-75.3986],[-63.3039,-75.3522],[-63.4749,-75.3363],[-63.6785,-75.328],[-63.9725,-75.3294],[-64.2796,-75.2929],[-63.8575,-75.2062],[-63.5514,-75.1715],[-63.2311,-75.1538],[-63.1732,-75.1147],[-63.3369,-75.0347],[-63.571,-75.0303],[-63.9247,-75.0045],[-63.7509,-74.9524],[-63.5588,-74.9057],[-63.357,-74.8783],[-63.198,-74.9091],[-63.1253,-74.8495],[-63.1679,-74.7646],[-63.1782,-74.6842],[-63.0723,-74.6776],[-62.8871,-74.6908],[-62.7085,-74.7371],[-62.5668,-74.8958],[-62.3725,-74.9521],[-62.1378,-74.9264],[-61.928,-74.8628],[-61.8553,-74.7768],[-61.8944,-74.7131],[-62.1328,-74.55],[-62.2257,-74.5056],[-62.2353,-74.4413],[-62.0889,-74.4528],[-61.9946,-74.4758]],[[-69.9719,-78.8094],[-70.544,-78.8837],[-70.6259,-78.9016],[-71.2545,-79.0597],[-71.454,-79.1289],[-71.6675,-79.2457],[-71.7836,-79.4443],[-71.7778,-79.5006],[-71.7352,-79.5386],[-71.6867,-79.5681],[-71.5258,-79.6237],[-71.414,-79.6403],[-70.9838,-79.6744],[-70.5526,-79.683],[-70.3341,-79.6798],[-70.1164,-79.666],[-69.7318,-79.6183],[-69.6345,-79.5175],[-69.6865,-79.4434],[-69.3944,-79.2798],[-69.2509,-79.2103],[-68.638,-79.0132],[-68.157,-78.8708],[-67.481,-78.6824],[-67.1664,-78.5696],[-67.0462,-78.5141],[-66.7871,-78.4217],[-66.7281,-78.3837],[-66.8402,-78.3497],[-67.0382,-78.3157],[-67.4785,-78.3625],[-69.3983,-78.6862],[-69.7477,-78.7691],[-69.9719,-78.8094]],[[-68.1615,-79.4785],[-67.4344,-79.5011],[-67.262,-79.4527],[-67.3049,-79.3941],[-67.2395,-79.3276],[-67.173,-79.3115],[-67.0687,-79.2685],[-67.4745,-79.2229],[-67.7142,-79.214],[-68.0326,-79.2272],[-68.233,-79.2849],[-68.3244,-79.2983],[-68.4223,-79.3332],[-68.549,-79.4374],[-68.4081,-79.4639],[-68.1615,-79.4785]],[[-67.7192,-79.6203],[-67.0773,-79.7618],[-66.9937,-79.7933],[-66.9624,-79.8727],[-66.9042,-79.9089],[-66.4104,-79.9733],[-66.3669,-80.0543],[-66.3195,-80.0751],[-66.2672,-80.0815],[-66.1737,-80.0778],[-65.9894,-80.054],[-65.899,-80.0405],[-65.5045,-79.9543],[-65.5396,-79.8369],[-65.5793,-79.7708],[-65.8703,-79.7377],[-66.0142,-79.6244],[-66.2738,-79.612],[-66.7852,-79.608],[-66.8813,-79.5823],[-66.979,-79.5687],[-67.4383,-79.5604],[-67.688,-79.5284],[-67.8088,-79.5459],[-67.7708,-79.5894],[-67.7192,-79.6203]],[[-61.7169,-80.0693],[-61.6944,-80.1344],[-61.5975,-80.2059],[-61.4848,-80.2438],[-61.194,-80.2567],[-61.3129,-80.3066],[-61.6333,-80.3441],[-62.2319,-80.3687],[-62.5188,-80.3733],[-65.9801,-80.3845],[-66.1155,-80.3612],[-66.1677,-80.3462],[-66.2174,-80.2582],[-66.2958,-80.2347],[-66.377,-80.2223],[-66.4827,-80.2245],[-66.5884,-80.2386],[-66.6811,-80.2605],[-66.7712,-80.2939],[-66.7336,-80.3186],[-66.5915,-80.3576],[-66.1838,-80.442],[-65.2029,-80.6074],[-64.2683,-80.7485],[-64.22,-80.734],[-64.1265,-80.6678],[-64.065,-80.6504],[-63.715,-80.6169],[-63.144,-80.5948],[-63.0676,-80.6275],[-62.9861,-80.7346],[-62.9404,-80.7659],[-62.6705,-80.8342],[-62.0234,-80.889],[-60.5828,-80.9482],[-60.2682,-80.8814],[-60.1247,-80.8407],[-59.9264,-80.7743],[-59.8255,-80.7333],[-59.7714,-80.6565],[-59.7737,-80.5581],[-59.7339,-80.3441],[-59.6833,-80.3153],[-59.6124,-80.2555],[-59.5301,-80.208],[-59.4266,-80.1977],[-59.3217,-80.1962],[-59.4078,-80.1509],[-59.4982,-80.1151],[-59.7878,-80.101],[-59.7857,-80.0011],[-59.7524,-79.938],[-59.7064,-79.8753],[-59.8733,-79.7769],[-60.5789,-79.741],[-61.0263,-79.8089],[-61.115,-79.8622],[-61.3431,-79.8868],[-61.3462,-79.9506],[-61.2463,-79.9783],[-61.3024,-79.9958],[-61.6842,-80.0198],[-61.7169,-80.0693]],[[-30.029,-79.9362],[-29.8001,-79.9259],[-29.7208,-79.9299],[-29.6144,-79.9096],[-29.8709,-79.8232],[-30.6602,-79.7331],[-30.7799,-79.6473],[-30.8615,-79.7259],[-30.8408,-79.7713],[-30.9851,-79.8184],[-31.1188,-79.7984],[-31.6049,-79.6447],[-31.6805,-79.6343],[-32.0003,-79.7324],[-31.8241,-79.8495],[-31.5943,-79.8877],[-30.8444,-79.9384],[-30.4221,-80.0109],[-30.029,-79.9362]],[[-32.3425,-79.6736],[-32.0012,-79.6071],[-31.9568,-79.6038],[-31.9335,-79.5679],[-32.15,-79.5299],[-32.3766,-79.5346],[-32.5009,-79.5923],[-32.5833,-79.6583],[-32.5149,-79.6828],[-32.3425,-79.6736]],[[-33.9947,-79.2785],[-34.3915,-79.2229],[-35.5347,-79.09],[-35.5973,-79.0919],[-35.7903,-79.1489],[-36.0481,-79.1812],[-36.2378,-79.1957],[-36.566,-79.2088],[-36.6008,-79.2827],[-36.4813,-79.294],[-34.05,-79.3572],[-33.9342,-79.3204],[-33.9472,-79.3054],[-33.9947,-79.2785]]]]}},{"type":"Feature","properties":{},"geometry":{"type":"MultiPolygon","coordinates":[[[[155.1576,-68.8724],[155.1463,-68.8893],[154.9874,-68.8413],[154.866,-68.7744],[154.6376,-68.6639],[154.7691,-68.6208],[154.8754,-68.629],[154.9905,-68.7194],[155.1385,-68.7615],[155.1661,-68.8119],[155.2061,-68.8286],[155.1576,-68.8724]]]]}},{"type":"Feature","properties":{},"geometry":{"type":"MultiPolygon","coordinates":[[[[124.8849,-66.5311],[124.8787,-66.5796],[124.7917,-66.6251],[124.6917,-66.6384],[124.7928,-66.6559],[124.8133,-66.6951],[124.5977,-66.7082],[124.3705,-66.6522],[124.1961,-66.6007],[123.9801,-66.6077],[123.992,-66.5925],[124.0453,-66.5427],[124.3388,-66.5151],[124.5029,-66.551],[124.8417,-66.5056],[124.8849,-66.5311]]]]}},{"type":"Feature","properties":{},"geometry":{"type":"MultiPolygon","coordinates":[[[[-80.3798,-73.3081],[-80.3364,-73.4142],[-80.5591,-73.3563],[-80.4121,-73.2626],[-80.3798,-73.3081]]]]}},{"type":"Feature","properties":{},"geometry":{"type":"MultiPolygon","coordinates":[[[[-69.0081,-70.0336],[-68.428,-70.0854],[-68.3406,-70.0718],[-68.1257,-70.2499],[-67.8885,-70.4217],[-67.6922,-70.6862],[-67.5984,-70.8446],[-67.5046,-71.0578],[-67.53,-71.2845],[-67.4604,-71.5267],[-67.1958,-71.719],[-67.0842,-71.8122],[-66.9517,-71.8973],[-66.8278,-72.0904],[-67.0796,-72.3876],[-67.3067,-72.6112],[-67.6671,-72.8346],[-68.0004,-72.9355],[-68.821,-73.1055],[-69.2822,-73.1696],[-69.9686,-73.2265],[-70.3227,-73.274],[-71.0172,-73.2628],[-71.4527,-73.3545],[-71.6976,-73.353],[-71.9942,-73.3792],[-72.3808,-73.4384],[-72.6874,-73.4524],[-72.9292,-73.448],[-73.9961,-73.6998],[-74.1973,-73.6955],[-74.3453,-73.6839],[-74.594,-73.7152],[-74.8555,-73.658],[-75.0436,-73.6451],[-75.2931,-73.6388],[-75.595,-73.7112],[-75.9162,-73.7364],[-76.2912,-73.8054],[-76.755,-73.7894],[-76.8875,-73.8205],[-77.049,-73.8441],[-77.135,-73.8177],[-77.033,-73.7185],[-76.7645,-73.5663],[-76.8505,-73.4605],[-77.1356,-73.4958],[-77.4441,-73.488],[-77.8457,-73.515],[-78.1442,-73.5471],[-78.4079,-73.5558],[-78.7862,-73.5068],[-78.9106,-73.3706],[-78.7434,-73.3831],[-78.3604,-73.3997],[-78.1473,-73.3614],[-78.2655,-73.312],[-78.2604,-73.2704],[-78.3258,-73.2144],[-78.054,-73.1311],[-77.8478,-73.1423],[-77.8087,-73.1701],[-77.8375,-73.1742],[-77.6994,-73.1989],[-77.5829,-73.2587],[-77.6247,-73.3026],[-77.5741,-73.3189],[-77.3964,-73.2916],[-77.4083,-73.2763],[-77.3278,-73.2559],[-77.3568,-73.2394],[-77.3215,-73.2128],[-77.4801,-73.1782],[-77.3839,-73.158],[-77.4582,-73.0924],[-77.3789,-73.0571],[-77.4038,-73.0392],[-77.367,-72.9933],[-77.3869,-72.9868],[-78.3813,-72.9933],[-78.6155,-73.0804],[-78.8258,-73.1171],[-78.9877,-73.0938],[-79.1951,-73.0159],[-79.3393,-72.9225],[-79.2867,-72.8718],[-78.7304,-72.7793],[-78.6639,-72.7277],[-78.7485,-72.6343],[-78.9319,-72.5362],[-79.2638,-72.475],[-79.2796,-72.45],[-79.1905,-72.3463],[-78.956,-72.2993],[-78.647,-72.3239],[-78.5046,-72.3857],[-78.4654,-72.4572],[-78.4228,-72.4786],[-78.1265,-72.5113],[-77.9344,-72.4882],[-77.6286,-72.3981],[-77.4699,-72.4145],[-77.3262,-72.478],[-77.3153,-72.5089],[-77.3444,-72.5611],[-77.3279,-72.5762],[-77.1419,-72.6055],[-76.7109,-72.5712],[-76.597,-72.5303],[-76.5008,-72.5278],[-76.4322,-72.5709],[-76.4275,-72.6645],[-76.0633,-72.7357],[-76.0585,-72.7658],[-76.0116,-72.7876],[-75.7324,-72.8843],[-75.7257,-72.8852],[-75.7018,-72.9111],[-75.6003,-72.9526],[-75.4395,-72.9942],[-75.2439,-73.0093],[-75.2763,-73.0504],[-75.4173,-73.0515],[-75.4676,-73.1011],[-75.5059,-73.1089],[-75.7747,-73.0543],[-75.8977,-73.0564],[-76.0177,-73.0855],[-76.0625,-73.1088],[-76.0964,-73.1505],[-76.0905,-73.2028],[-76.0531,-73.2546],[-76.0032,-73.288],[-75.9008,-73.3326],[-74.5747,-73.6114],[-74.4521,-73.5654],[-74.3662,-73.4643],[-74.4672,-73.4271],[-74.5507,-73.3691],[-74.5755,-73.3278],[-74.6154,-73.3114],[-74.6677,-73.2753],[-74.5225,-73.2439],[-74.499,-73.2292],[-74.3545,-73.0984],[-74.3165,-73.0689],[-74.2369,-73.1022],[-73.8872,-73.1199],[-73.8569,-73.1255],[-74.0488,-73.2202],[-74.0845,-73.2493],[-74.1345,-73.2767],[-74.1467,-73.3155],[-74.0383,-73.3655],[-73.9749,-73.376],[-73.8785,-73.3568],[-73.7214,-73.2962],[-73.6823,-73.225],[-73.5575,-73.1348],[-73.5225,-73.1291],[-73.256,-73.0838],[-73.194,-73.0348],[-72.9747,-73.142],[-72.9131,-73.118],[-72.649,-73.1471],[-72.3575,-73.1081],[-72.2163,-73.1326],[-72.1514,-73.0934],[-72.1588,-73.0609],[-72.1142,-73.0061],[-72.1445,-72.9658],[-72.3971,-72.913],[-72.3412,-72.8829],[-72.4129,-72.7971],[-72.4135,-72.7384],[-72.3306,-72.7092],[-72.3634,-72.6713],[-72.3643,-72.6695],[-71.8462,-72.6394],[-71.1586,-72.6269],[-70.923,-72.6131],[-70.7314,-72.623],[-70.5435,-72.6645],[-70.0631,-72.6262],[-69.2093,-72.5342],[-69.1493,-72.4265],[-68.64,-72.2098],[-68.5426,-72.1576],[-68.4608,-72.0853],[-68.3939,-71.9751],[-68.241,-71.8221],[-68.2278,-71.7252],[-68.2524,-71.3135],[-68.278,-71.0971],[-68.314,-70.9117],[-68.336,-70.8561],[-68.4508,-70.8178],[-68.4595,-70.6829],[-68.5535,-70.5815],[-68.7306,-70.4081],[-69.0913,-70.0903],[-69.1045,-70.0735],[-69.0879,-70.0669],[-69.0081,-70.0336]]]]}},{"type":"Feature","properties":{},"geometry":{"type":"MultiPolygon","coordinates":[[[[153.1378,-68.2912],[153.451,-68.4015],[153.5216,-68.3989],[153.6196,-68.3509],[153.6833,-68.3782],[153.7899,-68.4497],[153.7924,-68.4933],[153.7669,-68.6407],[153.7053,-68.7289],[153.4956,-68.7643],[153.3399,-68.818],[153.0818,-68.8568],[152.8141,-68.7677],[152.5454,-68.7296],[152.2653,-68.7256],[151.5622,-68.6936],[151.4475,-68.7642],[151.2888,-68.8171],[151.1388,-68.7642],[151.1259,-68.6616],[151.2539,-68.6284],[151.8162,-68.6137],[151.8703,-68.582],[151.9015,-68.5176],[151.9873,-68.4826],[151.9996,-68.4622],[151.9713,-68.4415],[151.9525,-68.3813],[151.9921,-68.3743],[152.8743,-68.3314],[153.1378,-68.2912]]]]}},{"type":"Feature","properties":{},"geometry":{"type":"MultiPolygon","coordinates":[[[[-73.4272,-71.5589],[-73.479,-71.5787],[-73.5454,-71.5731],[-73.7243,-71.517],[-73.9371,-71.4382],[-74.0262,-71.4145],[-73.8511,-71.3999],[-73.656,-71.3508],[-73.6069,-71.3596],[-73.6171,-71.3966],[-73.5922,-71.4481],[-73.3802,-71.5279],[-73.4272,-71.5589]]]]}},{"type":"Feature","properties":{},"geometry":{"type":"MultiPolygon","coordinates":[[[[134.6704,-65.9994],[134.8381,-66.0947],[134.9362,-66.1004],[134.9938,-66.0751],[135.3399,-66.1016],[135.5241,-66.1566],[135.7638,-66.1432],[135.7988,-66.1893],[136.0281,-66.2504],[136.0413,-66.2711],[136.0094,-66.2668],[135.5548,-66.18],[135.3519,-66.1271],[134.9714,-66.3302],[134.7696,-66.3533],[134.3981,-66.4799],[134.2895,-66.4767],[134.2318,-66.3476],[134.1789,-66.2771],[134.0638,-66.2393],[134.1215,-66.2251],[134.2021,-66.2105],[134.3608,-66.1193],[134.5155,-66.0863],[134.5027,-66.0543],[134.5608,-66.0588],[134.6235,-65.9957],[134.6704,-65.9994]]]]}},{"type":"Feature","properties":{},"geometry":{"type":"MultiPolygon","coordinates":[[[[129.4014,-66.8611],[129.2368,-67.0416],[128.9824,-67.0983],[128.8164,-67.0803],[128.6278,-67.1072],[128.4304,-67.1192],[128.0632,-67.0467],[128.0819,-67.0251],[128.4314,-67.0294],[128.7168,-66.99],[128.7109,-67.0205],[128.7544,-67.0348],[128.8036,-67.0304],[128.9032,-66.9681],[129.1559,-66.9365],[129.3922,-66.8587],[129.4014,-66.8611]]]]}},{"type":"Feature","properties":{},"geometry":{"type":"MultiPolygon","coordinates":[[[[-71.8162,-71.8219],[-71.5745,-71.8506],[-71.4647,-71.8379],[-71.355,-71.8364],[-70.821,-71.9065],[-70.8447,-71.9458],[-70.8911,-71.9874],[-71.0344,-72.0346],[-71.1067,-72.0471],[-71.8976,-72.1208],[-71.8922,-72.1529],[-71.6615,-72.2499],[-71.4126,-72.2845],[-71.1778,-72.2641],[-70.9452,-72.2291],[-70.6414,-72.1696],[-70.5332,-72.1633],[-70.4242,-72.1678],[-70.3142,-72.191],[-70.206,-72.2278],[-70.4277,-72.3226],[-70.6712,-72.3564],[-70.8726,-72.3664],[-71.6054,-72.3589],[-72.135,-72.3313],[-72.3761,-72.2963],[-72.6182,-72.2751],[-72.6638,-72.2772],[-72.6712,-72.2705],[-72.9687,-72.2391],[-73.0132,-72.2194],[-73.0808,-72.1308],[-73.2773,-72.0698],[-73.6172,-72.0511],[-73.5371,-72.0223],[-73.5723,-71.9809],[-73.6906,-71.9294],[-73.8299,-71.8702],[-73.776,-71.8489],[-73.6329,-71.8349],[-73.41,-71.8531],[-73.1667,-71.9046],[-72.9721,-71.9237],[-72.9277,-71.9217],[-72.4122,-71.6623],[-72.3366,-71.6323],[-72.2591,-71.6412],[-72.046,-71.7396],[-71.8162,-71.8219]]]]}},{"type":"Feature","properties":{},"geometry":{"type":"MultiPolygon","coordinates":[[[[163.7353,-74.5638],[163.9359,-74.5673],[164.174,-74.5233],[164.4107,-74.5334],[164.4994,-74.5445],[164.4969,-74.567],[164.5752,-74.6993],[164.2419,-74.6268],[164.2084,-74.6077],[164.0023,-74.6289],[163.7416,-74.7116],[163.7372,-74.7338],[163.7633,-74.8028],[163.8446,-74.8327],[163.9479,-74.8327],[163.9558,-74.8654],[163.9249,-74.8856],[163.743,-74.8807],[163.7261,-74.9053],[163.6764,-75.0284],[163.5866,-75.0751],[163.6136,-75.0933],[163.5503,-75.119],[163.3427,-75.0919],[163.3829,-75.1182],[163.2802,-75.1756],[163.0966,-75.19],[163.067,-75.1709],[163.0706,-75.1393],[163.1877,-75.048],[163.0946,-75.0064],[163.1223,-75.0452],[162.7592,-75.1029],[162.9084,-75.1789],[162.7017,-75.1517],[162.6544,-75.1657],[162.5088,-75.1812],[162.5336,-75.1671],[162.604,-74.8231],[162.752,-74.7362],[162.9612,-74.6561],[163.1673,-74.602],[163.2655,-74.4263],[163.3978,-74.3821],[163.5565,-74.4174],[163.7353,-74.5638]]]]}},{"type":"Feature","properties":{},"geometry":{"type":"MultiPolygon","coordinates":[[[[38.2346,-69.8458],[38.3879,-69.9136],[38.5264,-69.8262],[38.6187,-69.8173],[38.7986,-69.858],[38.7301,-69.9714],[38.7539,-70.0245],[38.8151,-70.0543],[38.9025,-70.0819],[38.9116,-70.0979],[38.8855,-70.1719],[38.4993,-70.0561],[38.1443,-69.8243],[37.9998,-69.7844],[38.0878,-69.7629],[38.2439,-69.7708],[38.2714,-69.7746],[38.2272,-69.8216],[38.2346,-69.8458]]]]}},{"type":"Feature","properties":{},"geometry":{"type":"MultiPolygon","coordinates":[[[[-149.0459,-76.458],[-148.6011,-76.4933],[-147.3404,-76.4384],[-146.7767,-76.507],[-146.1665,-76.6576],[-145.7505,-76.7491],[-145.6757,-76.7967],[-145.6857,-76.8845],[-145.6293,-76.9538],[-145.8064,-77.0121],[-145.934,-77.029],[-145.967,-77.0688],[-145.8643,-77.0942],[-145.7531,-77.1033],[-145.5632,-77.1617],[-145.5158,-77.1993],[-145.6346,-77.2213],[-145.808,-77.2733],[-145.7943,-77.33],[-145.7139,-77.3384],[-145.6497,-77.3984],[-145.6007,-77.4553],[-145.6772,-77.4881],[-146.0736,-77.4867],[-146.3907,-77.4725],[-146.9276,-77.2598],[-147.2073,-77.2859],[-147.4423,-77.3207],[-147.5664,-77.3253],[-147.7303,-77.3098],[-148.1964,-77.2113],[-148.5725,-77.1051],[-148.7775,-77.125],[-148.839,-77.2024],[-148.8436,-77.2837],[-148.7444,-77.3432],[-148.5593,-77.3614],[-148.2599,-77.4126],[-148.1557,-77.4623],[-148.34,-77.5512],[-149.126,-77.6427],[-149.474,-77.7148],[-149.5885,-77.7743],[-149.7177,-77.7975],[-150.0844,-77.771],[-150.3056,-77.7314],[-150.9564,-77.5735],[-151.719,-77.4259],[-151.9984,-77.4126],[-153.077,-77.4425],[-153.4606,-77.416],[-153.5731,-77.3631],[-153.6061,-77.3102],[-153.7126,-77.2742],[-153.91,-77.227],[-154.815,-77.1269],[-154.9133,-77.1244],[-154.8944,-77.1027],[-154.6959,-77.0661],[-154.5247,-77.0886],[-154.3867,-77.0853],[-154.2709,-77.0787],[-154.0997,-77.0845],[-153.8253,-77.0802],[-153.4537,-77.1196],[-153.4972,-77.1307],[-153.4514,-77.1384],[-153.4972,-77.157],[-153.4227,-77.2019],[-153.2287,-77.2216],[-153.123,-77.205],[-152.9586,-77.1922],[-152.9748,-77.179],[-152.9194,-77.1684],[-152.455,-77.193],[-152.4162,-77.2077],[-152.4803,-77.2207],[-152.5357,-77.2274],[-152.5372,-77.2613],[-152.3556,-77.2645],[-152.3056,-77.2471],[-152.2714,-77.202],[-152.1593,-77.1606],[-151.9802,-77.1556],[-151.8197,-77.1983],[-151.8091,-77.2143],[-151.8467,-77.2393],[-151.7369,-77.2274],[-151.5119,-77.2767],[-151.4895,-77.2764],[-151.3445,-77.2963],[-150.4749,-77.3737],[-150.3971,-77.3692],[-150.3563,-77.349],[-150.4991,-77.3351],[-151.0216,-77.22],[-151.1244,-77.2234],[-151.1308,-77.2163],[-151.3292,-77.1985],[-151.3764,-77.1699],[-151.5551,-77.1432],[-151.7805,-77.1087],[-151.8266,-77.0955],[-151.6845,-77.0358],[-151.7106,-77.0106],[-151.6016,-76.9792],[-151.619,-76.9586],[-151.7215,-76.9629],[-151.7007,-76.9393],[-151.134,-76.9381],[-150.865,-77.0029],[-150.8012,-76.989],[-150.7728,-76.9884],[-150.7358,-77.0043],[-150.4618,-77.0757],[-149.8564,-77.0994],[-149.8169,-77.1142],[-149.7287,-77.1285],[-149.2935,-77.1366],[-149.2307,-77.1205],[-149.2884,-77.0931],[-149.4165,-77.0789],[-149.4418,-77.0493],[-149.5058,-77.0017],[-149.7426,-76.927],[-149.7899,-76.8892],[-149.8706,-76.875],[-150.0674,-76.8839],[-150.0694,-76.8788],[-150.2953,-76.8608],[-150.4031,-76.8132],[-150.4311,-76.7868],[-150.4292,-76.7823],[-150.2326,-76.7764],[-150.0848,-76.7351],[-150.1036,-76.7188],[-150.1774,-76.6913],[-150.3932,-76.6987],[-150.3907,-76.6928],[-150.0002,-76.5818],[-150.0532,-76.5687],[-150.0172,-76.5359],[-150.4953,-76.5693],[-150.5757,-76.5332],[-150.5131,-76.5007],[-149.6398,-76.429],[-149.576,-76.3786],[-149.3397,-76.419],[-149.0459,-76.458]],[[-147.1353,-76.5316],[-147.2786,-76.5526],[-147.3553,-76.6188],[-147.2214,-76.6709],[-146.9078,-76.714],[-146.7901,-76.6331],[-146.8779,-76.5632],[-146.9475,-76.555],[-147.1353,-76.5316]],[[-147.7697,-76.5769],[-147.8997,-76.558],[-148.0011,-76.5772],[-147.9543,-76.5971],[-147.7297,-76.6535],[-147.5789,-76.6628],[-147.5883,-76.6498],[-147.6491,-76.6109],[-147.7697,-76.5769]],[[-149.2385,-76.8178],[-148.9839,-76.8453],[-148.8146,-76.8407],[-148.6695,-76.8021],[-148.371,-76.795],[-148.3208,-76.7717],[-148.3842,-76.7444],[-148.6626,-76.7205],[-148.9279,-76.73],[-149.3333,-76.7174],[-149.469,-76.7571],[-149.2385,-76.8178]],[[-147.0867,-76.8373],[-147.1157,-76.8663],[-147.1015,-76.8865],[-147.0442,-76.9297],[-147.0789,-76.9928],[-146.9815,-77.0057],[-146.6068,-76.9613],[-146.164,-76.9485],[-146.2444,-76.8831],[-146.8665,-76.8371],[-147.0867,-76.8373]],[[-148.7041,-76.9356],[-149.2381,-76.9002],[-149.3026,-76.9158],[-149.2449,-76.9931],[-149.0147,-77.0191],[-148.5959,-77.0068],[-148.4743,-76.9977],[-148.4398,-76.9772],[-148.509,-76.9546],[-148.7041,-76.9356]],[[-149.4387,-77.3706],[-148.9289,-77.3869],[-149.2181,-77.3363],[-149.2492,-77.315],[-149.3755,-77.28],[-149.5187,-77.2747],[-149.6624,-77.301],[-149.4387,-77.3706]]]]}},{"type":"Feature","properties":{},"geometry":{"type":"MultiPolygon","coordinates":[[[[165.1526,-74.1254],[165.0841,-74.1666],[164.9994,-74.1422],[165.0601,-74.1328],[164.8601,-74.0827],[164.8359,-74.0826],[164.7757,-74.0285],[164.9059,-74.0029],[164.9358,-73.9718],[165.0471,-73.9808],[165.0979,-74.0557],[165.1526,-74.1254]]]]}},{"type":"Feature","properties":{},"geometry":{"type":"MultiPolygon","coordinates":[[[[47.5588,-67.5199],[47.5384,-67.5421],[47.6049,-67.5229],[47.8381,-67.5565],[47.8699,-67.5776],[47.9127,-67.5882],[47.9797,-67.6204],[48.1141,-67.6243],[48.3015,-67.565],[48.4523,-67.5754],[48.5718,-67.522],[48.6298,-67.5256],[48.62,-67.6252],[48.648,-67.7941],[48.5509,-67.9263],[48.3745,-67.988],[48.3216,-67.9175],[48.3216,-67.7852],[48.2099,-67.6993],[47.9585,-67.6601],[47.7034,-67.7162],[47.4898,-67.728],[47.3141,-67.6649],[47.1171,-67.5726],[47.2313,-67.4683],[47.4029,-67.4092],[47.3993,-67.4058],[47.441,-67.4084],[47.5588,-67.5199]]]]}},{"type":"Feature","properties":{},"geometry":{"type":"MultiPolygon","coordinates":[[[[-143.2096,-75.3448],[-142.4806,-75.432],[-142.4171,-75.4976],[-143.0222,-75.5435],[-143.5743,-75.5636],[-144.2206,-75.7314],[-144.7213,-75.8321],[-145.1056,-75.8789],[-145.9878,-75.8888],[-146.3235,-76.0203],[-146.383,-76.0997],[-145.8604,-76.2666],[-145.6423,-76.3257],[-145.4421,-76.4092],[-145.6869,-76.4288],[-145.8858,-76.4243],[-146.5974,-76.3378],[-146.8174,-76.318],[-147.8602,-76.1309],[-148.2943,-76.106],[-148.2866,-76.0869],[-148.1459,-76.0131],[-148.2952,-75.9008],[-148.4096,-75.7689],[-148.3902,-75.7503],[-148.034,-75.7279],[-147.9996,-75.721],[-147.9408,-75.7179],[-147.8415,-75.7662],[-147.7801,-75.7235],[-147.2834,-75.7203],[-147.2417,-75.7423],[-146.9945,-75.6498],[-146.639,-75.6123],[-146.543,-75.5676],[-146.4298,-75.5781],[-146.1218,-75.5466],[-146.1069,-75.5501],[-146.1508,-75.5735],[-146.0428,-75.6119],[-145.5412,-75.6927],[-145.3484,-75.7162],[-145.2381,-75.7112],[-145.2523,-75.6828],[-145.3154,-75.6414],[-145.4174,-75.588],[-145.7608,-75.5139],[-145.8235,-75.5097],[-145.8183,-75.4932],[-145.8012,-75.4848],[-145.8171,-75.4246],[-145.5675,-75.3706],[-145.5429,-75.3932],[-145.4654,-75.3751],[-145.4074,-75.4052],[-145.3153,-75.3886],[-145.0045,-75.4175],[-144.7444,-75.3833],[-144.4774,-75.359],[-143.5872,-75.3898],[-143.2096,-75.3448]],[[-147.1509,-76.1975],[-146.8945,-76.261],[-146.6902,-76.2464],[-146.949,-76.0981],[-147.3607,-76.0628],[-147.4181,-76.0734],[-147.4209,-76.0902],[-147.4078,-76.1046],[-147.3454,-76.1467],[-147.1509,-76.1975]]]]}},{"type":"Feature","properties":{},"geometry":{"type":"MultiPolygon","coordinates":[[[[169.7748,-72.5338],[170.0477,-72.6006],[170.1392,-72.5803],[170.1517,-72.6167],[170.1681,-72.616],[170.0939,-72.6302],[170.1763,-72.6665],[170.1433,-72.7024],[169.9162,-72.6849],[169.8655,-72.6926],[169.804,-72.7241],[169.2694,-72.6213],[168.8199,-72.5524],[168.6216,-72.4727],[168.4284,-72.3834],[168.5762,-72.3791],[168.7187,-72.3845],[169.0723,-72.4687],[169.4403,-72.4868],[169.7748,-72.5338]]]]}},{"type":"Feature","properties":{},"geometry":{"type":"MultiPolygon","coordinates":[[[[166.8827,-73.0112],[167.1556,-73.1473],[167.853,-73.1224],[168.2044,-73.1298],[168.3814,-73.0659],[168.7359,-73.0912],[168.9942,-73.186],[168.9939,-73.1871],[169.0077,-73.27],[169.1086,-73.3113],[168.9919,-73.36],[169.1848,-73.3832],[169.1539,-73.4113],[169.1544,-73.4614],[168.9661,-73.505],[168.667,-73.3543],[168.5659,-73.3553],[168.6171,-73.4351],[168.5652,-73.4473],[168.6295,-73.482],[168.5652,-73.5448],[168.5401,-73.5735],[168.3977,-73.5976],[167.9527,-73.5403],[167.5468,-73.5317],[167.4346,-73.5022],[167.2652,-73.4693],[167.2511,-73.4558],[167.2964,-73.44],[167.5342,-73.4473],[167.7091,-73.3942],[167.6158,-73.3368],[167.2256,-73.2757],[166.8339,-73.2243],[166.467,-72.9975],[166.4527,-72.936],[166.8827,-73.0112]]]]}},{"type":"Feature","properties":{},"geometry":{"type":"MultiPolygon","coordinates":[[[[34.2172,-68.7835],[34.3849,-68.7932],[34.5212,-68.7864],[34.6889,-68.8177],[34.7634,-68.876],[34.8433,-68.8803],[34.8444,-68.9141],[34.8559,-68.9761],[34.904,-69.0278],[34.8779,-69.0482],[34.9295,-69.0707],[35.0231,-69.0715],[35.0785,-69.0333],[35.4526,-69.0953],[35.6393,-69.2021],[35.6684,-69.2036],[35.6508,-69.1756],[35.6974,-69.155],[35.8446,-69.1483],[36.1799,-69.2486],[36.5151,-69.3006],[36.6552,-69.3588],[36.7108,-69.4167],[36.6055,-69.4347],[36.3923,-69.4117],[36.3764,-69.4172],[36.4244,-69.4532],[36.4851,-69.4708],[36.5233,-69.5462],[36.8197,-69.6019],[36.8094,-69.6185],[36.9823,-69.6347],[37.0608,-69.6779],[37.1076,-69.6057],[37.6412,-69.3289],[37.953,-69.2764],[38.0626,-69.2843],[37.5825,-69.4712],[37.29,-69.6614],[37.2662,-69.711],[37.281,-69.7274],[37.3101,-69.7634],[37.1148,-69.8105],[36.8557,-69.7256],[36.7187,-69.6522],[36.5859,-69.6379],[36.3311,-69.6393],[36.0178,-69.6618],[35.5676,-69.6601],[35.357,-69.6814],[35.2248,-69.6373],[35.1313,-69.4869],[34.7495,-69.1677],[34.5958,-69.0945],[34.0586,-69.1106],[33.8137,-69.0993],[33.772,-69.02],[33.8848,-68.9793],[34.0742,-68.8854],[34.2193,-68.7906],[34.2172,-68.7835]]]]}},{"type":"Feature","properties":{},"geometry":{"type":"MultiPolygon","coordinates":[[[[-156.752,-77.2182],[-157.1393,-77.2421],[-157.4654,-77.2312],[-157.6494,-77.1569],[-157.6306,-77.1382],[-157.5627,-77.1135],[-157.6285,-77.0459],[-157.2609,-76.9645],[-157.1845,-76.9674],[-157.138,-76.9866],[-157.0973,-77.0023],[-157.1555,-77.0334],[-157.1048,-77.047],[-157.1104,-77.08],[-157.0015,-77.1142],[-156.9611,-77.1499],[-156.7966,-77.1709],[-156.752,-77.2182]]]]}},{"type":"Feature","properties":{},"geometry":{"type":"MultiPolygon","coordinates":[[[[164.4961,-77.853],[164.4259,-77.8885],[164.4209,-77.8835],[164.2319,-77.8771],[164.0363,-77.853],[164.0452,-77.7746],[163.8427,-77.7204],[163.9091,-77.6969],[164.1915,-77.6574],[164.3277,-77.674],[164.4578,-77.732],[164.473,-77.7804],[164.5289,-77.8273],[164.4961,-77.853]]]]}},{"type":"Feature","properties":{},"geometry":{"type":"MultiPolygon","coordinates":[[[[56.3658,-67.2125],[56.1548,-67.2646],[55.8027,-67.1993],[56.3914,-66.9738],[56.4796,-66.8592],[56.4532,-66.7798],[56.2918,-66.7211],[56.1459,-66.6261],[56.2944,-66.6034],[56.51,-66.6592],[56.7811,-66.7054],[56.7825,-66.7122],[56.8078,-66.7452],[56.6441,-66.7953],[56.6886,-66.8594],[56.7019,-66.9025],[57.02,-66.9131],[57.0999,-66.9545],[56.9643,-66.9767],[56.9835,-66.9896],[56.9334,-67.0463],[56.9309,-67.0559],[56.8916,-67.0562],[56.76,-67.0733],[56.5622,-67.116],[56.3658,-67.2125]]]]}},{"type":"Feature","properties":{},"geometry":{"type":"MultiPolygon","coordinates":[[[[166.8579,-73.5844],[166.8771,-73.6109],[167.0553,-73.6341],[166.9984,-73.6674],[166.9258,-73.6688],[166.7248,-73.6459],[166.6542,-73.5985],[166.5953,-73.6069],[166.5055,-73.6521],[166.6133,-73.6512],[166.5897,-73.6694],[166.6613,-73.6664],[166.8013,-73.7367],[166.447,-73.7967],[166.3805,-73.7783],[166.4042,-73.7554],[166.2942,-73.7248],[166.0728,-73.7096],[165.9705,-73.6308],[165.8601,-73.5927],[166.001,-73.5766],[166.1593,-73.5338],[166.4288,-73.5269],[166.8555,-73.54],[166.8579,-73.5844]]]]}},{"type":"Feature","properties":{},"geometry":{"type":"MultiPolygon","coordinates":[[[[161.5965,-70.1553],[161.6067,-70.2117],[161.6401,-70.2096],[161.6634,-70.2463],[161.763,-70.287],[161.7592,-70.3229],[161.8081,-70.2908],[161.9347,-70.3158],[161.9676,-70.4],[162.004,-70.4225],[162.0307,-70.435],[162.0219,-70.4398],[162.0396,-70.625],[162.2865,-70.969],[162.2778,-71.0219],[162.1895,-71.0396],[161.9161,-70.9073],[161.625,-70.9161],[161.4245,-70.8267],[161.037,-70.3172],[161.029,-70.312],[161.0611,-70.304],[161.1133,-70.3044],[161.2294,-70.2513],[161.1758,-70.2215],[161.1222,-70.2109],[161.1465,-70.1791],[161.5667,-70.1391],[161.5965,-70.1553]]]]}},{"type":"Feature","properties":{},"geometry":{"type":"MultiPolygon","coordinates":[[[[-126.4961,-73.7002],[-126.4656,-73.7462],[-126.4717,-73.8121],[-126.2441,-73.8909],[-125.8869,-73.9546],[-125.6827,-74.0354],[-125.5493,-74.0627],[-125.4208,-74.0699],[-125.0896,-74.1824],[-124.873,-74.2083],[-124.1994,-74.2256],[-123.9825,-74.256],[-123.9374,-74.2561],[-123.8368,-74.2257],[-123.8388,-74.1682],[-123.8111,-74.1174],[-123.8004,-74.0763],[-123.8512,-74.057],[-123.9324,-74.008],[-124.1294,-73.9711],[-124.1518,-73.9442],[-124.1006,-73.9069],[-124.0421,-73.8804],[-124.0747,-73.8629],[-124.027,-73.8554],[-123.3492,-73.8444],[-123.3451,-73.8431],[-123.1908,-73.8493],[-123.0347,-73.8376],[-122.9916,-73.8441],[-122.9512,-73.8666],[-122.6247,-73.9655],[-122.71,-73.9936],[-122.8808,-74.099],[-122.8753,-74.1412],[-122.7942,-74.1905],[-122.7647,-74.2187],[-122.8907,-74.227],[-122.9561,-74.2403],[-122.9384,-74.302],[-122.8591,-74.3427],[-122.2867,-74.4031],[-121.0624,-74.3373],[-121.0025,-74.3264],[-121.0047,-74.2929],[-121.0365,-74.2793],[-121.0541,-74.26],[-121.0191,-74.1735],[-120.9895,-74.1571],[-120.2725,-73.9891],[-120.3123,-73.9219],[-120.3782,-73.8559],[-120.4771,-73.8004],[-120.376,-73.7982],[-120.0757,-73.8439],[-119.8969,-73.8278],[-119.7787,-73.8443],[-119.6616,-73.9893],[-119.6938,-74.0062],[-119.7967,-74.0292],[-119.9052,-74.0815],[-119.8872,-74.0972],[-119.821,-74.1197],[-119.7584,-74.122],[-119.5489,-74.1103],[-119.4485,-74.0761],[-119.0586,-73.9977],[-118.9898,-73.967],[-118.8889,-73.8871],[-118.8776,-73.8877],[-118.8601,-73.9145],[-118.6627,-73.9538],[-117.2961,-74.0622],[-117.2903,-74.064],[-117.3765,-74.0828],[-117.3983,-74.1225],[-117.363,-74.1609],[-117.2303,-74.1927],[-116.7386,-74.165],[-116.5709,-74.1257],[-116.5141,-74.0955],[-116.5342,-74.0833],[-116.6087,-74.0686],[-116.5846,-74.0556],[-116.4514,-74.0177],[-116.1657,-73.9144],[-116.1611,-73.9143],[-116.1232,-73.9573],[-115.7369,-74.0657],[-115.1249,-74.0939],[-114.8827,-74.1199],[-114.991,-74.2751],[-115.1052,-74.4551],[-115.2227,-74.4874],[-116.433,-74.4471],[-117.0684,-74.4732],[-117.8062,-74.403],[-118.342,-74.3816],[-118.6558,-74.3928],[-118.8029,-74.4223],[-119.0224,-74.5179],[-119.4222,-74.6216],[-119.677,-74.6546],[-121.5439,-74.75],[-123.8895,-74.7731],[-124.3125,-74.7357],[-125.3535,-74.7147],[-126.384,-74.7426],[-127.0202,-74.6978],[-127.8634,-74.7192],[-128.9406,-74.8202],[-129.2383,-74.8289],[-129.7908,-74.8914],[-130.1956,-74.8907],[-130.8575,-74.826],[-131.7066,-74.8109],[-132.0494,-74.7657],[-132.3513,-74.7894],[-132.9917,-74.8061],[-133.4749,-74.8518],[-133.7964,-74.8546],[-134.1172,-74.8297],[-134.4651,-74.7762],[-134.8404,-74.6941],[-134.8692,-74.6939],[-134.754,-74.6184],[-134.6001,-74.6069],[-134.4872,-74.5407],[-133.3498,-74.4969],[-132.8859,-74.4286],[-132.8368,-74.4296],[-132.8572,-74.4618],[-132.5463,-74.4985],[-132.3913,-74.4419],[-132.3623,-74.41],[-132.3745,-74.4085],[-132.3438,-74.4041],[-132.1653,-74.4186],[-132.1459,-74.4201],[-132.1627,-74.4258],[-132.0493,-74.4638],[-132.0251,-74.4886],[-131.9525,-74.5143],[-131.8409,-74.5426],[-131.598,-74.5537],[-131.1789,-74.6048],[-131.0667,-74.5838],[-130.9673,-74.5151],[-130.9568,-74.4563],[-130.9811,-74.4141],[-130.9814,-74.4141],[-130.9771,-74.4106],[-130.9481,-74.3797],[-130.8835,-74.3738],[-129.9782,-74.4143],[-128.2579,-74.3175],[-128.204,-74.2965],[-127.9579,-74.1538],[-127.6049,-74.035],[-127.4957,-73.9302],[-127.3108,-73.8378],[-127.2586,-73.7776],[-127.2579,-73.7252],[-127.2317,-73.7065],[-127.2317,-73.7135],[-127.2116,-73.7244],[-127.1221,-73.7342],[-127.0064,-73.7258],[-126.9017,-73.6768],[-126.8383,-73.6574],[-126.711,-73.6536],[-126.5827,-73.67],[-126.5384,-73.6802],[-126.4961,-73.7002]],[[-128.1335,-74.3274],[-128.0963,-74.4662],[-128.0705,-74.4782],[-128.0001,-74.4895],[-127.9153,-74.5426],[-127.8171,-74.5746],[-127.5178,-74.6406],[-127.3658,-74.6227],[-127.232,-74.5784],[-127.1452,-74.4802],[-127.2298,-74.4252],[-127.4865,-74.4052],[-127.853,-74.3318],[-128.0429,-74.3122],[-128.1335,-74.3274]]]]}},{"type":"Feature","properties":{},"geometry":{"type":"MultiPolygon","coordinates":[[[[163.9033,-70.5113],[163.988,-70.5502],[164.0363,-70.5423],[164.2092,-70.5677],[164.2137,-70.5694],[163.9983,-70.6365],[163.7438,-70.6399],[163.6776,-70.5895],[163.8017,-70.5841],[163.6939,-70.5434],[163.6527,-70.5629],[163.6324,-70.5346],[163.6918,-70.4816],[163.9033,-70.5113]]]]}},{"type":"Feature","properties":{},"geometry":{"type":"MultiPolygon","coordinates":[[[[30.9007,-69.0433],[31.4585,-69.1367],[31.5886,-69.0916],[32.0563,-69.1416],[32.4645,-69.1199],[32.5134,-69.0935],[32.5755,-69.0827],[32.738,-69.2548],[32.9031,-69.3787],[32.976,-69.5169],[32.9893,-69.6242],[32.9115,-69.7337],[32.8098,-69.9093],[32.6212,-70.0006],[32.4565,-70.026],[32.1595,-70.0999],[31.3787,-70.2257],[31.0628,-70.2247],[30.8341,-70.2463],[30.0033,-70.3],[29.4638,-70.4063],[28.9115,-70.5831],[28.3864,-70.682],[27.6977,-70.7725],[27.5086,-70.8133],[27.2068,-70.9109],[26.918,-70.9537],[26.7543,-70.9673],[26.4988,-71.0195],[25.9741,-71.0374],[25.6501,-70.9907],[25.1874,-70.971],[24.7567,-70.8921],[24.5884,-70.8204],[24.3857,-70.7044],[24.3857,-70.5369],[24.2358,-70.4487],[24.0241,-70.4134],[23.8036,-70.4046],[23.6648,-70.575],[23.4069,-70.7233],[23.1499,-70.7962],[22.9789,-70.8103],[22.4454,-70.7397],[22.2778,-70.6956],[22.2337,-70.6427],[22.3964,-70.5614],[22.366,-70.4751],[22.2158,-70.4173],[21.9623,-70.3004],[21.8489,-70.2767],[21.7049,-70.2585],[21.3373,-70.4951],[21.186,-70.6806],[21.0708,-70.8434],[20.1281,-70.9176],[19.9442,-70.9101],[19.6519,-70.9206],[19.4092,-70.917],[19.2651,-70.9024],[19.153,-70.8208],[19.0266,-70.674],[19.1322,-70.4919],[19.1963,-70.2931],[19.0094,-70.2121],[18.8772,-70.2013],[18.6273,-70.2695],[18.4325,-70.2899],[18.3514,-70.4155],[18.2319,-70.5183],[18.1246,-70.5403],[17.1667,-70.4508],[16.7091,-70.3973],[16.5848,-70.2038],[16.381,-70.1451],[16.0252,-70.1934],[15.8069,-70.324],[15.5629,-70.3307],[15.0639,-70.2948],[14.4917,-70.2996],[13.8226,-70.3431],[13.5326,-70.2875],[13.2979,-70.2296],[13.0655,-70.0536],[12.9957,-70.0555],[12.9995,-70.0478],[12.93,-70.0089],[12.9282,-69.9755],[12.9571,-69.9545],[12.8791,-69.9696],[12.8621,-69.9323],[13.0391,-69.8156],[13.2702,-69.7604],[13.2507,-69.7246],[13.2692,-69.6717],[13.5812,-69.7366],[13.7419,-69.6569],[13.7824,-69.6618],[13.7157,-69.6469],[13.7469,-69.6397],[13.7145,-69.6263],[13.8527,-69.6352],[13.7347,-69.5798],[14.2073,-69.4942],[14.8614,-69.4654],[15.4645,-69.5249],[15.5045,-69.5687],[15.4424,-69.5747],[15.4264,-69.5996],[15.4185,-69.6193],[15.5737,-69.6579],[15.5661,-69.7108],[15.5245,-69.7299],[15.5061,-69.7652],[15.5606,-69.7831],[15.5513,-69.7986],[15.5044,-69.8048],[15.5795,-69.8456],[15.5625,-69.8628],[15.5709,-69.8847],[15.6138,-69.939],[15.6634,-69.9551],[15.8449,-69.982],[16.1592,-70.072],[16.2226,-70.0077],[16.3154,-69.8445],[16.6254,-69.7503],[16.5818,-69.7276],[16.5856,-69.7268],[16.9673,-69.6982],[17.3358,-69.7391],[17.4634,-69.7053],[17.6594,-69.7039],[17.7017,-69.6926],[17.7307,-69.6513],[17.7867,-69.7194],[18.8215,-69.9289],[19.0302,-69.9912],[19.3504,-69.9287],[19.9234,-69.9533],[19.5673,-69.83],[19.6464,-69.8202],[19.6131,-69.7947],[19.643,-69.7754],[19.7238,-69.789],[19.711,-69.76],[19.9117,-69.7226],[20.6634,-69.8018],[21.19,-69.8152],[21.3808,-69.8732],[21.3411,-69.8964],[21.4434,-69.9402],[21.2713,-70.004],[21.7716,-70.1631],[22.2988,-70.2564],[22.6664,-70.2066],[22.7232,-70.1678],[22.7269,-70.0949],[22.9542,-70.1032],[23.0608,-70.0772],[23.0486,-70.0875],[23.16,-70.1347],[23.6522,-70.1912],[23.7098,-70.2155],[23.6866,-70.2226],[23.73,-70.2792],[23.7933,-70.3088],[23.9171,-70.3038],[23.9669,-70.2764],[24.2405,-70.3107],[24.2521,-70.2848],[24.3114,-70.2767],[24.626,-70.3452],[24.6324,-70.319],[24.7381,-70.2749],[24.6502,-70.2368],[24.6606,-70.2041],[24.7125,-70.19],[24.9275,-70.2427],[24.813,-70.1831],[24.8077,-70.1329],[24.8526,-70.1084],[24.8033,-70.08],[24.8435,-70.0667],[25.1047,-70.0467],[25.1451,-70.0368],[25.1125,-70.0234],[25.2046,-70.003],[25.5561,-70.0412],[25.7468,-70.0262],[25.8365,-70.0466],[25.8596,-70.0988],[25.7855,-70.1397],[25.6124,-70.1844],[25.8742,-70.1784],[25.9211,-70.1904],[25.8884,-70.2724],[25.9122,-70.2839],[25.9621,-70.2876],[25.9642,-70.2946],[26.0053,-70.3729],[26.3575,-70.4343],[26.4702,-70.4479],[26.6088,-70.4124],[26.793,-70.4193],[26.8572,-70.3812],[26.8747,-70.33],[26.7374,-70.1861],[26.6862,-70.1144],[26.6685,-70.1066],[26.6731,-70.1016],[26.6943,-70.0942],[26.6325,-70.0522],[26.6763,-70.0372],[26.5943,-70.0112],[26.6236,-69.9863],[26.52,-70.0053],[26.5527,-69.9681],[26.4545,-69.9768],[26.4035,-69.9602],[26.4946,-69.9287],[26.7922,-69.9422],[27.0701,-70.0132],[27.3696,-69.9398],[27.5098,-69.9696],[27.7501,-69.97],[28.1377,-69.9135],[27.9734,-69.851],[28.0344,-69.8221],[28.1622,-69.8393],[28.347,-69.8162],[28.4308,-69.7855],[28.3901,-69.75],[28.4423,-69.753],[28.381,-69.7301],[28.4981,-69.6842],[28.5605,-69.6749],[28.7015,-69.7498],[28.8147,-69.7167],[28.9389,-69.744],[29.1371,-69.7229],[29.3159,-69.6762],[29.242,-69.6394],[29.356,-69.6338],[29.2853,-69.5931],[29.278,-69.5659],[29.3462,-69.5013],[29.2905,-69.4803],[29.3223,-69.4728],[29.2433,-69.4181],[29.2654,-69.3946],[29.3918,-69.3944],[29.6319,-69.3009],[29.7416,-69.2933],[29.9931,-69.2083],[30.1568,-69.251],[30.4899,-69.2694],[30.5371,-69.2584],[30.4917,-69.2134],[30.5193,-69.2014],[30.5466,-69.1236],[30.6122,-69.1027],[30.6948,-69.1124],[30.6625,-69.0972],[30.7483,-69.0525],[30.9007,-69.0433]]]]}},{"type":"Feature","properties":{},"geometry":{"type":"MultiPolygon","coordinates":[[[[78.2285,-68.7561],[78.1412,-68.8117],[78.1186,-68.7629],[78.088,-68.7371],[77.8762,-68.7186],[77.8317,-68.6863],[78.4893,-68.6246],[78.4889,-68.6258],[78.2285,-68.7561]]]]}},{"type":"Feature","properties":{},"geometry":{"type":"MultiPolygon","coordinates":[[[[-124.5921,-73.6867],[-124.5557,-73.7389],[-124.6175,-73.7353],[-124.6944,-73.7496],[-124.9934,-73.8298],[-125.1088,-73.8259],[-125.2244,-73.8008],[-125.3269,-73.7955],[-125.5524,-73.8201],[-125.6744,-73.8222],[-125.7986,-73.802],[-125.8571,-73.7801],[-125.8599,-73.7487],[-125.8285,-73.7183],[-125.7232,-73.7027],[-125.6124,-73.7107],[-125.2761,-73.6905],[-125.264,-73.6665],[-125.3137,-73.6277],[-125.2256,-73.6211],[-124.5921,-73.6867]]]]}},{"type":"Feature","properties":{},"geometry":{"type":"MultiPolygon","coordinates":[[[[86.0347,-66.3013],[86.2087,-66.3222],[86.4366,-66.3122],[86.662,-66.3628],[86.7126,-66.3978],[86.8235,-66.3849],[87.3421,-66.4315],[87.8661,-66.54],[88.3327,-66.5687],[88.6006,-66.681],[88.5336,-66.7039],[88.5496,-66.7159],[88.6341,-66.7266],[88.7577,-66.7862],[88.7635,-66.7933],[88.3141,-66.8175],[87.9802,-66.7884],[87.0848,-66.9402],[86.9466,-66.9856],[86.7502,-67.0371],[86.1183,-67.055],[85.7107,-67.1613],[85.429,-67.161],[85.1167,-67.1256],[84.7483,-67.1022],[84.4852,-67.1145],[84.1607,-67.2441],[83.9037,-67.292],[83.4936,-67.4413],[83.3042,-67.6031],[83.1578,-67.6105],[82.6069,-67.6131],[82.2732,-67.6917],[82.017,-67.6901],[81.3554,-67.8027],[81.3559,-67.8014],[81.38,-67.7753],[81.3194,-67.6978],[81.4015,-67.6252],[81.3568,-67.5749],[81.343,-67.5063],[81.545,-67.4652],[81.6696,-67.3793],[81.7681,-67.3569],[81.7081,-67.3289],[81.6937,-67.3078],[81.7161,-67.2995],[82.0286,-67.2651],[82.1694,-67.2177],[82.3263,-67.2117],[82.6171,-67.2484],[83.3178,-67.1471],[83.4813,-67.1641],[83.5302,-67.1121],[83.5824,-67.1201],[83.5589,-67.0823],[83.803,-67.0205],[84.4984,-66.9659],[84.4687,-66.9371],[84.5031,-66.9239],[84.1184,-66.8999],[84.1171,-66.8558],[84.1383,-66.8453],[84.0754,-66.8046],[83.9565,-66.7965],[84.0042,-66.7552],[83.96,-66.71],[84.08,-66.666],[84.3808,-66.6384],[84.5535,-66.569],[84.7599,-66.5712],[84.9505,-66.6173],[85.0235,-66.6692],[85.0728,-66.6532],[85.0731,-66.6142],[85.0796,-66.6043],[85.1361,-66.6371],[85.2223,-66.6434],[85.3284,-66.6119],[85.194,-66.5561],[85.1647,-66.5216],[85.135,-66.5196],[85.1366,-66.517],[85.3893,-66.4279],[85.6866,-66.3918],[85.8337,-66.3275],[86.0347,-66.3013]],[[86.2777,-66.6967],[86.2322,-66.7329],[86.3369,-66.7876],[86.4266,-66.792],[86.5418,-66.7674],[86.652,-66.7181],[86.5567,-66.7057],[86.5206,-66.6869],[86.3832,-66.6748],[86.2777,-66.6967]],[[85.5528,-66.7285],[85.3403,-66.7233],[85.3145,-66.776],[85.3587,-66.8543],[85.6173,-66.9509],[85.6222,-66.9654],[85.65,-66.9797],[85.8223,-66.9533],[85.9377,-66.8942],[85.8062,-66.7746],[85.5528,-66.7285]]]]}},{"type":"Feature","properties":{},"geometry":{"type":"MultiPolygon","coordinates":[[[[-140.8744,-75.7459],[-141.009,-75.7508],[-141.1346,-75.746],[-141.5058,-75.6904],[-142.0337,-75.5463],[-141.9921,-75.4408],[-141.3633,-75.4064],[-141.3168,-75.4219],[-141.3425,-75.4786],[-141.2988,-75.5006],[-141.194,-75.5425],[-141.2234,-75.5459],[-140.8744,-75.7459]]]]}},{"type":"Feature","properties":{},"geometry":{"type":"MultiPolygon","coordinates":[[[[171.2689,-77.4852],[171.6861,-77.4983],[172.0955,-77.5111],[172.5062,-77.5241],[172.8768,-77.5357],[173.2207,-77.5465],[173.5314,-77.5562],[173.8886,-77.5674],[174.2189,-77.5778],[174.5965,-77.5897],[175.0517,-77.6039],[175.6216,-77.6218],[176.048,-77.6352],[176.2318,-77.7003],[176.6205,-77.7182],[177.0638,-77.7386],[177.4869,-77.758],[177.8245,-77.7736],[178.1685,-77.7894],[178.4929,-77.8043],[178.8167,-77.8192],[179.167,-77.8353],[179.5438,-77.8527],[179.9999,-77.8736],[179.9999,-78.0457],[179.9999,-78.7489],[179.9999,-79.452],[179.9999,-80.1552],[179.9999,-80.8583],[179.9999,-81.5614],[179.9999,-82.2645],[179.9999,-82.9676],[179.9999,-83.6708],[179.9999,-84.3516],[179.6202,-84.2683],[179.403,-84.2062],[178.9444,-84.1814],[178.4959,-84.1357],[178.3526,-84.1267],[178.2085,-84.1299],[177.581,-84.0749],[175.9112,-83.9731],[175.6056,-83.9675],[175.3228,-83.94],[175.1874,-83.8774],[175.011,-83.8391],[173.8224,-83.8101],[173.6617,-83.761],[173.3972,-83.7588],[172.8739,-83.6732],[172.45,-83.6754],[171.9171,-83.644],[171.5371,-83.5813],[171.2893,-83.5555],[171.2207,-83.475],[171.0357,-83.4484],[170.8175,-83.4358],[170.332,-83.4788],[169.8378,-83.399],[168.11,-83.362],[167.8428,-83.3163],[167.6576,-83.2721],[167.6744,-83.2314],[167.8252,-83.2429],[167.973,-83.2431],[168.2401,-83.2299],[168.3199,-83.2107],[168.4083,-83.1551],[168.4816,-83.1268],[168.6073,-83.0653],[168.2759,-82.9872],[168.0917,-82.9747],[167.8275,-83.0307],[167.6019,-83.0475],[167.4044,-82.9988],[167.2974,-82.9858],[167.2326,-82.9523],[167.2712,-82.8794],[167.1163,-82.8013],[166.9567,-82.7646],[166.7421,-82.7571],[166.4458,-82.7221],[165.9816,-82.6296],[164.9799,-82.385],[164.7471,-82.3544],[164.0013,-82.3968],[163.2685,-82.4633],[163.1746,-82.5189],[163.0117,-82.535],[162.6437,-82.4815],[161.2832,-82.49],[161.1665,-82.4078],[162.4266,-82.3144],[163.6801,-82.1873],[163.6023,-82.1206],[163.0043,-81.969],[162.8543,-81.9207],[162.8211,-81.8662],[162.5766,-81.8321],[162.4252,-81.765],[161.9961,-81.6531],[161.7302,-81.6105],[161.582,-81.6097],[160.9078,-81.3903],[160.4698,-81.3407],[160.4786,-81.2701],[160.5399,-81.2417],[160.7167,-81.1996],[160.7278,-81.1129],[160.7168,-80.9074],[160.6072,-80.9012],[160.2757,-80.8468],[160.2601,-80.7867],[160.5025,-80.7793],[160.72,-80.7531],[160.8303,-80.7299],[160.8231,-80.674],[160.6013,-80.6365],[160.5212,-80.5835],[160.6033,-80.5076],[160.6374,-80.4499],[160.5421,-80.425],[159.0652,-80.4425],[158.5736,-80.4235],[158.5604,-80.3489],[158.7674,-80.2933],[160.1794,-80.088],[160.3818,-80.0545],[160.5588,-80.0106],[160.558,-79.9296],[160.3873,-79.8795],[160.1113,-79.8925],[159.8965,-79.859],[159.8718,-79.7898],[160.2648,-79.7366],[160.3463,-79.6915],[160.3228,-79.6355],[160.0835,-79.6326],[159.9759,-79.5856],[160.0679,-79.5612],[160.2091,-79.5544],[160.6461,-79.4269],[160.6702,-79.3589],[160.5673,-79.3023],[160.4827,-79.2015],[160.8735,-79.0497],[161.1905,-78.9787],[161.546,-79.0151],[161.7372,-79.0599],[161.8642,-79.0609],[161.9515,-79.03],[161.9515,-78.9683],[161.8134,-78.9074],[161.5017,-78.6772],[161.5105,-78.5714],[161.6692,-78.5361],[161.7573,-78.5449],[161.9744,-78.6943],[162.6394,-78.8977],[162.895,-78.8448],[163.5031,-78.7586],[163.9017,-78.7171],[164.3005,-78.6301],[164.6347,-78.6032],[166.1167,-78.5711],[166.2865,-78.6278],[166.5246,-78.6949],[166.8499,-78.6798],[167.0491,-78.686],[167.1302,-78.6062],[167.0579,-78.5185],[166.8011,-78.5216],[166.5103,-78.4974],[166.2086,-78.4516],[165.6629,-78.3057],[165.5342,-78.1538],[165.524,-78.0636],[165.4175,-78.0422],[165.2739,-78.1286],[165.0504,-78.2261],[164.6281,-78.3156],[164.2973,-78.2362],[163.9776,-78.2238],[164.1078,-78.1468],[164.376,-78.0596],[164.4166,-78.0664],[164.7879,-78.05],[165.1864,-77.9711],[165.3029,-77.8829],[165.8434,-77.8232],[166.7089,-77.9118],[166.8397,-77.8827],[166.7674,-77.8454],[166.7659,-77.8391],[167.025,-77.7564],[167.2795,-77.7026],[167.3922,-77.6486],[167.9176,-77.6441],[168.3225,-77.6825],[168.5188,-77.6812],[168.7545,-77.6533],[169.1173,-77.5606],[169.3527,-77.5247],[169.2941,-77.4715],[169.3111,-77.4652],[169.4488,-77.4521],[169.6866,-77.4704],[169.9315,-77.4891],[169.999,-77.4848],[170.0494,-77.4468],[170.4832,-77.4605],[170.879,-77.4729],[171.2689,-77.4852]],[[167.4223,-78.0065],[167.364,-78.0458],[167.1379,-78.13],[166.8636,-78.1964],[166.7598,-78.198],[166.5671,-78.148],[166.1111,-78.0897],[166.0128,-78.102],[166.0125,-78.1313],[166.0505,-78.2134],[166.1218,-78.2747],[166.2848,-78.3065],[166.626,-78.2843],[166.9361,-78.2225],[167.3769,-78.249],[167.5174,-78.2161],[167.6426,-78.1414],[167.6398,-78.1117],[167.5938,-78.0223],[167.4978,-77.9924],[167.4223,-78.0065]]]]}},{"type":"Feature","properties":{},"geometry":{"type":"MultiPolygon","coordinates":[[[[-157.8481,-78.0739],[-157.2668,-78.1998],[-156.5693,-78.1862],[-155.3415,-78.192],[-155.0366,-78.2208],[-154.6951,-78.217],[-154.293,-78.259],[-154.5377,-78.3589],[-154.7164,-78.3982],[-155.9198,-78.5104],[-156.2079,-78.5587],[-156.4694,-78.6353],[-156.1146,-78.7446],[-155.2099,-78.9648],[-154.5177,-79.0466],[-153.5176,-79.1173],[-152.7014,-79.1349],[-152.2435,-79.1027],[-152.1377,-79.1159],[-152.0534,-79.1927],[-152.0914,-79.2416],[-151.9036,-79.2806],[-151.6362,-79.3177],[-151.3683,-79.3933],[-151.0485,-79.4597],[-150.4906,-79.5456],[-149.0514,-79.6569],[-148.4175,-79.7314],[-148.1766,-79.7759],[-148.083,-79.8568],[-148.1293,-79.9077],[-148.2964,-79.9065],[-148.4335,-79.9295],[-148.4303,-79.9713],[-148.3398,-80.0028],[-148.3171,-80.071],[-148.448,-80.0905],[-148.7661,-80.1081],[-149.5777,-80.106],[-149.8454,-80.1176],[-150.2207,-80.15],[-150.4355,-80.2111],[-150.5754,-80.3538],[-150.5162,-80.4095],[-150.2817,-80.4805],[-150.1328,-80.5104],[-149.4287,-80.5862],[-149.2644,-80.5931],[-149.2141,-80.6042],[-149.2074,-80.6704],[-149.1472,-80.7187],[-148.9842,-80.7415],[-148.543,-80.7601],[-148.0234,-80.8357],[-148.1228,-80.9007],[-152.0348,-81.029],[-155.9211,-81.1334],[-156.5282,-81.1623],[-156.8151,-81.231],[-157.0325,-81.3192],[-156.4926,-81.377],[-154.9078,-81.5103],[-154.4852,-81.5662],[-154.2321,-81.6232],[-153.9567,-81.7002],[-154.0614,-81.7654],[-154.1885,-81.8106],[-154.4515,-81.8676],[-154.7175,-81.9407],[-153.8826,-82.1765],[-153.0099,-82.4496],[-153.3987,-82.5862],[-153.8223,-82.6693],[-155.1503,-82.8584],[-155.4594,-82.9807],[-156.037,-83.0268],[-157.0183,-83.0752],[-157.5219,-83.1066],[-157.6795,-83.1294],[-157.5892,-83.1874],[-157.3558,-83.1985],[-157.0278,-83.2344],[-157.4285,-83.3464],[-157.6993,-83.3812],[-159.4444,-83.5432],[-159.9235,-83.4947],[-160.5947,-83.4895],[-162.1973,-83.519],[-162.5742,-83.4107],[-162.9121,-83.3471],[-163.1111,-83.3291],[-163.7334,-83.3731],[-164.0584,-83.4247],[-164.4456,-83.4677],[-164.6444,-83.4125],[-164.9156,-83.2901],[-165.6192,-83.2155],[-166.2169,-83.2008],[-167.7243,-83.2174],[-168.0548,-83.2266],[-168.191,-83.2133],[-168.4177,-83.2288],[-168.6038,-83.2015],[-168.7902,-83.1879],[-169.0161,-83.1503],[-169.4408,-83.096],[-171.0313,-82.943],[-171.8213,-82.8474],[-172.1244,-82.8624],[-172.3921,-82.8931],[-172.5929,-82.8842],[-172.8516,-82.9169],[-173.0712,-82.9158],[-174.2359,-82.7934],[-174.172,-82.8478],[-174.066,-82.9001],[-171.5394,-83.2037],[-171.1879,-83.2565],[-169.1677,-83.4498],[-168.785,-83.5293],[-168.4973,-83.6114],[-168.3474,-83.6368],[-168.0528,-83.7355],[-167.8013,-83.7908],[-167.5529,-83.8109],[-166.6495,-83.792],[-165.9218,-83.7903],[-165.5363,-83.7566],[-164.9509,-83.8059],[-164.083,-83.9461],[-164.0114,-84.0156],[-164.124,-84.0535],[-164.5026,-84.0716],[-164.6028,-84.0967],[-164.6851,-84.1546],[-164.5283,-84.191],[-164.0322,-84.274],[-163.8214,-84.2906],[-163.7576,-84.3055],[-163.7652,-84.3242],[-163.8992,-84.3526],[-165.1252,-84.3746],[-165.1848,-84.3696],[-165.2405,-84.3812],[-165.1354,-84.4099],[-164.9169,-84.4314],[-164.1142,-84.4454],[-163.897,-84.4705],[-163.759,-84.4928],[-163.6855,-84.5131],[-163.5685,-84.5287],[-158.3035,-84.778],[-156.9864,-84.8111],[-156.621,-84.8397],[-156.4897,-84.8892],[-157.1497,-84.8913],[-157.4539,-84.9124],[-156.9883,-84.9823],[-156.6428,-85.0794],[-156.4592,-85.1861],[-156.8103,-85.1922],[-157.1275,-85.1857],[-160.8209,-84.9866],[-162.9334,-84.9012],[-163.4638,-84.9009],[-166.9111,-84.8193],[-167.4922,-84.8337],[-168.0486,-84.7286],[-168.6678,-84.6836],[-171.7037,-84.5424],[-174.6632,-84.4627],[-174.9867,-84.4654],[-175.381,-84.4798],[-175.8746,-84.5103],[-176.1074,-84.4753],[-176.289,-84.4184],[-176.9856,-84.3993],[-177.7304,-84.3952],[-178.069,-84.3523],[-178.3895,-84.3375],[-180.0,-84.3515],[-180,-84.2117],[-180,-77.8736],[-179.2573,-77.9322],[-178.3184,-78.0061],[-177.4417,-78.0752],[-176.8605,-78.121],[-176.8433,-78.1296],[-176.9155,-78.2029],[-176.8683,-78.2125],[-176.9567,-78.2591],[-176.9146,-78.2687],[-176.2193,-78.2886],[-175.6397,-78.3052],[-174.7008,-78.3322],[-173.866,-78.3561],[-172.5818,-78.393],[-171.8339,-78.4145],[-170.6147,-78.4495],[-169.7371,-78.4747],[-169.1594,-78.4912],[-168.325,-78.5152],[-167.5972,-78.536],[-166.6562,-78.563],[-165.6075,-78.5931],[-164.9839,-78.611],[-164.7122,-78.5653],[-163.7863,-78.601],[-163.0603,-78.5808],[-162.2735,-78.4566],[-161.4568,-78.3275],[-160.6436,-78.199],[-159.9171,-78.0842],[-159.1879,-77.9689],[-158.7746,-77.9037],[-158.7345,-77.8739],[-158.6371,-77.8635],[-158.4692,-77.8149],[-158.407,-77.8878],[-158.2859,-77.9507],[-157.8481,-78.0739]],[[-160.8067,-79.812],[-160.3021,-79.8445],[-159.0529,-79.8074],[-159.0096,-79.7805],[-158.9966,-79.7352],[-159.0514,-79.6946],[-159.1188,-79.6745],[-159.1897,-79.6373],[-159.2561,-79.591],[-159.3664,-79.5452],[-159.4188,-79.5081],[-159.6841,-79.4024],[-159.9635,-79.3244],[-160.2496,-79.2715],[-160.7644,-79.1316],[-161.2835,-79.0071],[-161.643,-78.901],[-162.1607,-78.7935],[-162.3901,-78.7602],[-162.6216,-78.7418],[-162.8728,-78.7252],[-163.1241,-78.7192],[-163.2561,-78.7221],[-163.3453,-78.7798],[-163.6603,-78.8558],[-163.8147,-78.9288],[-164.1256,-78.9953],[-164.1996,-79.0507],[-164.2449,-79.1376],[-164.2816,-79.2455],[-164.2258,-79.3208],[-163.9709,-79.3888],[-163.7124,-79.442],[-163.3173,-79.5048],[-161.8655,-79.7035],[-160.8067,-79.812]],[[-155.7512,-79.8296],[-155.5254,-79.8464],[-155.0448,-79.8998],[-154.9417,-79.9663],[-154.5295,-80.0005],[-154.3489,-80.0261],[-154.1141,-80.036],[-153.9305,-80.0333],[-154.0254,-79.9877],[-154.5351,-79.9355],[-155.1622,-79.8507],[-155.6743,-79.7655],[-155.7512,-79.8296]],[[-163.2531,-81.4825],[-160.571,-81.5979],[-160.4672,-81.5895],[-160.4855,-81.567],[-160.6169,-81.5221],[-160.9379,-81.4635],[-161.5586,-81.3967],[-162.4565,-81.3132],[-163.2007,-81.2814],[-163.869,-81.324],[-163.93,-81.3522],[-163.9513,-81.3909],[-163.9393,-81.4041],[-163.8902,-81.4237],[-163.7661,-81.4448],[-163.2531,-81.4825]],[[-158.1541,-82.0585],[-158.0763,-82.112],[-157.9875,-82.105],[-157.8346,-82.0308],[-158.2609,-81.9473],[-158.3467,-81.9005],[-158.9138,-81.7798],[-158.9887,-81.7793],[-158.9264,-81.8186],[-158.7732,-81.8755],[-158.5453,-81.9488],[-158.1541,-82.0585]],[[-163.796,-82.8426],[-163.7353,-82.8568],[-163.704,-82.8793],[-163.6344,-82.9023],[-163.6022,-82.9274],[-163.6018,-82.9685],[-163.5521,-82.9877],[-163.3484,-83.0215],[-163.2422,-83.0596],[-163.0466,-83.0968],[-162.3049,-83.1417],[-161.9938,-83.1187],[-161.8282,-83.0425],[-161.6352,-83.0269],[-162.3398,-82.9227],[-162.4106,-82.8992],[-162.7985,-82.8649],[-163.796,-82.8426]]]]}}]}