{"type":"FeatureCollection","features":[{"type":"Feature","properties":{},"geometry":{"type":"MultiPolygon","coordinates":[[[[179.9992,-16.1686],[179.8482,-16.3017],[179.7938,-16.3703],[179.7481,-16.4463],[179.6191,-16.5277],[179.5642,-16.6369],[179.5682,-16.7475],[179.6971,-16.6319],[179.841,-16.5375],[179.885,-16.5185],[179.9304,-16.5194],[179.9266,-16.5517],[179.906,-16.5836],[179.89,-16.667],[179.9279,-16.7444],[179.8208,-16.7369],[179.7147,-16.7436],[179.589,-16.787],[179.4654,-16.8061],[179.4193,-16.8065],[179.375,-16.792],[179.346,-16.7697],[179.3233,-16.7181],[179.3005,-16.7104],[179.2023,-16.7127],[179.0555,-16.8136],[179.0068,-16.9002],[178.9504,-16.904],[178.8837,-16.886],[178.8029,-16.9521],[178.7066,-16.9762],[178.665,-16.92],[178.6381,-16.8513],[178.6037,-16.8006],[178.4975,-16.7879],[178.5138,-16.7261],[178.542,-16.7005],[178.5678,-16.6639],[178.5836,-16.6219],[178.6343,-16.6485],[178.6863,-16.6656],[178.7445,-16.6342],[178.8051,-16.6314],[178.8657,-16.54],[178.9605,-16.4828],[179.0914,-16.4375],[179.2246,-16.4052],[179.2936,-16.3986],[179.3592,-16.3799],[179.4751,-16.2941],[179.5518,-16.2499],[179.6353,-16.2232],[179.715,-16.2076],[179.7889,-16.2215],[179.8481,-16.2143],[180,-16.1529],[179.9992,-16.1686]]]]}},{"type":"Feature","properties":{},"geometry":{"type":"MultiPolygon","coordinates":[[[[177.2342,-17.1471],[177.1828,-17.1639],[177.2102,-17.0843],[177.2393,-17.0594],[177.2575,-17.0542],[177.2874,-17.0486],[177.2758,-17.1049],[177.2342,-17.1471]]]]}},{"type":"Feature","properties":{},"geometry":{"type":"MultiPolygon","coordinates":[[[[143.1789,-11.9545],[143.1529,-12.0759],[143.1047,-12.1696],[143.099,-12.226],[143.1103,-12.3035],[143.1906,-12.3612],[143.2541,-12.3977],[143.2896,-12.4988],[143.4016,-12.6399],[143.3976,-12.7361],[143.4577,-12.8558],[143.512,-13.0945],[143.5295,-13.3038],[143.5866,-13.4437],[143.5484,-13.741],[143.5893,-13.8628],[143.6434,-13.9637],[143.7072,-14.1646],[143.7563,-14.3488],[143.8224,-14.4011],[143.9618,-14.4629],[144.1059,-14.3945],[144.2099,-14.302],[144.3217,-14.2794],[144.473,-14.2318],[144.5864,-14.3547],[144.648,-14.4925],[144.9157,-14.6743],[145.0645,-14.791],[145.18,-14.8569],[145.2877,-14.9432],[145.277,-15.0294],[145.2517,-15.0975],[145.2762,-15.2039],[145.2931,-15.3272],[145.2716,-15.4767],[145.3495,-15.7016],[145.3754,-15.8811],[145.458,-16.0564],[145.4519,-16.2369],[145.4364,-16.305],[145.4261,-16.4062],[145.4904,-16.5321],[145.5499,-16.6251],[145.6383,-16.7261],[145.7548,-16.8795],[145.8379,-16.9104],[145.9121,-16.9125],[145.902,-17.0702],[146.0498,-17.3811],[146.1259,-17.6353],[146.074,-17.9773],[146.0229,-18.1758],[146.0322,-18.2729],[146.223,-18.5099],[146.3332,-18.5537],[146.3117,-18.6667],[146.2969,-18.8412],[146.3834,-18.9771],[146.4812,-19.0787],[146.5873,-19.1395],[146.692,-19.1874],[146.829,-19.2357],[147.0026,-19.2561],[147.0928,-19.3326],[147.1388,-19.3932],[147.2781,-19.4142],[147.3415,-19.4029],[147.4186,-19.3781],[147.4709,-19.4193],[147.5098,-19.4741],[147.586,-19.6228],[147.7424,-19.7701],[147.8532,-19.7947],[147.9156,-19.8692],[148.0045,-19.8896],[148.0811,-19.8986],[148.1896,-19.9559],[148.3669,-20.0875],[148.5268,-20.1089],[148.6005,-20.1452],[148.7594,-20.2896],[148.821,-20.3664],[148.8848,-20.4809],[148.8051,-20.4917],[148.73,-20.4678],[148.6837,-20.5802],[148.7895,-20.7356],[148.9124,-20.8452],[149.0605,-20.9611],[149.2049,-21.1251],[149.2414,-21.2502],[149.2803,-21.2995],[149.3293,-21.4761],[149.4541,-21.5787],[149.4601,-21.7654],[149.524,-22.0236],[149.5957,-22.2576],[149.6453,-22.3283],[149.7039,-22.4405],[149.7716,-22.4263],[149.8225,-22.3898],[149.9203,-22.5014],[149.9744,-22.5507],[150.0056,-22.5216],[149.9419,-22.3081],[149.9812,-22.1843],[150.0206,-22.1684],[150.0762,-22.1645],[150.143,-22.2654],[150.2349,-22.3729],[150.4051,-22.4689],[150.5413,-22.5591],[150.5796,-22.5558],[150.5644,-22.4861],[150.5686,-22.384],[150.6229,-22.3673],[150.6725,-22.4182],[150.7639,-22.5762],[150.7828,-22.9029],[150.783,-23.1766],[150.8432,-23.458],[150.9311,-23.5319],[150.9888,-23.6018],[151.0877,-23.6961],[151.1538,-23.7841],[151.2363,-23.825],[151.5008,-24.0124],[151.5754,-24.0336],[151.6909,-24.0384],[151.8316,-24.1229],[151.9027,-24.201],[152.0554,-24.4944],[152.1299,-24.5976],[152.282,-24.6993],[152.3531,-24.7325],[152.4563,-24.8024],[152.4932,-24.904],[152.5021,-24.964],[152.5633,-25.0721],[152.6543,-25.202],[152.7892,-25.2741],[152.9135,-25.4321],[152.9205,-25.6886],[152.985,-25.8162],[153.0282,-25.8703],[153.1255,-25.9227],[153.1649,-25.9642],[153.0842,-26.3038],[153.1621,-26.9827],[153.1168,-27.1944],[153.1979,-27.4047],[153.3857,-27.7686],[153.4284,-27.8977],[153.4549,-28.0483],[153.5757,-28.2405],[153.5691,-28.5334],[153.6169,-28.673],[153.6046,-28.8545],[153.4622,-29.0502],[153.348,-29.2904],[153.347,-29.4966],[153.2724,-29.8925],[153.2238,-29.9986],[153.1882,-30.1639],[153.0306,-30.5634],[153.0237,-30.7201],[153.0479,-30.9071],[153.0216,-31.0866],[152.9822,-31.2088],[152.9439,-31.4349],[152.7858,-31.7863],[152.5593,-32.0457],[152.5453,-32.2431],[152.5166,-32.3302],[152.4704,-32.4391],[152.3313,-32.5575],[152.2475,-32.6087],[152.2157,-32.6781],[152.1365,-32.6781],[152.1346,-32.6999],[152.1881,-32.7217],[152.1643,-32.7574],[151.9543,-32.8203],[151.8129,-32.9011],[151.6684,-33.0986],[151.6077,-33.2019],[151.5301,-33.301],[151.4838,-33.3475],[151.4634,-33.3974],[151.432,-33.5216],[151.3575,-33.5439],[151.2921,-33.581],[151.3228,-33.6993],[151.2884,-33.8349],[151.2803,-33.9267],[151.2446,-33.9851],[151.2017,-33.9641],[151.1679,-33.9734],[151.1248,-34.0053],[151.1912,-34.0152],[151.2315,-34.0297],[151.0899,-34.1625],[150.9604,-34.2971],[150.9274,-34.3866],[150.8713,-34.4991],[150.8219,-34.7492],[150.7811,-34.8922],[150.8092,-34.9938],[150.8046,-35.0129],[150.7746,-35.0204],[150.7561,-35.0071],[150.6974,-35.0419],[150.681,-35.0767],[150.7057,-35.1197],[150.7222,-35.1346],[150.7146,-35.1552],[150.6903,-35.1777],[150.6345,-35.1776],[150.5675,-35.2143],[150.3741,-35.5842],[150.2922,-35.6823],[150.1953,-35.8336],[150.1585,-35.9706],[150.1289,-36.1204],[150.0953,-36.3727],[150.0628,-36.5504],[149.9882,-36.7228],[149.9603,-36.8455],[149.9506,-37.0803],[149.9863,-37.2584],[149.9629,-37.353],[149.9623,-37.4438],[149.9327,-37.5285],[149.8094,-37.5479],[149.709,-37.617],[149.5654,-37.73],[149.4809,-37.7712],[149.2984,-37.8021],[148.9439,-37.7885],[148.2625,-37.8307],[148.1307,-37.8561],[147.8768,-37.9342],[147.6314,-38.0557],[147.3956,-38.2191],[146.8568,-38.6635],[146.4357,-38.7118],[146.3562,-38.7118],[146.2926,-38.6998],[146.2175,-38.7274],[146.2162,-38.7827],[146.2855,-38.8402],[146.3366,-38.8942],[146.427,-38.8196],[146.4666,-38.8403],[146.4816,-38.9779],[146.4838,-39.065],[146.4566,-39.1123],[146.4,-39.1455],[146.34,-39.1238],[146.332,-39.0767],[146.2543,-38.9645],[146.1584,-38.8657],[146.0699,-38.8341],[146.0182,-38.8671],[145.9354,-38.9018],[145.8655,-38.776],[145.7908,-38.667],[145.6919,-38.6557],[145.6063,-38.6568],[145.5354,-38.6097],[145.3973,-38.5354],[145.4242,-38.4773],[145.4628,-38.4163],[145.5422,-38.3938],[145.5184,-38.3114],[145.4758,-38.2437],[145.3664,-38.2257],[145.2928,-38.2376],[145.2489,-38.2912],[145.1912,-38.3836],[144.9596,-38.5008],[144.8473,-38.4363],[144.7178,-38.3403],[144.7803,-38.3474],[144.9114,-38.344],[145.0201,-38.2584],[145.067,-38.2049],[145.1199,-38.0913],[145.0496,-38.0109],[144.9849,-37.9522],[144.8913,-37.8998],[144.5385,-38.0771],[144.4653,-38.1025],[144.3955,-38.1369],[144.5178,-38.1664],[144.5895,-38.1576],[144.6652,-38.21],[144.5437,-38.2841],[144.4479,-38.3037],[144.3287,-38.3482],[144.1016,-38.4623],[143.8117,-38.6988],[143.6867,-38.7669],[143.539,-38.8209],[143.3385,-38.7578],[143.2265,-38.7432],[143.0826,-38.6459],[142.8402,-38.5809],[142.6121,-38.4517],[142.4559,-38.3863],[142.3445,-38.3722],[142.1877,-38.3994],[141.9247,-38.2838],[141.725,-38.2714],[141.5939,-38.3878],[141.4918,-38.3798],[141.4242,-38.3635],[141.2139,-38.172],[141.0109,-38.077],[140.6272,-38.0284],[140.3904,-37.8967],[140.2121,-37.6422],[139.8748,-37.3521],[139.7843,-37.2458],[139.7423,-37.1417],[139.7385,-37.0596],[139.7839,-36.9026],[139.8466,-36.748],[139.8573,-36.6621],[139.729,-36.3714],[139.5487,-36.0967],[139.4659,-36.0104],[139.2449,-35.8273],[139.0377,-35.6893],[138.9851,-35.6176],[138.9689,-35.5808],[139.0669,-35.5984],[139.1125,-35.5423],[139.178,-35.523],[139.2306,-35.5977],[139.2895,-35.6113],[139.2921,-35.4859],[139.3251,-35.4267],[139.3025,-35.3994],[139.2825,-35.3754],[139.1928,-35.3473],[139.0938,-35.3896],[139.0177,-35.4433],[138.9152,-35.4889],[138.8753,-35.5368],[138.771,-35.5384],[138.7297,-35.5508],[138.5219,-35.6424],[138.3893,-35.6447],[138.1844,-35.6127],[138.2521,-35.4865],[138.3329,-35.4117],[138.3998,-35.3258],[138.5111,-35.0244],[138.4899,-34.7636],[138.4362,-34.6562],[138.2644,-34.4403],[138.1862,-34.3072],[138.0893,-34.1698],[138.0413,-34.2498],[138.0123,-34.3341],[137.9192,-34.4561],[137.8741,-34.7274],[137.6917,-35.143],[137.5664,-35.148],[137.4596,-35.1313],[137.2724,-35.1787],[137.1444,-35.2364],[137.0299,-35.2365],[136.9666,-35.2549],[136.8836,-35.2397],[137.0143,-34.9158],[137.1284,-34.9247],[137.2521,-34.9115],[137.3084,-34.917],[137.391,-34.9133],[137.4543,-34.7645],[137.493,-34.5978],[137.4686,-34.4902],[137.459,-34.3789],[137.4836,-34.2521],[137.4938,-34.1611],[137.6504,-33.8591],[137.7809,-33.7031],[137.9318,-33.5791],[137.914,-33.4613],[137.866,-33.3141],[137.8523,-33.2008],[137.9243,-33.1651],[137.9926,-33.0942],[137.9132,-32.7707],[137.8631,-32.6737],[137.7832,-32.5781],[137.7818,-32.702],[137.7909,-32.8232],[137.6802,-32.978],[137.5362,-33.0892],[137.4423,-33.1936],[137.3542,-33.4302],[137.2373,-33.6295],[137.1303,-33.703],[137.0345,-33.7195],[136.9365,-33.7502],[136.7835,-33.8297],[136.6355,-33.8966],[136.5259,-33.9842],[136.4307,-34.03],[136.1211,-34.4287],[135.9797,-34.5619],[135.9506,-34.6157],[135.891,-34.6609],[135.9026,-34.7238],[135.9506,-34.7668],[135.9985,-34.9438],[135.9697,-34.9818],[135.9191,-34.9619],[135.7924,-34.8633],[135.7125,-34.8992],[135.6476,-34.9396],[135.4809,-34.7582],[135.4117,-34.7155],[135.3242,-34.6427],[135.2307,-34.5798],[135.1908,-34.5727],[135.123,-34.5857],[135.1296,-34.5365],[135.176,-34.4966],[135.2168,-34.4873],[135.2925,-34.5456],[135.3787,-34.5977],[135.4273,-34.602],[135.45,-34.5811],[135.368,-34.3756],[135.312,-34.1955],[135.2863,-34.1423],[135.2189,-33.9598],[135.1854,-33.9067],[135.0421,-33.7777],[134.8888,-33.6264],[134.8467,-33.4446],[134.791,-33.3283],[134.719,-33.2552],[134.6077,-33.1901],[134.3013,-33.165],[134.1735,-32.9791],[134.1004,-32.7486],[134.1584,-32.7334],[134.2271,-32.7306],[134.2492,-32.6587],[134.2342,-32.5485],[133.9302,-32.4117],[133.7867,-32.2688],[133.6653,-32.2072],[133.5514,-32.1829],[133.4006,-32.1885],[133.2121,-32.1838],[132.7574,-31.9563],[132.6486,-31.9493],[132.3236,-32.02],[132.2146,-32.0071],[131.7212,-31.6963],[131.3932,-31.5485],[131.285,-31.521],[131.1437,-31.4957],[131.0293,-31.5318],[130.9481,-31.5658],[130.783,-31.604],[130.1298,-31.5791],[129.5688,-31.6272],[129.1877,-31.66],[128.9462,-31.7026],[128.5461,-31.8877],[128.0677,-32.0665],[127.678,-32.1513],[127.3198,-32.2641],[127.0841,-32.2969],[126.7793,-32.3109],[126.1365,-32.2568],[125.9172,-32.297],[125.5675,-32.5059],[125.4637,-32.5565],[125.2666,-32.6145],[124.7588,-32.8827],[124.5246,-32.9401],[124.3732,-32.9584],[124.2438,-33.0152],[124.1261,-33.1294],[123.9672,-33.4463],[123.8684,-33.5964],[123.6504,-33.8363],[123.5068,-33.9162],[123.3654,-33.9054],[123.2076,-33.9883],[123.0676,-33.9006],[122.9557,-33.8838],[122.7775,-33.8908],[122.151,-33.9918],[122.0611,-33.8744],[121.9464,-33.8567],[121.7297,-33.8625],[121.4051,-33.8268],[120.8146,-33.8713],[120.5306,-33.9197],[120.4184,-33.9631],[120.2094,-33.9354],[119.8541,-33.9747],[119.7291,-34.0415],[119.6352,-34.1012],[119.4506,-34.3683],[119.2477,-34.4564],[119.0813,-34.4594],[118.8953,-34.4799],[118.5201,-34.7371],[118.1355,-34.9866],[118.0064,-35.0133],[117.8631,-35.055],[117.6754,-35.0749],[117.5819,-35.0978],[117.1439,-35.0337],[116.8654,-35.0266],[116.5172,-34.9879],[116.2171,-34.8658],[115.9867,-34.795],[115.7263,-34.5261],[115.565,-34.4258],[115.2776,-34.3039],[115.1948,-34.3085],[115.1279,-34.3418],[115.0088,-34.2559],[115.0057,-34.1451],[114.9734,-34.0512],[114.9757,-33.8042],[114.9938,-33.5153],[115.0989,-33.5803],[115.1816,-33.6435],[115.3588,-33.6399],[115.5153,-33.5313],[115.6045,-33.3723],[115.683,-33.1929],[115.6709,-33.0021],[115.6186,-32.667],[115.6543,-32.5966],[115.7079,-32.568],[115.7254,-32.4011],[115.7381,-31.8879],[115.6984,-31.6945],[115.4546,-31.3025],[115.2943,-30.9618],[115.1769,-30.808],[115.0779,-30.5604],[114.9945,-30.2162],[114.9688,-30.0423],[114.9421,-29.7216],[114.9714,-29.5397],[114.959,-29.4336],[114.8568,-29.143],[114.6284,-28.8718],[114.5906,-28.7717],[114.5918,-28.6662],[114.5374,-28.5429],[114.3535,-28.2949],[114.1651,-28.0807],[114.1335,-27.9765],[114.0984,-27.5442],[114.0281,-27.3473],[113.7094,-26.8478],[113.333,-26.4174],[113.2311,-26.2414],[113.1848,-26.1822],[113.2107,-26.1742],[113.2531,-26.1973],[113.3001,-26.2402],[113.3232,-26.2438],[113.3453,-26.2083],[113.3429,-26.1261],[113.3561,-26.0805],[113.389,-26.1056],[113.4274,-26.198],[113.5466,-26.4367],[113.5816,-26.5581],[113.7337,-26.5951],[113.7804,-26.5633],[113.8364,-26.5006],[113.8528,-26.3321],[113.7758,-26.256],[113.7064,-26.2236],[113.5891,-26.0986],[113.5134,-25.8983],[113.3953,-25.7133],[113.3974,-25.6472],[113.4514,-25.5991],[113.5395,-25.6252],[113.6212,-25.7316],[113.7131,-25.8308],[113.6979,-26.0042],[113.6836,-26.0517],[113.6917,-26.0917],[113.7237,-26.1298],[113.7658,-26.1598],[113.8118,-26.1158],[113.8539,-26.0145],[113.8799,-26.0276],[113.9424,-26.2587],[113.992,-26.3215],[114.0903,-26.3937],[114.176,-26.3375],[114.2157,-26.2895],[114.2033,-26.1264],[114.2285,-25.9688],[114.2143,-25.8516],[113.9928,-25.5448],[113.7924,-25.1657],[113.6708,-24.9771],[113.5692,-24.693],[113.5035,-24.5946],[113.4177,-24.4356],[113.413,-24.254],[113.4213,-24.1323],[113.4898,-23.8696],[113.5529,-23.7328],[113.757,-23.4182],[113.767,-23.2825],[113.7648,-23.1805],[113.7949,-23.0236],[113.7951,-22.9146],[113.7679,-22.8129],[113.6828,-22.6378],[113.795,-22.3321],[113.9584,-21.9392],[114.0229,-21.8814],[114.1239,-21.8286],[114.1426,-21.9098],[114.0928,-22.1813],[114.1639,-22.3233],[114.1416,-22.4831],[114.2052,-22.4559],[114.3035,-22.4254],[114.3777,-22.3415],[114.417,-22.261],[114.6028,-21.9422],[114.7093,-21.8234],[114.8591,-21.7359],[115.1617,-21.6306],[115.4562,-21.4917],[115.5961,-21.3581],[115.7715,-21.2423],[115.8936,-21.1167],[116.0109,-21.0304],[116.6059,-20.7134],[116.7067,-20.6538],[116.8363,-20.6471],[116.9953,-20.6576],[117.1391,-20.6409],[117.2928,-20.7131],[117.4062,-20.7212],[117.6839,-20.6428],[117.8323,-20.5726],[118.0873,-20.419],[118.1992,-20.3752],[118.4583,-20.3267],[118.7515,-20.2619],[119.1045,-19.9953],[119.3588,-20.0123],[119.5859,-20.0383],[119.7678,-19.9584],[120.1963,-19.9095],[120.4337,-19.842],[120.8784,-19.665],[120.9979,-19.6044],[121.1798,-19.4779],[121.3377,-19.3199],[121.4936,-19.1064],[121.5895,-18.9151],[121.6307,-18.8166],[121.722,-18.66],[121.7849,-18.5359],[121.8338,-18.4771],[122.0062,-18.3937],[122.2621,-18.1591],[122.3454,-18.1119],[122.3609,-18.0369],[122.3058,-17.9949],[122.2374,-17.9686],[122.1913,-17.7203],[122.1475,-17.549],[122.1432,-17.4284],[122.1603,-17.3137],[122.2609,-17.1357],[122.3327,-17.0594],[122.432,-16.9704],[122.5226,-16.9429],[122.5979,-16.8649],[122.7204,-16.7877],[122.7721,-16.7102],[122.848,-16.5524],[122.9168,-16.4326],[122.9707,-16.4368],[123.0744,-16.7153],[123.1421,-16.8631],[123.2659,-17.0368],[123.3832,-17.2928],[123.4788,-17.41],[123.5252,-17.4857],[123.5631,-17.5209],[123.5715,-17.4723],[123.5618,-17.4154],[123.6079,-17.2199],[123.5863,-17.0827],[123.5936,-17.0304],[123.6177,-17.0083],[123.6641,-17.0232],[123.7538,-17.0998],[123.799,-17.1271],[123.8311,-17.1208],[123.8295,-16.9969],[123.8744,-16.9187],[123.8563,-16.8647],[123.7781,-16.8678],[123.745,-16.801],[123.6805,-16.7236],[123.6071,-16.6681],[123.518,-16.5407],[123.4904,-16.4907],[123.5251,-16.4676],[123.5813,-16.4709],[123.626,-16.4163],[123.6465,-16.3431],[123.607,-16.224],[123.6475,-16.1799],[123.7289,-16.1925],[123.8592,-16.3823],[123.9152,-16.3636],[123.9613,-16.2869],[124.0444,-16.2649],[124.1298,-16.2788],[124.186,-16.3336],[124.3004,-16.3883],[124.4527,-16.382],[124.53,-16.3952],[124.6924,-16.3861],[124.772,-16.4026],[124.757,-16.3733],[124.6692,-16.3388],[124.5703,-16.3318],[124.4545,-16.3353],[124.4049,-16.2989],[124.3883,-16.203],[124.4164,-16.1335],[124.4346,-16.1038],[124.51,-16.1163],[124.5769,-16.1137],[124.5851,-16.0201],[124.6086,-15.9375],[124.6485,-15.8702],[124.6483,-15.8055],[124.6066,-15.8227],[124.5043,-15.9725],[124.4553,-15.8506],[124.3816,-15.7582],[124.3966,-15.6259],[124.4396,-15.4936],[124.5057,-15.4754],[124.5616,-15.4963],[124.6443,-15.4188],[124.6909,-15.3597],[124.6802,-15.311],[124.6926,-15.2736],[124.7505,-15.2853],[124.9721,-15.4043],[125.0164,-15.4665],[125.063,-15.4423],[125.0779,-15.3745],[125.0729,-15.3067],[125.024,-15.317],[124.9092,-15.3101],[124.8827,-15.272],[124.8927,-15.2405],[124.8391,-15.1607],[124.9142,-15.11],[124.9787,-15.1066],[125.0233,-15.0719],[125.024,-15.0244],[125.0382,-15.0041],[125.0729,-15.0323],[125.1887,-15.0454],[125.3023,-15.1068],[125.3557,-15.1198],[125.3756,-15.0868],[125.3838,-15.0156],[125.2433,-14.9445],[125.2395,-14.8746],[125.1804,-14.794],[125.1787,-14.7147],[125.2665,-14.6484],[125.2846,-14.5841],[125.3354,-14.5579],[125.4359,-14.5568],[125.5037,-14.5022],[125.5798,-14.4832],[125.5983,-14.3616],[125.5971,-14.2781],[125.6277,-14.2566],[125.7046,-14.2914],[125.6813,-14.388],[125.681,-14.4802],[125.6616,-14.5295],[125.6905,-14.5254],[125.7084,-14.5049],[125.7385,-14.4443],[125.8195,-14.4691],[125.8396,-14.5339],[125.8501,-14.5973],[125.8906,-14.618],[125.9461,-14.5204],[126.0207,-14.4945],[126.0166,-14.3713],[126.0448,-14.283],[126.0536,-14.2167],[126.1009,-14.1844],[126.1113,-14.1141],[126.0734,-14.0655],[126.0539,-13.9772],[126.119,-13.9577],[126.1843,-14.0021],[126.2282,-14.1134],[126.2585,-14.1636],[126.2988,-14.1362],[126.323,-14.0621],[126.4031,-14.0189],[126.4824,-14.0789],[126.5697,-14.1609],[126.6791,-14.0894],[126.7807,-13.9552],[126.7645,-13.873],[126.7756,-13.7885],[126.9032,-13.7441],[127.0061,-13.7768],[127.0992,-13.8674],[127.2931,-13.9348],[127.4576,-14.0314],[127.5311,-14.0946],[127.6729,-14.1951],[127.7635,-14.2994],[127.8876,-14.4852],[128.1805,-14.7116],[128.1994,-14.7518],[128.1599,-14.8273],[128.1244,-14.9241],[128.0805,-15.088],[128.0694,-15.3293],[128.1117,-15.312],[128.1555,-15.2256],[128.2018,-15.2434],[128.2547,-15.2985],[128.259,-15.2456],[128.2272,-15.2136],[128.1729,-15.1022],[128.175,-15.0432],[128.2184,-14.9957],[128.2852,-14.9389],[128.3582,-14.9017],[128.4032,-14.8691],[128.4099,-14.8289],[128.4774,-14.788],[128.5758,-14.7745],[128.6355,-14.781],[129.0582,-14.8844],[129.1651,-14.9876],[129.1752,-15.115],[129.2158,-15.1603],[129.2379,-15.0802],[129.2336,-14.9061],[129.2676,-14.8715],[129.3812,-14.8984],[129.459,-14.9332],[129.5671,-15.0474],[129.5877,-15.1033],[129.6348,-15.1397],[129.6503,-15.0868],[129.6282,-15.0118],[129.6127,-14.9259],[129.6371,-14.851],[129.7635,-14.845],[129.8487,-14.8289],[129.8084,-14.7997],[129.7535,-14.7896],[129.663,-14.7209],[129.6047,-14.6471],[129.6986,-14.5753],[129.6979,-14.5574],[129.6079,-14.5597],[129.4839,-14.4897],[129.3787,-14.3925],[129.4592,-14.2135],[129.6196,-14.0384],[129.7099,-13.98],[129.7184,-13.9209],[129.7617,-13.8119],[129.7893,-13.7199],[129.7972,-13.6484],[129.8389,-13.5729],[129.9379,-13.5017],[130.0727,-13.4762],[130.1359,-13.4483],[130.1993,-13.3826],[130.2598,-13.3022],[130.135,-13.1455],[130.1453,-13.0592],[130.1682,-12.9574],[130.318,-12.8829],[130.3999,-12.6879],[130.4542,-12.6586],[130.5719,-12.6644],[130.6175,-12.6469],[130.6096,-12.4913],[130.6227,-12.4311],[130.6724,-12.4069],[130.7361,-12.4277],[130.7766,-12.4953],[130.8674,-12.5578],[130.8982,-12.5236],[130.8829,-12.4551],[130.8738,-12.3672],[130.9566,-12.3482],[131.0234,-12.3429],[131.0301,-12.2711],[131.0195,-12.2139],[131.0457,-12.1896],[131.2199,-12.1779],[131.2654,-12.119],[131.2916,-12.0679],[131.3138,-12.0959],[131.3421,-12.2101],[131.4383,-12.277],[131.7263,-12.2781],[131.888,-12.2319],[131.9567,-12.2593],[132.0641,-12.2808],[132.1823,-12.227],[132.2532,-12.186],[132.3721,-12.2392],[132.411,-12.2951],[132.4416,-12.1764],[132.5105,-12.1349],[132.5838,-12.1103],[132.6764,-12.1301],[132.7128,-12.1234],[132.6305,-12.0352],[132.6353,-11.9547],[132.6299,-11.8358],[132.6447,-11.7271],[132.6742,-11.649],[132.4752,-11.4915],[132.2779,-11.4677],[132.1336,-11.5007],[132.0729,-11.4747],[131.9446,-11.3485],[131.8225,-11.3024],[131.8118,-11.2714],[131.9615,-11.1809],[132.0186,-11.1964],[132.1058,-11.2812],[132.1555,-11.3111],[132.1978,-11.305],[132.225,-11.2388],[132.2627,-11.204],[132.334,-11.2235],[132.5573,-11.3669],[132.6828,-11.5056],[132.7471,-11.4689],[132.8571,-11.3911],[132.961,-11.4073],[133.0249,-11.4528],[133.1144,-11.6218],[133.1853,-11.7057],[133.3562,-11.7282],[133.4432,-11.7604],[133.5332,-11.8162],[133.6545,-11.8113],[133.9042,-11.832],[134.1395,-11.9401],[134.2371,-12.0077],[134.3511,-12.0258],[134.4174,-12.0527],[134.5381,-12.0608],[134.7303,-11.9844],[134.8164,-12.0547],[134.8547,-12.1025],[135.0297,-12.1937],[135.218,-12.2217],[135.3523,-12.1292],[135.5487,-12.0606],[135.6855,-11.9562],[135.7885,-11.907],[135.8853,-11.8217],[135.9225,-11.8258],[135.8436,-11.9055],[135.834,-11.9507],[135.8958,-11.9695],[135.8895,-11.9928],[135.8043,-12.0548],[135.7025,-12.1516],[135.7044,-12.2099],[135.7439,-12.2417],[135.7908,-12.2275],[135.8574,-12.1785],[135.9378,-12.1521],[136.0085,-12.1914],[136.0314,-12.3309],[136.0818,-12.4225],[136.1927,-12.4352],[136.2606,-12.4338],[136.3285,-12.3056],[136.2919,-12.1964],[136.2499,-12.173],[136.2701,-12.1316],[136.4434,-11.9515],[136.5402,-11.9576],[136.6098,-12.1336],[136.7194,-12.2265],[136.8364,-12.2191],[136.8975,-12.2436],[136.9475,-12.3499],[136.537,-12.7843],[136.5178,-12.8328],[136.573,-12.9116],[136.5943,-13.0038],[136.461,-13.2252],[136.4119,-13.2361],[136.3646,-13.1764],[136.2941,-13.138],[136.2323,-13.1649],[136.1661,-13.1811],[135.9273,-13.3043],[135.9292,-13.6216],[135.9896,-13.8102],[135.9545,-13.9349],[135.8834,-14.1531],[135.8063,-14.2342],[135.7445,-14.2866],[135.5389,-14.585],[135.4732,-14.6566],[135.4052,-14.7582],[135.428,-14.8557],[135.4533,-14.9231],[135.5308,-15.0004],[135.8326,-15.1602],[135.9695,-15.2702],[136.2054,-15.4034],[136.2593,-15.4952],[136.2914,-15.5701],[136.4619,-15.6553],[136.5836,-15.7065],[136.6188,-15.6934],[136.6441,-15.6756],[136.6746,-15.6754],[136.7049,-15.6853],[136.7001,-15.752],[136.6867,-15.7885],[136.6981,-15.835],[136.7847,-15.8942],[136.9227,-15.8924],[137.0021,-15.8783],[137.0898,-15.9413],[137.1689,-15.9821],[137.2993,-16.0663],[137.5264,-16.1671],[137.7037,-16.233],[137.9129,-16.4766],[138.0716,-16.617],[138.245,-16.7184],[138.5057,-16.7896],[138.6257,-16.7778],[138.8203,-16.8606],[139.0099,-16.8993],[139.1104,-17.0141],[139.1445,-17.1011],[139.1541,-17.1678],[139.2484,-17.3286],[139.4405,-17.3806],[139.6896,-17.5407],[139.8945,-17.6113],[139.946,-17.6536],[140.0358,-17.7026],[140.2097,-17.7044],[140.5111,-17.6245],[140.6484,-17.5437],[140.8305,-17.4145],[140.9158,-17.1926],[140.966,-17.0146],[141.2191,-16.6462],[141.2914,-16.4635],[141.3557,-16.2211],[141.4119,-16.0695],[141.3932,-15.9047],[141.4516,-15.6053],[141.5814,-15.1954],[141.6255,-15.0566],[141.6035,-14.8527],[141.5229,-14.4701],[141.559,-14.3379],[141.5943,-14.1528],[141.5354,-14.0187],[141.4807,-13.9268],[141.4726,-13.7976],[141.5342,-13.5538],[141.5888,-13.4251],[141.6454,-13.2591],[141.6136,-12.9435],[141.7346,-12.8335],[141.7822,-12.7787],[141.8758,-12.7782],[141.9203,-12.8029],[141.9298,-12.7398],[141.8929,-12.6813],[141.8783,-12.6133],[141.8521,-12.5787],[141.7945,-12.5666],[141.7467,-12.5294],[141.6777,-12.4914],[141.6886,-12.3511],[141.8058,-12.0801],[141.8705,-11.9756],[141.913,-12.0192],[141.9611,-12.0543],[141.9678,-11.9763],[141.9516,-11.8962],[142.0405,-11.6317],[142.139,-11.2732],[142.1684,-10.9466],[142.3265,-10.8842],[142.4068,-10.8022],[142.4564,-10.7073],[142.5448,-10.7073],[142.6051,-10.7482],[142.5654,-10.8194],[142.5527,-10.8744],[142.723,-11.0104],[142.7797,-11.1153],[142.8033,-11.214],[142.8368,-11.3069],[142.8529,-11.4322],[142.8506,-11.6323],[142.8726,-11.8214],[142.934,-11.8808],[142.9885,-11.919],[143.0664,-11.9241],[143.1789,-11.9545]]]]}},{"type":"Feature","properties":{},"geometry":{"type":"MultiPolygon","coordinates":[[[[178.2802,-17.372],[178.2802,-17.4162],[178.3095,-17.4354],[178.3386,-17.4385],[178.4109,-17.523],[178.5232,-17.5958],[178.5916,-17.6515],[178.5957,-17.699],[178.5749,-17.7493],[178.6038,-17.8394],[178.6179,-17.9328],[178.6677,-18.0809],[178.5974,-18.109],[178.4867,-18.1123],[178.4611,-18.139],[178.4234,-18.1242],[178.3315,-18.1353],[178.2438,-18.184],[178.1602,-18.2502],[178.064,-18.2504],[177.9555,-18.2641],[177.8471,-18.2549],[177.7708,-18.2195],[177.6364,-18.1811],[177.4573,-18.1482],[177.3832,-18.1207],[177.3214,-18.0775],[177.2635,-17.9687],[177.2549,-17.9149],[177.264,-17.8635],[177.3163,-17.8461],[177.3602,-17.82],[177.3664,-17.786],[177.3857,-17.7623],[177.4109,-17.7537],[177.4232,-17.7373],[177.4056,-17.6821],[177.4007,-17.6316],[177.5045,-17.5396],[177.618,-17.461],[177.818,-17.3885],[177.9402,-17.3951],[178.1276,-17.3393],[178.1876,-17.313],[178.2472,-17.3291],[178.2802,-17.372]]]]}},{"type":"Feature","properties":{},"geometry":{"type":"MultiPolygon","coordinates":[[[[164.2023,-20.2461],[164.3151,-20.3089],[164.4359,-20.2822],[164.5881,-20.3812],[164.9757,-20.6811],[165.1119,-20.7445],[165.1918,-20.7688],[165.2523,-20.818],[165.3066,-20.887],[165.3806,-20.9358],[165.4125,-20.9813],[165.4205,-21.0428],[165.4472,-21.0806],[165.5824,-21.18],[165.6628,-21.2672],[165.7746,-21.3117],[165.8229,-21.3638],[165.8854,-21.3892],[165.9495,-21.4424],[166.0578,-21.4839],[166.3033,-21.6372],[166.493,-21.7828],[166.5875,-21.8729],[166.6896,-21.953],[166.8201,-22.017],[166.9424,-22.0901],[167.0043,-22.2615],[166.9703,-22.3229],[166.9,-22.3533],[166.835,-22.3555],[166.7741,-22.3762],[166.5706,-22.2655],[166.5222,-22.2492],[166.468,-22.2561],[166.4377,-22.2315],[166.4164,-22.1962],[166.2923,-22.1551],[166.1767,-22.0892],[166.1432,-22.0444],[166.1237,-21.9888],[166.0961,-21.9566],[165.933,-21.908],[165.8234,-21.8538],[165.7438,-21.7773],[165.6202,-21.7242],[165.4276,-21.615],[165.3286,-21.5801],[165.242,-21.5255],[165.0102,-21.3269],[164.9274,-21.2898],[164.8553,-21.2016],[164.6557,-20.9921],[164.5595,-20.9059],[164.4547,-20.8291],[164.3745,-20.7393],[164.3129,-20.6327],[164.1697,-20.4802],[164.1521,-20.4149],[164.1581,-20.3479],[164.1236,-20.3049],[164.065,-20.2786],[164.0373,-20.2336],[164.0405,-20.1729],[164.0597,-20.1415],[164.2023,-20.2461]]]]}},{"type":"Feature","properties":{},"geometry":{"type":"MultiPolygon","coordinates":[[[[69.1849,-49.1096],[69.2651,-49.1154],[69.3143,-49.1063],[69.535,-48.9743],[69.5928,-48.971],[69.5873,-49.072],[69.644,-49.1174],[69.5723,-49.129],[69.4362,-49.124],[69.4051,-49.1817],[69.5424,-49.2557],[69.6107,-49.2658],[69.6666,-49.2649],[69.7707,-49.2481],[69.8544,-49.2216],[69.984,-49.1599],[70.0613,-49.136],[70.2084,-49.135],[70.285,-49.0765],[70.3202,-49.0586],[70.4062,-49.0611],[70.4843,-49.0839],[70.5309,-49.1369],[70.5555,-49.2015],[70.5368,-49.2655],[70.4851,-49.3276],[70.3898,-49.3656],[70.4114,-49.4109],[70.3861,-49.434],[70.3384,-49.4353],[70.2977,-49.4248],[70.2378,-49.3716],[70.1658,-49.343],[69.9932,-49.3449],[69.9156,-49.3485],[69.9021,-49.3893],[69.8611,-49.4205],[69.8184,-49.4377],[69.76,-49.4302],[69.7492,-49.4476],[69.7803,-49.4901],[69.856,-49.544],[69.9864,-49.5816],[70.0629,-49.5894],[70.0734,-49.5178],[70.1658,-49.5094],[70.2478,-49.5307],[70.3071,-49.5835],[70.2588,-49.6008],[70.2162,-49.6288],[70.2074,-49.665],[70.1243,-49.7044],[70.0751,-49.7086],[69.9189,-49.6894],[69.8261,-49.6449],[69.8039,-49.6136],[69.7467,-49.6018],[69.682,-49.6422],[69.6129,-49.651],[69.4776,-49.6174],[69.3527,-49.5632],[69.2746,-49.5428],[69.1531,-49.5297],[69.0859,-49.6529],[68.993,-49.705],[68.8727,-49.7099],[68.8147,-49.6996],[68.7828,-49.6513],[68.7912,-49.5996],[68.8105,-49.5502],[68.8483,-49.4996],[68.8721,-49.4443],[68.8619,-49.3922],[68.8185,-49.3539],[68.8414,-49.2854],[68.7988,-49.2316],[68.8136,-49.1921],[68.8834,-49.1649],[68.8538,-49.1413],[68.8167,-49.1351],[68.7901,-49.1037],[68.7695,-49.0659],[68.7966,-48.9947],[68.8369,-48.9262],[68.832,-48.8487],[68.9003,-48.7756],[68.9587,-48.6938],[69.0024,-48.6612],[69.0572,-48.6564],[69.0812,-48.6793],[69.0931,-48.7239],[69.0716,-48.7528],[69.1228,-48.766],[69.1361,-48.861],[69.1041,-48.8999],[69.0994,-48.9376],[69.0327,-49.0176],[69.0521,-49.0819],[69.1849,-49.1096]]]]}},{"type":"Feature","properties":{},"geometry":{"type":"MultiPolygon","coordinates":[[[[-120.5563,-73.7561],[-120.3781,-73.8559],[-120.3123,-73.922],[-120.2725,-73.9892],[-120.9895,-74.157],[-121.019,-74.1734],[-121.0541,-74.26],[-121.0364,-74.2793],[-121.0047,-74.2929],[-121.0024,-74.3264],[-121.0624,-74.3373],[-122.2866,-74.4031],[-122.8591,-74.3427],[-122.9384,-74.3021],[-122.9561,-74.2403],[-122.8906,-74.2271],[-122.7647,-74.2187],[-122.7942,-74.1904],[-122.8752,-74.1412],[-122.8808,-74.099],[-122.71,-73.9937],[-122.6247,-73.9655],[-122.9512,-73.8666],[-122.9916,-73.8441],[-123.0347,-73.8376],[-123.1908,-73.8493],[-123.3462,-73.8431],[-123.2918,-73.803],[-123.2491,-73.7387],[-123.1122,-73.6822],[-123.0125,-73.6729],[-122.9104,-73.6797],[-122.4357,-73.6816],[-121.9667,-73.7118],[-121.4973,-73.7328],[-120.7222,-73.752],[-120.5563,-73.7561]]]]}},{"type":"Feature","properties":{},"geometry":{"type":"MultiPolygon","coordinates":[[[[-126.3299,-73.2862],[-126.0653,-73.3148],[-125.9759,-73.3568],[-125.8566,-73.3883],[-125.7358,-73.4057],[-125.6268,-73.4532],[-125.5613,-73.5364],[-125.5039,-73.5625],[-125.3262,-73.6179],[-125.264,-73.6664],[-125.2761,-73.6905],[-125.6124,-73.7107],[-125.7232,-73.7027],[-125.8284,-73.7184],[-125.8599,-73.7486],[-125.857,-73.7802],[-125.7986,-73.802],[-125.6744,-73.8222],[-125.5524,-73.8201],[-125.3269,-73.7955],[-125.2244,-73.8008],[-125.1088,-73.826],[-124.9934,-73.8298],[-124.6944,-73.7496],[-124.6175,-73.7353],[-124.54,-73.7397],[-124.1285,-73.834],[-124.042,-73.8804],[-124.1005,-73.9068],[-124.1518,-73.9442],[-124.1293,-73.9711],[-123.9323,-74.008],[-123.8512,-74.057],[-123.8004,-74.0763],[-123.811,-74.1174],[-123.8388,-74.1683],[-123.8367,-74.2257],[-123.9374,-74.2562],[-123.9825,-74.2561],[-124.1994,-74.2256],[-124.873,-74.2083],[-125.0896,-74.1824],[-125.4208,-74.0699],[-125.5493,-74.0627],[-125.6827,-74.0354],[-125.8869,-73.9546],[-126.2441,-73.8909],[-126.4717,-73.8121],[-126.4656,-73.7463],[-126.4961,-73.7002],[-126.5384,-73.6802],[-126.5827,-73.6699],[-126.7109,-73.6536],[-126.8382,-73.6573],[-126.9017,-73.6768],[-127.0064,-73.7258],[-127.1221,-73.7342],[-127.2116,-73.7244],[-127.2316,-73.7135],[-127.2329,-73.5855],[-127.332,-73.5675],[-127.4144,-73.5163],[-127.4291,-73.4469],[-127.3943,-73.3822],[-127.2676,-73.304],[-127.1235,-73.2943],[-126.9778,-73.308],[-126.83,-73.2908],[-126.5969,-73.2789],[-126.3299,-73.2862]]]]}},{"type":"Feature","properties":{},"geometry":{"type":"MultiPolygon","coordinates":[[[[-66.1736,-80.0778],[-66.2672,-80.0814],[-66.3195,-80.0751],[-66.3669,-80.0543],[-66.4104,-79.9733],[-66.9042,-79.9089],[-66.9624,-79.8727],[-66.9937,-79.7934],[-67.0772,-79.7618],[-67.7191,-79.6202],[-67.7708,-79.5895],[-67.8087,-79.5459],[-67.6879,-79.5284],[-67.4382,-79.5604],[-66.9789,-79.5687],[-66.8813,-79.5822],[-66.7852,-79.608],[-66.2738,-79.612],[-66.0142,-79.6244],[-65.8703,-79.7377],[-65.5792,-79.7708],[-65.5396,-79.8369],[-65.5044,-79.9543],[-65.899,-80.0405],[-65.9894,-80.054],[-66.1736,-80.0778]]]]}},{"type":"Feature","properties":{},"geometry":{"type":"MultiPolygon","coordinates":[[[[-57.846,-64.0539],[-57.8085,-64.0676],[-57.7737,-64.0615],[-57.7412,-64.0479],[-57.7101,-64.0151],[-57.5929,-63.9671],[-57.4797,-63.9616],[-57.5171,-64.0106],[-57.2495,-64.0971],[-57.2728,-64.1662],[-57.2223,-64.2214],[-57.3276,-64.2378],[-57.414,-64.2959],[-57.3384,-64.3183],[-57.2947,-64.367],[-57.3879,-64.3789],[-57.5808,-64.3504],[-57.6832,-64.3572],[-57.6708,-64.3109],[-57.7033,-64.2933],[-57.8229,-64.3021],[-57.8715,-64.401],[-57.9098,-64.4101],[-57.9522,-64.394],[-57.9207,-64.3312],[-57.9711,-64.3204],[-58.0216,-64.3216],[-58.1695,-64.3686],[-58.2141,-64.3697],[-58.3044,-64.3146],[-58.02,-64.242],[-58.1377,-64.2062],[-58.1622,-64.1607],[-58.1471,-64.0974],[-58.2504,-64.1068],[-58.352,-64.1307],[-58.3976,-64.1348],[-58.4381,-64.1135],[-58.425,-64.0678],[-58.3419,-63.9943],[-58.2748,-63.9162],[-58.1457,-63.8776],[-58.0704,-63.8475],[-57.9707,-63.8347],[-57.9257,-63.8061],[-57.8313,-63.8038],[-57.7795,-63.8683],[-57.7807,-63.9068],[-57.827,-63.9492],[-57.846,-64.0539]]]]}},{"type":"Feature","properties":{},"geometry":{"type":"MultiPolygon","coordinates":[[[[-63.1806,-64.4695],[-63.277,-64.5733],[-63.1305,-64.5724],[-63.0321,-64.535],[-62.9282,-64.5193],[-62.8365,-64.5719],[-63.0256,-64.6109],[-63.2026,-64.6803],[-63.2754,-64.7174],[-63.3549,-64.7339],[-63.4578,-64.7273],[-63.5584,-64.7342],[-63.6469,-64.803],[-63.7395,-64.8343],[-63.7699,-64.8084],[-63.8044,-64.7915],[-64.0071,-64.7686],[-64.0992,-64.7327],[-64.1837,-64.7096],[-64.2721,-64.6976],[-64.2262,-64.6354],[-64.1711,-64.5819],[-63.8671,-64.5098],[-63.8969,-64.4871],[-63.9162,-64.4572],[-63.6744,-64.4214],[-63.6683,-64.384],[-63.6831,-64.3428],[-63.6056,-64.3142],[-63.5342,-64.2729],[-63.4856,-64.2605],[-63.3336,-64.2662],[-63.2296,-64.3236],[-63.2707,-64.3807],[-63.1806,-64.4695]]]]}},{"type":"Feature","properties":{},"geometry":{"type":"MultiPolygon","coordinates":[[[[-73.7066,-70.6352],[-73.5503,-70.7234],[-73.6945,-70.7943],[-74.205,-70.9241],[-74.5047,-70.9734],[-74.8058,-71.0123],[-76.1763,-71.1324],[-76.2713,-71.1328],[-76.364,-71.1168],[-76.4215,-71.0904],[-76.5115,-70.9908],[-76.5002,-70.9414],[-76.3776,-70.8941],[-76.2489,-70.8638],[-76.0346,-70.8359],[-75.21,-70.7726],[-75.127,-70.7518],[-75.0599,-70.7056],[-75.0375,-70.6506],[-75.0075,-70.6089],[-74.9536,-70.5902],[-74.8985,-70.5905],[-74.7905,-70.631],[-74.5897,-70.792],[-74.5271,-70.7697],[-74.4687,-70.7267],[-74.4562,-70.5867],[-74.401,-70.5759],[-74.225,-70.6146],[-74.1146,-70.6554],[-74.1126,-70.5768],[-74.0383,-70.5529],[-73.9578,-70.5609],[-73.8795,-70.5781],[-73.7066,-70.6352]]]]}},{"type":"Feature","properties":{},"geometry":{"type":"MultiPolygon","coordinates":[[[[-74.9871,-69.7278],[-74.8102,-69.7524],[-74.5497,-69.8609],[-74.4654,-69.9169],[-74.438,-69.9496],[-74.4601,-69.9717],[-74.5784,-69.998],[-74.6718,-70.1317],[-74.8488,-70.1793],[-75.2684,-70.1494],[-75.7268,-70.0961],[-75.7645,-70.0851],[-75.8042,-70.0382],[-75.8129,-69.984],[-75.7595,-69.9161],[-75.6813,-69.8816],[-75.3399,-69.8402],[-75.3139,-69.8168],[-75.2646,-69.7493],[-75.179,-69.7352],[-75.1364,-69.7406],[-74.9871,-69.7278]]]]}},{"type":"Feature","properties":{},"geometry":{"type":"MultiPolygon","coordinates":[[[[-98.0911,-71.9125],[-98.1759,-72.0185],[-98.168,-72.123],[-97.9231,-72.1166],[-97.816,-71.9188],[-97.5848,-71.8826],[-97.4735,-72.0003],[-97.582,-72.0951],[-97.5256,-72.1492],[-97.4603,-72.1883],[-97.3452,-72.1891],[-97.242,-72.1318],[-97.1955,-72.091],[-97.1548,-72.0454],[-97.0887,-71.944],[-96.8694,-71.851],[-96.3833,-71.8363],[-96.125,-71.8955],[-96.2982,-72.0451],[-96.7149,-72.1316],[-96.9789,-72.2219],[-96.8901,-72.247],[-96.7987,-72.2595],[-96.7176,-72.2555],[-96.4823,-72.2076],[-95.9063,-72.122],[-95.6854,-72.0566],[-95.6094,-72.0685],[-95.6095,-72.175],[-95.5311,-72.2487],[-95.5754,-72.41],[-95.8257,-72.439],[-96.0782,-72.4538],[-96.0143,-72.5247],[-96.0299,-72.5543],[-96.0518,-72.5772],[-96.6927,-72.5477],[-96.8039,-72.558],[-96.9148,-72.5783],[-97.0276,-72.5738],[-97.2503,-72.5209],[-97.3655,-72.5218],[-97.5956,-72.5477],[-97.8283,-72.557],[-98.1634,-72.5561],[-98.4078,-72.5477],[-98.6407,-72.4897],[-98.8815,-72.4732],[-99.1488,-72.472],[-99.4343,-72.4066],[-99.6724,-72.3799],[-100.0143,-72.3124],[-100.1041,-72.287],[-100.1952,-72.2727],[-100.3574,-72.2781],[-101.602,-72.1757],[-101.7848,-72.1777],[-101.9033,-72.1903],[-102.0221,-72.185],[-102.2648,-72.1353],[-102.3136,-72.0811],[-102.2883,-72.0321],[-102.2365,-72.0093],[-102.1281,-71.9854],[-100.4009,-71.8657],[-100.2187,-71.8329],[-100.0846,-71.8369],[-99.9852,-71.9395],[-99.8332,-72.0461],[-99.784,-72.0443],[-99.7349,-72.033],[-99.5631,-71.9449],[-99.2541,-71.9722],[-99.0821,-71.9325],[-98.9646,-71.8543],[-98.6154,-71.7638],[-98.3943,-71.7815],[-98.1892,-71.82],[-98.0911,-71.9125]]]]}},{"type":"Feature","properties":{},"geometry":{"type":"MultiPolygon","coordinates":[[[[-74.3544,-73.0984],[-74.4989,-73.2292],[-74.5225,-73.2439],[-74.6677,-73.2753],[-74.6154,-73.3114],[-74.5755,-73.3277],[-74.5506,-73.3691],[-74.4671,-73.4271],[-74.3661,-73.4643],[-74.4521,-73.5654],[-74.5747,-73.6113],[-75.9008,-73.3326],[-76.0032,-73.288],[-76.0531,-73.2547],[-76.0904,-73.2028],[-76.0964,-73.1505],[-76.0624,-73.1088],[-76.0177,-73.0854],[-75.8977,-73.0563],[-75.7747,-73.0543],[-75.5059,-73.1089],[-75.4676,-73.1011],[-75.4172,-73.0516],[-75.2762,-73.0504],[-75.2438,-73.0094],[-75.4395,-72.9942],[-75.6003,-72.9526],[-75.7018,-72.911],[-75.7311,-72.8793],[-75.3769,-72.8204],[-74.4739,-72.8937],[-74.3355,-72.9189],[-74.2758,-72.9513],[-74.2239,-72.9971],[-74.3544,-73.0984]]]]}},{"type":"Feature","properties":{},"geometry":{"type":"MultiPolygon","coordinates":[[[[-67.9885,-67.4744],[-68.0925,-67.5387],[-68.1751,-67.5582],[-68.2504,-67.5396],[-68.3251,-67.5324],[-68.3813,-67.5554],[-68.4394,-67.6562],[-68.5067,-67.7071],[-68.5804,-67.7328],[-68.6224,-67.7226],[-68.6641,-67.7229],[-68.7337,-67.7457],[-68.8183,-67.7534],[-68.9014,-67.7442],[-68.9823,-67.68],[-69.0976,-67.6027],[-69.1204,-67.5779],[-69.138,-67.5152],[-69.1327,-67.4526],[-69.0824,-67.4031],[-68.8199,-67.2336],[-68.7336,-67.1572],[-68.6563,-67.0704],[-68.5746,-66.9926],[-68.4168,-66.8533],[-68.3359,-66.8021],[-67.9376,-66.6568],[-67.8305,-66.6243],[-67.7111,-66.633],[-67.6812,-66.709],[-67.7408,-66.7462],[-67.9324,-66.8445],[-67.9692,-66.9821],[-67.9684,-67.0322],[-67.9489,-67.0448],[-67.8761,-67.0624],[-67.8278,-67.0819],[-67.7612,-67.1229],[-67.6878,-67.1474],[-67.848,-67.2191],[-67.9563,-67.2554],[-68.0301,-67.3],[-68.1751,-67.3441],[-68.2351,-67.372],[-68.1444,-67.3824],[-68.007,-67.418],[-67.9695,-67.4503],[-67.9885,-67.4744]]]]}},{"type":"Feature","properties":{},"geometry":{"type":"MultiPolygon","coordinates":[[[[-58.8502,-51.2699],[-58.6975,-51.3285],[-58.5063,-51.3081],[-58.4258,-51.3242],[-58.3787,-51.373],[-58.4067,-51.4184],[-58.4674,-51.4118],[-58.5192,-51.4239],[-58.5089,-51.4836],[-58.4737,-51.5091],[-58.2716,-51.5747],[-58.2345,-51.5786],[-58.2411,-51.5511],[-58.2762,-51.5061],[-58.2893,-51.4575],[-58.2592,-51.4171],[-58.2064,-51.4047],[-57.9765,-51.3844],[-57.9225,-51.4035],[-57.8085,-51.518],[-57.9154,-51.5338],[-57.9604,-51.5832],[-57.8664,-51.6046],[-57.7918,-51.6361],[-57.8312,-51.6846],[-57.8382,-51.7092],[-58.004,-51.7435],[-58.1509,-51.7654],[-58.2176,-51.8225],[-58.336,-51.8638],[-58.6835,-51.9362],[-58.6431,-51.9948],[-58.6377,-52.023],[-58.6528,-52.0992],[-59.1313,-52.0079],[-59.1959,-52.0177],[-59.068,-52.173],[-59.1628,-52.2018],[-59.2563,-52.1831],[-59.3415,-52.196],[-59.3957,-52.308],[-59.5322,-52.2364],[-59.6487,-52.1344],[-59.6492,-52.0772],[-59.5367,-51.9706],[-59.5708,-51.9254],[-59.3087,-51.7805],[-59.2618,-51.7373],[-59.18,-51.7125],[-59.0954,-51.7041],[-59.0595,-51.6854],[-59.0654,-51.6502],[-59.0995,-51.5897],[-59.0966,-51.4914],[-58.8867,-51.3579],[-58.9175,-51.2721],[-58.8502,-51.2699]]]]}},{"type":"Feature","properties":{},"geometry":{"type":"MultiPolygon","coordinates":[[[[-37.1033,-54.0656],[-37.0061,-54.1143],[-36.9289,-54.0812],[-36.8489,-54.0851],[-36.8052,-54.1015],[-36.7601,-54.1077],[-36.7038,-54.1081],[-36.6069,-54.1898],[-36.6474,-54.2623],[-36.541,-54.248],[-36.4486,-54.3084],[-36.4067,-54.3033],[-36.3858,-54.2789],[-36.3265,-54.2512],[-36.2853,-54.2887],[-36.2356,-54.3604],[-36.1726,-54.3822],[-36.1169,-54.4583],[-36.0731,-54.5541],[-36.0331,-54.5677],[-35.9646,-54.5681],[-35.8953,-54.5548],[-35.9215,-54.6375],[-35.9133,-54.7108],[-35.7986,-54.7635],[-35.8669,-54.7924],[-35.9389,-54.8343],[-36.0855,-54.8668],[-36.1236,-54.8529],[-36.2517,-54.7799],[-36.3115,-54.6938],[-36.4458,-54.5707],[-36.4721,-54.5345],[-36.5065,-54.5112],[-36.6281,-54.4961],[-36.735,-54.4666],[-36.8239,-54.4043],[-36.8517,-54.366],[-36.886,-54.3395],[-37.0067,-54.3409],[-37.0828,-54.3115],[-37.1581,-54.2715],[-37.4977,-54.1559],[-37.6309,-54.1675],[-37.6923,-54.1348],[-37.689,-54.0768],[-37.6188,-54.0421],[-37.9128,-54.0289],[-38.0174,-54.008],[-37.9455,-53.9956],[-37.5358,-53.9937],[-37.3822,-53.9841],[-37.3687,-54.0092],[-37.2328,-54.0605],[-37.1033,-54.0656]]]]}},{"type":"Feature","properties":{},"geometry":{"type":"MultiPolygon","coordinates":[[[[-73.7734,-43.3459],[-73.8486,-43.3668],[-73.9187,-43.372],[-73.9899,-43.3566],[-74.1144,-43.3579],[-74.2386,-43.3188],[-74.3549,-43.2636],[-74.3874,-43.2316],[-74.3731,-43.1857],[-74.2894,-43.0795],[-74.2095,-42.8787],[-74.1563,-42.5905],[-74.1988,-42.4813],[-74.1936,-42.436],[-74.1741,-42.3815],[-74.1644,-42.3255],[-74.1703,-42.2689],[-74.1602,-42.2164],[-74.0723,-42.1059],[-74.0594,-42.0562],[-74.0568,-42.0023],[-74.0188,-41.8909],[-74.0305,-41.854],[-74.063,-41.8228],[-74.0367,-41.7955],[-73.731,-41.8772],[-73.5278,-41.8963],[-73.5169,-41.9809],[-73.4778,-42.0472],[-73.4545,-42.1659],[-73.4229,-42.1929],[-73.4393,-42.2778],[-73.5328,-42.3145],[-73.5246,-42.3926],[-73.4708,-42.4663],[-73.5493,-42.4926],[-73.6339,-42.5082],[-73.6535,-42.5287],[-73.7147,-42.5447],[-73.7893,-42.5857],[-73.7668,-42.6219],[-73.673,-42.7044],[-73.5683,-42.7616],[-73.5107,-42.8472],[-73.4363,-42.9365],[-73.4727,-42.9933],[-73.5408,-43.0737],[-73.6496,-43.1271],[-73.7497,-43.1591],[-73.7379,-43.2914],[-73.7734,-43.3459]]]]}},{"type":"Feature","properties":{},"geometry":{"type":"MultiPolygon","coordinates":[[[[-60.2862,-51.4619],[-60.1416,-51.481],[-60.0087,-51.4105],[-59.9171,-51.3881],[-59.8416,-51.4033],[-59.7884,-51.446],[-59.7113,-51.4393],[-59.4935,-51.3957],[-59.4651,-51.4105],[-59.3876,-51.36],[-59.3209,-51.3836],[-59.2681,-51.4275],[-59.2939,-51.4785],[-59.3542,-51.5109],[-59.3924,-51.5562],[-59.437,-51.5927],[-59.5142,-51.6266],[-59.5732,-51.6809],[-59.7149,-51.8077],[-59.9214,-51.9695],[-59.9897,-51.9841],[-60.1323,-51.9938],[-60.1938,-51.9827],[-60.2463,-51.9864],[-60.2883,-52.0737],[-60.3535,-52.1399],[-60.3842,-52.154],[-60.452,-52.1603],[-60.4841,-52.1703],[-60.5084,-52.1947],[-60.6864,-52.1884],[-60.8122,-52.1478],[-60.9614,-52.0573],[-60.7625,-51.9465],[-60.5911,-51.9516],[-60.4498,-51.8771],[-60.3345,-51.8396],[-60.2887,-51.8013],[-60.2385,-51.772],[-60.2381,-51.7338],[-60.2765,-51.7166],[-60.3283,-51.7184],[-60.3796,-51.7352],[-60.5001,-51.7565],[-60.5825,-51.7127],[-60.5281,-51.6964],[-60.4672,-51.6972],[-60.281,-51.6561],[-60.2452,-51.6389],[-60.3026,-51.5805],[-60.4149,-51.545],[-60.5058,-51.4854],[-60.5228,-51.4632],[-60.5183,-51.4278],[-60.5685,-51.3578],[-60.5157,-51.3543],[-60.4455,-51.3994],[-60.2862,-51.4619]]]]}},{"type":"Feature","properties":{},"geometry":{"type":"MultiPolygon","coordinates":[[[[-74.4762,-49.1479],[-74.4668,-49.2945],[-74.4836,-49.4419],[-74.5221,-49.6229],[-74.5158,-49.6596],[-74.4708,-49.6686],[-74.4588,-49.6911],[-74.472,-49.7862],[-74.4961,-49.8595],[-74.5426,-49.9191],[-74.5698,-49.9907],[-74.5947,-50.0066],[-74.7034,-50.0192],[-74.763,-50.0114],[-74.8108,-49.9297],[-74.8247,-49.8795],[-74.8219,-49.8139],[-74.8804,-49.7259],[-74.8822,-49.6922],[-74.8593,-49.6342],[-74.812,-49.6053],[-74.8048,-49.516],[-74.781,-49.4893],[-74.7271,-49.4523],[-74.7188,-49.437],[-74.7238,-49.4238],[-74.7438,-49.4225],[-74.9601,-49.533],[-74.9813,-49.5642],[-74.9908,-49.6057],[-74.9935,-49.7518],[-75.0315,-49.8362],[-75.066,-49.8523],[-75.1669,-49.856],[-75.3001,-49.8475],[-75.4512,-49.7699],[-75.5498,-49.7913],[-75.5701,-49.6971],[-75.5208,-49.6217],[-75.3371,-49.6282],[-75.3059,-49.494],[-75.3642,-49.4625],[-75.4289,-49.4084],[-75.4675,-49.3589],[-75.4332,-49.3221],[-75.3267,-49.2687],[-75.2696,-49.2629],[-75.2168,-49.2928],[-75.086,-49.2702],[-75.0937,-49.1854],[-75.2102,-49.148],[-75.1842,-49.0836],[-75.0371,-49.0221],[-74.9492,-48.9602],[-74.9452,-48.8895],[-74.9808,-48.8188],[-74.9695,-48.7913],[-74.8962,-48.7332],[-74.7935,-48.7051],[-74.7467,-48.7089],[-74.6516,-48.7499],[-74.5666,-48.7548],[-74.5461,-48.7669],[-74.5307,-48.8126],[-74.4762,-49.1479]]]]}},{"type":"Feature","properties":{},"geometry":{"type":"MultiPolygon","coordinates":[[[[-72.9861,-44.7801],[-73.2285,-44.86],[-73.35,-44.8332],[-73.3971,-44.7743],[-73.4201,-44.7248],[-73.4451,-44.641],[-73.4037,-44.5961],[-73.3149,-44.5313],[-73.282,-44.4896],[-73.266,-44.4402],[-73.2716,-44.3941],[-73.26,-44.3503],[-73.2077,-44.335],[-73.0284,-44.3841],[-72.8424,-44.4577],[-72.7764,-44.5086],[-72.7641,-44.549],[-72.8453,-44.6385],[-72.8972,-44.712],[-72.9861,-44.7801]]]]}},{"type":"Feature","properties":{},"geometry":{"type":"MultiPolygon","coordinates":[[[[145.043,-40.7867],[145.1587,-40.7906],[145.2243,-40.7651],[145.283,-40.7699],[145.3494,-40.8264],[145.4294,-40.8582],[145.4852,-40.8523],[145.5335,-40.864],[145.5765,-40.9041],[145.686,-40.9391],[145.7338,-40.962],[145.7754,-40.9972],[145.8215,-41.0246],[146.1111,-41.1181],[146.3175,-41.1635],[146.5744,-41.1424],[146.6506,-41.1162],[146.7234,-41.078],[146.786,-41.1137],[146.8481,-41.1681],[146.836,-41.1094],[146.8566,-41.0583],[146.9194,-41.0178],[146.9898,-40.9924],[147.1058,-40.9942],[147.2188,-40.9834],[147.2689,-40.9598],[147.3205,-40.9564],[147.3877,-40.9855],[147.4548,-41.0017],[147.5008,-40.9642],[147.5793,-40.8756],[147.6217,-40.8447],[147.8177,-40.8717],[147.8729,-40.8726],[147.9688,-40.7796],[148.0328,-40.781],[148.2152,-40.8549],[148.2929,-40.9471],[148.2854,-41.1153],[148.2916,-41.1746],[148.3063,-41.2331],[148.3122,-41.3497],[148.2898,-41.465],[148.2869,-41.555],[148.2966,-41.6462],[148.2876,-41.8157],[148.3157,-41.9277],[148.3017,-42.0042],[148.3015,-42.0399],[148.328,-42.0737],[148.3408,-42.1111],[148.3311,-42.1592],[148.3426,-42.2153],[148.3313,-42.2616],[148.2903,-42.255],[148.277,-42.2194],[148.2846,-42.1734],[148.2771,-42.1364],[148.2558,-42.1026],[148.1831,-42.0647],[148.2044,-42.042],[148.2416,-42.0219],[148.2137,-41.97],[148.1672,-42.0123],[148.1412,-42.0698],[148.1562,-42.0883],[148.1275,-42.1037],[148.0666,-42.1703],[148.0228,-42.2595],[148.0049,-42.3451],[148.0094,-42.4359],[147.9735,-42.5059],[147.9244,-42.5725],[147.9121,-42.6585],[147.915,-42.8164],[147.9577,-42.9604],[147.9809,-43.157],[147.9454,-43.1818],[147.8386,-43.1951],[147.7858,-43.22],[147.6989,-43.1226],[147.6479,-43.0206],[147.6873,-42.9799],[147.7739,-43.0034],[147.8004,-42.9803],[147.8074,-42.9541],[147.8,-42.9281],[147.6935,-42.872],[147.5738,-42.8457],[147.5358,-42.878],[147.549,-42.9745],[147.5367,-42.9965],[147.4523,-43.0334],[147.408,-42.8938],[147.2979,-42.7909],[147.302,-42.8405],[147.3477,-42.9266],[147.3427,-42.9645],[147.325,-43.0135],[147.2808,-43.0317],[147.2598,-43.0711],[147.2598,-43.1265],[147.245,-43.2159],[147.1729,-43.2559],[146.997,-43.1563],[146.9849,-43.1898],[146.9875,-43.2188],[147.0773,-43.2759],[147.0359,-43.319],[147.0047,-43.3696],[146.9547,-43.5024],[146.8739,-43.6125],[146.8343,-43.6193],[146.6992,-43.602],[146.5485,-43.5089],[146.4132,-43.5195],[146.1867,-43.5128],[146.0432,-43.5472],[146.0131,-43.4448],[145.9817,-43.4084],[145.9944,-43.3761],[146.1088,-43.3544],[146.2264,-43.3553],[146.208,-43.3162],[146.1765,-43.3018],[146.1251,-43.3112],[145.9753,-43.2771],[145.8732,-43.2924],[145.8027,-43.244],[145.6815,-43.076],[145.61,-42.9982],[145.5674,-42.968],[145.5176,-42.9514],[145.4876,-42.9267],[145.2682,-42.5443],[145.2371,-42.4556],[145.1988,-42.2309],[145.3729,-42.3385],[145.4349,-42.4065],[145.4683,-42.4929],[145.5272,-42.3882],[145.5166,-42.3545],[145.3604,-42.2275],[145.3396,-42.1907],[145.3311,-42.1471],[145.2944,-42.191],[145.2349,-42.197],[145.259,-42.1073],[145.2382,-42.0196],[145.0554,-41.8268],[144.9155,-41.644],[144.7779,-41.4188],[144.7661,-41.39],[144.7644,-41.3415],[144.6978,-41.1907],[144.6624,-41.0789],[144.6461,-40.9809],[144.7097,-40.7829],[144.7186,-40.6723],[144.8186,-40.7217],[145.043,-40.7867]]]]}},{"type":"Feature","properties":{},"geometry":{"type":"MultiPolygon","coordinates":[[[[173.2694,-34.9348],[173.2846,-34.9806],[173.3399,-34.9479],[173.3812,-34.8965],[173.4479,-34.8443],[173.4387,-34.9285],[173.4727,-34.947],[173.6937,-35.0057],[173.7393,-35.0546],[173.7862,-35.0686],[173.8128,-35.0412],[173.8439,-35.0263],[173.9238,-35.0571],[174.104,-35.1429],[174.1189,-35.1724],[174.1098,-35.2164],[174.1188,-35.2629],[174.1432,-35.3],[174.2032,-35.3086],[174.2829,-35.2535],[174.3203,-35.2467],[174.3733,-35.3245],[174.3932,-35.3686],[174.385,-35.3671],[174.4191,-35.4107],[174.4647,-35.4541],[174.5435,-35.582],[174.5317,-35.627],[174.5086,-35.6674],[174.5807,-35.7855],[174.5335,-35.7938],[174.391,-35.7737],[174.3958,-35.7974],[174.4787,-35.8841],[174.5487,-36.0066],[174.6049,-36.0806],[174.8021,-36.3095],[174.7725,-36.3909],[174.7771,-36.4446],[174.7518,-36.4908],[174.8192,-36.6121],[174.7771,-36.6498],[174.7492,-36.774],[174.7187,-36.7958],[174.7225,-36.8412],[174.802,-36.8532],[174.8499,-36.8726],[174.8914,-36.9094],[174.9172,-36.865],[174.9521,-36.8529],[175.0471,-36.9122],[175.2451,-36.9713],[175.2995,-36.9933],[175.3265,-37.0409],[175.3467,-37.1562],[175.3854,-37.2069],[175.4609,-37.2167],[175.5425,-37.2014],[175.5682,-37.1594],[175.552,-37.0465],[175.4932,-36.8657],[175.4929,-36.8069],[175.5013,-36.748],[175.4874,-36.6896],[175.458,-36.6343],[175.4264,-36.5919],[175.3855,-36.5563],[175.3998,-36.5008],[175.4608,-36.4757],[175.4977,-36.5227],[175.528,-36.5793],[175.6814,-36.747],[175.7722,-36.7352],[175.7807,-36.8046],[175.8422,-36.8751],[175.8762,-36.9577],[175.9211,-37.2046],[175.9901,-37.437],[176.1146,-37.5383],[176.129,-37.5867],[176.0533,-37.5617],[176.0299,-37.5763],[176.0379,-37.6007],[176.1084,-37.6451],[176.1911,-37.667],[176.2432,-37.6639],[176.2917,-37.6801],[176.6147,-37.831],[176.77,-37.8896],[177.1618,-37.9857],[177.274,-37.9935],[177.3359,-37.9908],[177.4533,-37.9574],[177.5583,-37.8975],[177.6489,-37.8078],[177.7273,-37.7056],[177.8127,-37.656],[177.9095,-37.6169],[177.958,-37.5807],[178.0092,-37.5549],[178.2722,-37.5669],[178.3607,-37.6185],[178.476,-37.6598],[178.5362,-37.6921],[178.516,-37.7576],[178.4471,-37.8544],[178.3939,-37.9603],[178.3473,-38.2009],[178.3154,-38.444],[178.2677,-38.5512],[178.1807,-38.6337],[178.0849,-38.6939],[177.9762,-38.7223],[177.9321,-38.8603],[177.9104,-39.0218],[177.9166,-39.0624],[177.9514,-39.0945],[177.9656,-39.1425],[177.9088,-39.2396],[177.8755,-39.2255],[177.8287,-39.1447],[177.7861,-39.1109],[177.6559,-39.0857],[177.5229,-39.0738],[177.4075,-39.0812],[177.2966,-39.1158],[177.1287,-39.1861],[177.0768,-39.2218],[177.0312,-39.2669],[176.9541,-39.3676],[176.9357,-39.4907],[176.9393,-39.5553],[176.9666,-39.6052],[177.1099,-39.6731],[176.968,-39.9107],[176.8422,-40.1578],[176.7707,-40.2284],[176.6888,-40.2935],[176.6115,-40.442],[176.4765,-40.57],[176.3852,-40.6677],[176.3139,-40.7689],[176.2518,-40.8769],[176.1187,-41.0291],[176.06,-41.1297],[175.9829,-41.2133],[175.8396,-41.3201],[175.6873,-41.4117],[175.4471,-41.5383],[175.3803,-41.5801],[175.3098,-41.6106],[175.2222,-41.5744],[175.2045,-41.535],[175.1847,-41.449],[175.1656,-41.4174],[175.0539,-41.3912],[174.9061,-41.4329],[174.8813,-41.424],[174.8752,-41.4043],[174.875,-41.2782],[174.9002,-41.2427],[174.8656,-41.223],[174.8315,-41.2308],[174.8197,-41.2629],[174.8412,-41.2907],[174.757,-41.3253],[174.6695,-41.3263],[174.643,-41.3127],[174.6354,-41.2895],[174.6565,-41.2513],[174.6849,-41.2177],[174.8478,-41.0588],[175.0168,-40.8477],[175.1625,-40.6216],[175.2005,-40.5054],[175.2541,-40.2894],[175.2102,-40.1994],[175.156,-40.1149],[175.0093,-39.9521],[174.8138,-39.8602],[174.6873,-39.8472],[174.5675,-39.813],[174.4547,-39.7352],[174.3521,-39.6434],[174.1486,-39.5682],[173.9344,-39.5091],[173.8121,-39.4258],[173.783,-39.3762],[173.7637,-39.3188],[173.7664,-39.2653],[173.7816,-39.2112],[173.8061,-39.1695],[173.8443,-39.1394],[174.0714,-39.0312],[174.3117,-38.9711],[174.3561,-38.9722],[174.3984,-38.9626],[174.4585,-38.9258],[174.5662,-38.8416],[174.5974,-38.7851],[174.6186,-38.6053],[174.653,-38.4283],[174.7153,-38.2256],[174.8093,-38.0998],[174.84,-38.0227],[174.8017,-37.8955],[174.8368,-37.8489],[174.8796,-37.8208],[174.928,-37.8045],[174.846,-37.6852],[174.7494,-37.5047],[174.7292,-37.4487],[174.7439,-37.3935],[174.7677,-37.3391],[174.7074,-37.3253],[174.6726,-37.2731],[174.5858,-37.0978],[174.6097,-37.0699],[174.6597,-37.0888],[174.7343,-37.2152],[174.7464,-37.1501],[174.8036,-37.1101],[174.8639,-37.0893],[174.9289,-37.0848],[174.782,-36.9438],[174.7329,-36.9494],[174.668,-36.9719],[174.6015,-36.9857],[174.5365,-36.9733],[174.4756,-36.9419],[174.4445,-36.8825],[174.4061,-36.7683],[174.3819,-36.726],[174.1889,-36.4923],[174.2457,-36.485],[174.4016,-36.602],[174.4317,-36.5646],[174.4543,-36.5107],[174.4469,-36.4509],[174.4096,-36.4056],[174.3541,-36.376],[174.3531,-36.3229],[174.3954,-36.2741],[174.3928,-36.24],[174.3035,-36.1705],[174.2679,-36.1631],[174.2521,-36.1956],[174.2775,-36.2437],[174.2537,-36.2491],[174.0364,-36.1225],[173.9693,-36.0206],[173.9145,-35.9087],[173.9089,-35.9542],[173.9173,-36.0182],[174.0031,-36.1463],[174.1424,-36.2895],[174.1664,-36.3276],[174.1458,-36.377],[174.0975,-36.391],[174.0547,-36.3598],[173.991,-36.2372],[173.9451,-36.1759],[173.4122,-35.5426],[173.4803,-35.459],[173.5858,-35.3886],[173.6104,-35.3572],[173.6262,-35.3191],[173.5816,-35.3126],[173.5417,-35.3299],[173.4961,-35.3623],[173.4543,-35.3992],[173.4017,-35.4812],[173.3764,-35.5001],[173.314,-35.4434],[173.2902,-35.4083],[173.2912,-35.3663],[173.2745,-35.3396],[173.2281,-35.3312],[173.1602,-35.2478],[173.1167,-35.2053],[173.1888,-35.1237],[173.1906,-35.0162],[173.1173,-34.9033],[173.0296,-34.7999],[172.8607,-34.6323],[172.706,-34.4552],[172.8737,-34.4329],[173.0439,-34.4291],[172.9638,-34.5352],[172.9998,-34.5965],[173.0544,-34.6482],[173.1711,-34.8069],[173.1813,-34.8527],[173.2405,-34.899],[173.2694,-34.9348]]]]}},{"type":"Feature","properties":{},"geometry":{"type":"MultiPolygon","coordinates":[[[[173.1153,-41.2793],[173.2309,-41.2842],[173.3378,-41.2109],[173.4473,-41.1514],[173.5625,-41.1021],[173.7379,-40.989],[173.7838,-40.9724],[173.8976,-40.9508],[173.9472,-40.9241],[174.0024,-40.9178],[173.9528,-40.9849],[173.8898,-41.0072],[173.8799,-41.0314],[173.9151,-41.0701],[173.8604,-41.1244],[173.8624,-41.1921],[173.7979,-41.272],[173.8971,-41.2394],[173.9334,-41.1873],[173.9146,-41.158],[173.9576,-41.0999],[174.024,-41.0723],[173.9976,-41.0281],[173.9994,-40.9933],[174.0806,-41.0062],[174.1212,-41.0047],[174.1532,-40.9909],[174.2118,-40.9854],[174.2238,-41.0244],[174.3025,-41.0195],[174.2739,-41.0688],[174.2137,-41.1256],[174.1995,-41.1602],[174.1031,-41.2174],[174.0386,-41.2419],[174.1381,-41.2482],[174.2836,-41.1716],[174.3701,-41.1037],[174.3676,-41.1884],[174.2973,-41.2643],[174.2371,-41.3122],[174.1695,-41.3271],[174.1021,-41.3659],[174.0693,-41.4295],[174.0729,-41.4717],[174.0924,-41.5052],[174.1611,-41.5618],[174.0837,-41.6708],[174.1699,-41.6572],[174.2171,-41.6777],[174.2831,-41.7406],[174.2434,-41.8131],[174.2154,-41.8502],[174.0473,-42.003],[173.9739,-42.0806],[173.888,-42.1302],[173.8892,-42.2116],[173.8398,-42.2709],[173.5893,-42.4739],[173.5451,-42.518],[173.3476,-42.8408],[173.2212,-42.9766],[173.1488,-43.0228],[173.0724,-43.0603],[172.8889,-43.1242],[172.808,-43.1978],[172.7186,-43.2588],[172.624,-43.2725],[172.627,-43.2995],[172.6875,-43.3146],[172.7348,-43.3548],[172.6997,-43.3997],[172.6322,-43.4279],[172.5622,-43.436],[172.5267,-43.4647],[172.6935,-43.4443],[172.7404,-43.4679],[172.7492,-43.5173],[172.7666,-43.5619],[172.807,-43.621],[172.9473,-43.6586],[173.0732,-43.6762],[173.098,-43.7035],[173.1169,-43.7979],[173.0939,-43.8441],[173.0656,-43.8746],[173.0233,-43.8854],[172.9206,-43.8914],[172.8177,-43.8701],[172.7493,-43.8131],[172.5547,-43.8313],[172.5027,-43.8437],[172.476,-43.8334],[172.5838,-43.7735],[172.5272,-43.7395],[172.4804,-43.7267],[172.4297,-43.7465],[172.3956,-43.7778],[172.3853,-43.8296],[172.3504,-43.8594],[172.2966,-43.8679],[172.2207,-43.825],[172.1458,-43.7636],[172.0355,-43.7018],[172.0522,-43.74],[172.1372,-43.8338],[172.1798,-43.896],[172.0808,-43.9456],[171.9776,-43.9843],[171.8906,-44.0069],[171.8084,-44.0423],[171.712,-44.0975],[171.659,-44.1172],[171.5178,-44.1184],[171.4426,-44.1358],[171.4175,-44.2087],[171.3646,-44.255],[171.2407,-44.2642],[171.2854,-44.2787],[171.313,-44.3019],[171.2311,-44.5212],[171.2131,-44.6122],[171.1979,-44.7679],[171.1463,-44.9123],[170.999,-44.9114],[171.0229,-44.937],[171.1342,-44.9777],[171.1133,-45.0393],[170.9907,-45.1515],[170.9396,-45.2164],[170.8899,-45.3739],[170.8152,-45.5191],[170.7006,-45.6843],[170.6997,-45.714],[170.7398,-45.7561],[170.7885,-45.7925],[170.7912,-45.8438],[170.7763,-45.8709],[170.7218,-45.878],[170.6742,-45.8957],[170.4191,-45.941],[170.3354,-45.9918],[170.2668,-46.0826],[170.1861,-46.1608],[169.9183,-46.3344],[169.7607,-46.4798],[169.7291,-46.5214],[169.6866,-46.5517],[169.3423,-46.6205],[169.0986,-46.6307],[168.9658,-46.613],[168.8378,-46.5782],[168.7668,-46.5663],[168.6314,-46.5876],[168.5723,-46.611],[168.4664,-46.5879],[168.3821,-46.6054],[168.3572,-46.5884],[168.3257,-46.5457],[168.3431,-46.4891],[168.3197,-46.4472],[168.2662,-46.4188],[168.2303,-46.3857],[168.1892,-46.3622],[168.0773,-46.3529],[167.9004,-46.3678],[167.842,-46.3662],[167.7221,-46.2271],[167.6822,-46.193],[167.5395,-46.1485],[167.4906,-46.1547],[167.4143,-46.2289],[167.3689,-46.2415],[167.1003,-46.2494],[166.8308,-46.2255],[166.7315,-46.1979],[166.7121,-46.1337],[166.9167,-45.9572],[166.8564,-45.9809],[166.7303,-46.0527],[166.6499,-46.0417],[166.727,-45.9633],[166.7338,-45.9283],[166.718,-45.8894],[166.6127,-45.9554],[166.4932,-45.9639],[166.4776,-45.9027],[166.4883,-45.8318],[166.5129,-45.8117],[166.836,-45.7745],[166.9525,-45.7502],[167.0033,-45.7121],[166.81,-45.699],[166.7977,-45.6456],[166.8256,-45.6028],[166.9908,-45.5317],[166.869,-45.5499],[166.734,-45.5436],[166.7431,-45.4685],[166.7783,-45.4097],[166.9199,-45.4079],[166.8756,-45.3676],[166.8692,-45.3112],[166.9086,-45.3074],[167.0521,-45.3832],[167.1557,-45.4109],[167.1121,-45.3539],[167.1178,-45.318],[167.1453,-45.3019],[167.2301,-45.2903],[167.2068,-45.2803],[167.1273,-45.2658],[167.0328,-45.2225],[167.0227,-45.1767],[167.0259,-45.1236],[167.1279,-45.0508],[167.1882,-45.0941],[167.2595,-45.0822],[167.2051,-45.0481],[167.1719,-44.9971],[167.1945,-44.9635],[167.4107,-44.8279],[167.4662,-44.9583],[167.4792,-44.915],[167.4821,-44.8739],[167.4563,-44.8383],[167.46,-44.8023],[167.485,-44.7714],[167.5776,-44.7408],[167.6981,-44.6413],[167.787,-44.595],[167.8594,-44.6247],[167.909,-44.6647],[167.9016,-44.625],[167.8664,-44.5921],[167.8565,-44.5007],[168.0184,-44.3588],[168.1962,-44.2236],[168.3666,-44.082],[168.4574,-44.0306],[168.651,-43.9722],[168.7748,-43.9965],[168.8064,-43.992],[168.9904,-43.8899],[169.0665,-43.8635],[169.1359,-43.8999],[169.1789,-43.9131],[169.1357,-43.8198],[169.1695,-43.7771],[169.3231,-43.7016],[169.5152,-43.6236],[169.6615,-43.5912],[169.7692,-43.5385],[169.8339,-43.537],[169.824,-43.4972],[169.8351,-43.459],[169.8908,-43.4616],[169.908,-43.4466],[169.859,-43.426],[170.0176,-43.3494],[170.1037,-43.265],[170.1488,-43.2476],[170.1896,-43.2221],[170.2402,-43.1639],[170.3,-43.1446],[170.3558,-43.1536],[170.3961,-43.1822],[170.3743,-43.1347],[170.3028,-43.1076],[170.3795,-43.0662],[170.4587,-43.0377],[170.5358,-43.0585],[170.6118,-43.0918],[170.5358,-43.0407],[170.5236,-43.009],[170.6155,-42.9725],[170.6654,-42.9612],[170.7353,-43.0298],[170.7253,-42.9755],[170.7416,-42.9273],[170.8403,-42.8486],[170.9699,-42.7184],[171.0114,-42.7637],[171.0178,-42.8188],[171.0117,-42.8851],[171.0384,-42.8621],[171.0476,-42.8019],[171.0277,-42.6961],[171.1896,-42.5005],[171.2213,-42.4786],[171.257,-42.4653],[171.3134,-42.4602],[171.2961,-42.4306],[171.2522,-42.402],[171.2965,-42.3025],[171.3227,-42.1891],[171.3603,-42.08],[171.4206,-41.973],[171.4862,-41.7947],[171.5363,-41.7575],[171.6722,-41.7447],[171.7316,-41.7196],[171.8307,-41.6552],[171.948,-41.5387],[172.0107,-41.4447],[172.0934,-41.2016],[172.1395,-40.9473],[172.2728,-40.7587],[172.4682,-40.6222],[172.6406,-40.5183],[172.7111,-40.4967],[172.8302,-40.49],[172.9437,-40.5187],[172.7326,-40.5438],[172.7111,-40.6054],[172.7044,-40.6678],[172.7289,-40.7236],[172.7668,-40.7734],[172.8691,-40.8203],[172.9887,-40.8482],[173.0423,-40.9536],[173.0521,-41.0786],[173.0687,-41.1858],[173.1153,-41.2793]]]]}},{"type":"Feature","properties":{},"geometry":{"type":"MultiPolygon","coordinates":[[[[49.5383,-12.4321],[49.5842,-12.5367],[49.6378,-12.6371],[49.805,-12.8797],[49.8765,-12.973],[49.9375,-13.0723],[49.9672,-13.2702],[50.0734,-13.5779],[50.1738,-14.0402],[50.2046,-14.5145],[50.2354,-14.732],[50.3135,-14.9368],[50.4413,-15.1493],[50.4827,-15.3856],[50.4046,-15.6291],[50.2915,-15.8585],[50.2623,-15.9016],[50.209,-15.9604],[50.185,-15.9578],[50.0944,-15.8986],[50.0204,-15.8018],[49.9266,-15.5735],[49.8926,-15.4577],[49.8533,-15.4395],[49.7437,-15.4495],[49.6644,-15.5216],[49.6499,-15.567],[49.667,-15.6957],[49.6971,-15.8114],[49.7104,-15.9289],[49.7128,-16.0768],[49.7423,-16.1215],[49.7859,-16.1591],[49.8311,-16.2559],[49.8391,-16.4865],[49.8113,-16.603],[49.734,-16.703],[49.7386,-16.7584],[49.7672,-16.8151],[49.7397,-16.8494],[49.6369,-16.8929],[49.5952,-16.9312],[49.5396,-17.0329],[49.4493,-17.2406],[49.4371,-17.3467],[49.4937,-17.6695],[49.4778,-17.8985],[49.3629,-18.3363],[49.2969,-18.544],[49.2033,-18.7923],[49.0601,-19.1196],[48.9181,-19.5305],[48.7975,-19.9532],[48.7083,-20.2073],[48.607,-20.4575],[48.4686,-20.9],[48.3508,-21.349],[48.1759,-21.8431],[47.9345,-22.3939],[47.9084,-22.4658],[47.8583,-22.7473],[47.8041,-22.9915],[47.7395,-23.2334],[47.6041,-23.6331],[47.5887,-23.7563],[47.558,-23.8746],[47.4276,-24.1252],[47.3726,-24.2185],[47.3336,-24.3176],[47.3117,-24.4432],[47.2729,-24.5644],[47.1773,-24.7872],[47.035,-24.979],[46.9382,-25.0487],[46.7285,-25.1499],[46.6223,-25.1704],[46.3867,-25.1728],[46.1587,-25.2304],[45.9209,-25.3413],[45.6922,-25.4685],[45.6046,-25.5287],[45.508,-25.5632],[45.2058,-25.5705],[45.1152,-25.5431],[44.8129,-25.3342],[44.6958,-25.2997],[44.4738,-25.2711],[44.4067,-25.2533],[44.3459,-25.2261],[44.2562,-25.1169],[44.0781,-25.0246],[44.0354,-24.9957],[44.0083,-24.932],[43.9898,-24.8635],[43.9438,-24.7867],[43.9096,-24.6406],[43.8516,-24.5384],[43.6875,-24.3579],[43.67,-24.3003],[43.6568,-24.1088],[43.6621,-23.9792],[43.6461,-23.7419],[43.6647,-23.6303],[43.7223,-23.5297],[43.6987,-23.4209],[43.6376,-23.3065],[43.6146,-23.1882],[43.5695,-23.0805],[43.3979,-22.8863],[43.3575,-22.7908],[43.3296,-22.6919],[43.2648,-22.3836],[43.2571,-22.2764],[43.2666,-22.0493],[43.2905,-21.9325],[43.3322,-21.8512],[43.3427,-21.7904],[43.3697,-21.7383],[43.4105,-21.6965],[43.4378,-21.6467],[43.5019,-21.3564],[43.5831,-21.292],[43.7036,-21.255],[43.8002,-21.1792],[43.8557,-21.0769],[43.9111,-20.8658],[44.0631,-20.6562],[44.1172,-20.5461],[44.2396,-20.3797],[44.3481,-20.1455],[44.3811,-20.0352],[44.4047,-19.9221],[44.4322,-19.6742],[44.4529,-19.5509],[44.4488,-19.4287],[44.3865,-19.3031],[44.2388,-19.0752],[44.234,-19.0326],[44.2457,-18.8632],[44.2331,-18.7406],[44.1787,-18.6186],[44.1088,-18.5035],[44.04,-18.2885],[44.0066,-17.933],[44.0137,-17.8045],[43.9936,-17.6903],[43.9436,-17.5814],[43.9794,-17.3916],[44.4214,-16.7026],[44.4357,-16.6215],[44.418,-16.4113],[44.4271,-16.2891],[44.4425,-16.2437],[44.4762,-16.2173],[44.5519,-16.2045],[44.9092,-16.1745],[44.9551,-16.1533],[45.0442,-16.0951],[45.1668,-15.9828],[45.2229,-15.9505],[45.2713,-15.9623],[45.3023,-16.0104],[45.3422,-16.0367],[45.4863,-15.9858],[45.5418,-15.9843],[45.5982,-15.9926],[45.6247,-15.9458],[45.6405,-15.8831],[45.6615,-15.8389],[45.7002,-15.8138],[45.8859,-15.8001],[46.0043,-15.7821],[46.1575,-15.7383],[46.1905,-15.7469],[46.3141,-15.9046],[46.3516,-15.9182],[46.3996,-15.9246],[46.4416,-15.8959],[46.3413,-15.8134],[46.3262,-15.7667],[46.3314,-15.7137],[46.3852,-15.6001],[46.4751,-15.5135],[46.6747,-15.3818],[46.882,-15.2296],[46.9423,-15.219],[46.9933,-15.2432],[47.0323,-15.4227],[47.0274,-15.4522],[47.0605,-15.4563],[47.0992,-15.4342],[47.1334,-15.3617],[47.1352,-15.3016],[47.1073,-15.2438],[47.0938,-15.195],[47.0926,-15.1501],[47.1977,-15.044],[47.2805,-14.9427],[47.3188,-14.8218],[47.352,-14.7661],[47.4391,-14.7033],[47.4647,-14.7133],[47.4851,-14.7644],[47.4964,-14.8184],[47.474,-14.872],[47.4421,-14.925],[47.4292,-14.9957],[47.4783,-15.0094],[47.5247,-14.9922],[47.5926,-14.8643],[47.67,-14.7433],[47.716,-14.6804],[47.774,-14.6367],[47.8704,-14.6455],[47.9642,-14.6726],[47.8115,-14.5448],[47.7733,-14.3699],[47.9552,-14.0673],[47.9569,-14.0043],[47.9832,-13.9849],[47.9955,-13.9604],[47.9014,-13.8582],[47.8836,-13.8075],[47.896,-13.7307],[47.941,-13.6624],[47.9818,-13.6146],[48.0398,-13.5963],[48.0859,-13.6226],[48.1871,-13.7065],[48.2553,-13.7193],[48.3377,-13.6387],[48.4051,-13.538],[48.5064,-13.4688],[48.6214,-13.426],[48.7965,-13.2675],[48.9104,-12.9358],[48.9194,-12.8391],[48.8942,-12.7217],[48.8538,-12.6102],[48.7863,-12.4709],[48.8039,-12.44],[48.8996,-12.4585],[48.9317,-12.4391],[49.0357,-12.3158],[49.207,-12.0796],[49.2635,-12.0802],[49.3121,-12.1239],[49.3302,-12.1887],[49.364,-12.2363],[49.4798,-12.3484],[49.5383,-12.4321]]]]}},{"type":"Feature","properties":{},"geometry":{"type":"MultiPolygon","coordinates":[[[[-159.0529,-79.8074],[-160.3021,-79.8445],[-160.8067,-79.812],[-161.8655,-79.7035],[-163.3172,-79.5048],[-163.7124,-79.442],[-163.9709,-79.3888],[-164.2258,-79.3208],[-164.2816,-79.2455],[-164.2449,-79.1377],[-164.1995,-79.0508],[-164.1255,-78.9953],[-163.8146,-78.9288],[-163.6603,-78.8558],[-163.3453,-78.7799],[-163.2561,-78.7221],[-163.1241,-78.7191],[-162.8728,-78.7252],[-162.6216,-78.7418],[-162.39,-78.7602],[-162.1607,-78.7935],[-161.643,-78.901],[-161.2834,-79.007],[-160.7644,-79.1316],[-160.2496,-79.2715],[-159.9635,-79.3243],[-159.6841,-79.4024],[-159.4188,-79.5081],[-159.3664,-79.5452],[-159.2561,-79.591],[-159.1897,-79.6373],[-159.1188,-79.6745],[-159.0514,-79.6945],[-158.9966,-79.7352],[-159.0096,-79.7805],[-159.0529,-79.8074]]]]}},{"type":"Feature","properties":{},"geometry":{"type":"MultiPolygon","coordinates":[[[[-70.3341,-79.6799],[-70.5525,-79.683],[-70.9837,-79.6744],[-71.414,-79.6402],[-71.5258,-79.6236],[-71.6867,-79.5681],[-71.7352,-79.5386],[-71.7777,-79.5006],[-71.7835,-79.4443],[-71.6675,-79.2457],[-71.454,-79.1289],[-71.2545,-79.0597],[-70.6259,-78.9016],[-70.544,-78.8837],[-69.9719,-78.8094],[-69.7477,-78.7691],[-69.3982,-78.6861],[-67.4785,-78.3625],[-67.0381,-78.3157],[-66.8402,-78.3497],[-66.7281,-78.3837],[-66.787,-78.4217],[-67.0461,-78.5142],[-67.1664,-78.5695],[-67.481,-78.6824],[-68.157,-78.8709],[-68.6379,-79.0132],[-69.2509,-79.2104],[-69.3944,-79.2798],[-69.6865,-79.4434],[-69.6345,-79.5176],[-69.7317,-79.6184],[-70.1163,-79.666],[-70.3341,-79.6799]]]]}},{"type":"Feature","properties":{},"geometry":{"type":"MultiPolygon","coordinates":[[[[-45.2227,-78.8107],[-45.0916,-78.8143],[-44.5663,-78.8043],[-44.0412,-78.8066],[-43.7221,-78.8185],[-43.6273,-78.8461],[-43.5443,-78.902],[-43.4506,-78.9896],[-43.3637,-79.0848],[-43.2672,-79.1631],[-43.2105,-79.3],[-43.1187,-79.35],[-42.9654,-79.4771],[-42.9447,-79.5791],[-42.99,-79.8013],[-43.0659,-79.8914],[-43.2673,-79.9786],[-43.4958,-79.9693],[-43.6003,-79.9739],[-43.7037,-79.9901],[-43.7422,-80.0029],[-43.7582,-80.0205],[-43.49,-80.0955],[-43.4588,-80.123],[-43.4538,-80.1551],[-43.4894,-80.178],[-43.5279,-80.1914],[-49.1875,-80.6428],[-49.4104,-80.6669],[-49.6297,-80.7123],[-49.7013,-80.7532],[-49.773,-80.7842],[-54.1625,-80.8701],[-54.2021,-80.8639],[-54.2413,-80.847],[-54.3508,-80.7604],[-54.3716,-80.6236],[-54.3472,-80.5694],[-54.1296,-80.5165],[-54.0449,-80.4875],[-53.6761,-80.2837],[-53.4823,-80.189],[-53.3939,-80.1088],[-53.3465,-80.1145],[-53.1764,-80.1609],[-53.0535,-80.175],[-52.8072,-80.156],[-52.5668,-80.099],[-52.461,-80.0666],[-52.3571,-80.0778],[-52.3381,-80.1261],[-52.2972,-80.1412],[-51.7113,-79.9898],[-51.1838,-79.8197],[-50.6644,-79.6268],[-50.4016,-79.5117],[-50.3393,-79.4795],[-50.2949,-79.4297],[-50.3313,-79.3814],[-50.3787,-79.3382],[-50.4195,-79.3213],[-50.4639,-79.3133],[-50.7331,-79.2827],[-50.649,-79.2328],[-50.5733,-79.1723],[-50.5203,-79.1044],[-50.5024,-79.0218],[-50.5137,-78.9799],[-50.5025,-78.9499],[-50.3798,-78.9229],[-50.2978,-78.8822],[-50.2419,-78.8333],[-50.3354,-78.8183],[-50.3774,-78.7805],[-50.2942,-78.696],[-50.2196,-78.6053],[-50.1416,-78.5567],[-49.9397,-78.4622],[-49.3541,-78.2225],[-49.1437,-78.0938],[-49.0812,-78.0475],[-47.6921,-77.8401],[-47.4635,-77.819],[-47.0299,-77.7905],[-46.8257,-77.7853],[-46.2579,-77.8049],[-45.9932,-77.8269],[-45.5303,-77.8814],[-44.852,-77.9884],[-44.5945,-78.0352],[-44.3398,-78.0929],[-44.094,-78.1673],[-43.8545,-78.2585],[-43.8086,-78.2865],[-43.7846,-78.3363],[-43.7767,-78.3851],[-43.7883,-78.4326],[-43.8523,-78.5299],[-43.9472,-78.5976],[-45.0678,-78.6614],[-45.2131,-78.687],[-45.2948,-78.7398],[-45.3523,-78.7912],[-45.2227,-78.8107]]]]}},{"type":"Feature","properties":{},"geometry":{"type":"MultiPolygon","coordinates":[[[[-59.7339,-80.3441],[-59.7737,-80.5581],[-59.7713,-80.6565],[-59.8255,-80.7333],[-59.9264,-80.7743],[-60.1247,-80.8407],[-60.2682,-80.8813],[-60.5828,-80.9481],[-62.0233,-80.8891],[-62.6705,-80.8343],[-62.9404,-80.7658],[-62.9861,-80.7346],[-63.0675,-80.6274],[-63.144,-80.5948],[-63.7149,-80.617],[-64.065,-80.6504],[-64.1265,-80.6679],[-64.2199,-80.734],[-64.2683,-80.7485],[-65.2028,-80.6074],[-66.1837,-80.442],[-66.5914,-80.3576],[-66.7336,-80.3186],[-66.7711,-80.2938],[-66.6811,-80.2604],[-66.5884,-80.2386],[-66.4827,-80.2244],[-66.377,-80.2223],[-66.2958,-80.2348],[-66.2174,-80.2582],[-66.1676,-80.3462],[-66.1155,-80.3612],[-65.9801,-80.3845],[-62.5188,-80.3733],[-62.2318,-80.3687],[-61.6333,-80.3441],[-61.3128,-80.3065],[-61.194,-80.2566],[-61.4848,-80.2438],[-61.5975,-80.2059],[-61.6943,-80.1344],[-61.7168,-80.0693],[-61.6842,-80.0197],[-61.3023,-79.9958],[-61.2462,-79.9783],[-61.3462,-79.9506],[-61.3431,-79.8868],[-61.115,-79.8622],[-61.0263,-79.8089],[-60.5788,-79.741],[-59.8733,-79.777],[-59.7063,-79.8753],[-59.7524,-79.938],[-59.7856,-80.0011],[-59.7878,-80.101],[-59.4981,-80.115],[-59.4078,-80.1509],[-59.3217,-80.1962],[-59.4266,-80.1977],[-59.5301,-80.208],[-59.6124,-80.2555],[-59.6833,-80.3153],[-59.7339,-80.3441]]]]}},{"type":"Feature","properties":{},"geometry":{"type":"MultiPolygon","coordinates":[[[[-70.0511,-69.1891],[-70.0793,-69.3109],[-69.9133,-69.2673],[-69.855,-69.2766],[-69.7076,-69.3209],[-69.4169,-69.5832],[-69.353,-69.6663],[-69.2338,-69.9091],[-69.0913,-70.0903],[-68.7306,-70.4081],[-68.5535,-70.5814],[-68.4595,-70.6829],[-68.4508,-70.8179],[-68.336,-70.8561],[-68.314,-70.9117],[-68.2779,-71.0971],[-68.2524,-71.3135],[-68.2278,-71.7252],[-68.241,-71.8222],[-68.3939,-71.9752],[-68.4607,-72.0854],[-68.5426,-72.1576],[-68.64,-72.2098],[-69.1493,-72.4266],[-69.2093,-72.5342],[-70.0631,-72.6262],[-70.5435,-72.6645],[-70.7313,-72.6229],[-70.9229,-72.6131],[-71.1586,-72.627],[-71.8461,-72.6394],[-72.3675,-72.6697],[-72.4333,-72.6583],[-72.4799,-72.6173],[-72.5308,-72.5896],[-72.6702,-72.5959],[-72.7804,-72.5806],[-72.8876,-72.5467],[-73.007,-72.4841],[-73.0574,-72.4476],[-73.0864,-72.4078],[-72.8548,-72.3042],[-72.7375,-72.2806],[-72.6182,-72.2751],[-72.3761,-72.2963],[-72.135,-72.3313],[-71.6053,-72.359],[-70.8726,-72.3664],[-70.6711,-72.3563],[-70.4277,-72.3226],[-70.206,-72.2277],[-70.3142,-72.191],[-70.4242,-72.1678],[-70.5332,-72.1634],[-70.6414,-72.1696],[-70.9452,-72.2291],[-71.1777,-72.2641],[-71.4125,-72.2845],[-71.6615,-72.2498],[-71.8922,-72.1528],[-71.8976,-72.1208],[-71.1066,-72.0471],[-71.0344,-72.0346],[-70.8911,-71.9874],[-70.8446,-71.9458],[-70.821,-71.9065],[-71.355,-71.8364],[-71.4646,-71.8379],[-71.5744,-71.8506],[-71.8162,-71.8219],[-72.0459,-71.7396],[-72.2591,-71.6412],[-72.3366,-71.6322],[-72.4122,-71.6623],[-72.9276,-71.9217],[-72.9721,-71.9236],[-73.1667,-71.9046],[-73.41,-71.8531],[-73.6329,-71.835],[-73.776,-71.8489],[-73.8299,-71.8702],[-73.6906,-71.9294],[-73.5723,-71.981],[-73.5371,-72.0224],[-73.8993,-72.1523],[-73.9956,-72.1698],[-74.153,-72.1588],[-74.2089,-72.1423],[-74.3218,-72.0727],[-74.4293,-72.0556],[-74.6632,-72.0699],[-74.7858,-72.0636],[-74.9083,-72.0333],[-75.0241,-71.9885],[-75.1297,-71.964],[-75.2589,-71.914],[-75.3531,-71.8784],[-75.3827,-71.8279],[-75.3732,-71.7803],[-75.3308,-71.7523],[-75.3249,-71.7256],[-75.3531,-71.6797],[-75.3354,-71.6452],[-75.2926,-71.6149],[-75.0997,-71.5554],[-74.8631,-71.5434],[-74.6364,-71.6175],[-74.4875,-71.6415],[-74.4187,-71.6433],[-74.3918,-71.6382],[-74.3733,-71.618],[-74.3801,-71.5794],[-74.4203,-71.5072],[-74.4254,-71.4569],[-74.375,-71.4149],[-74.3079,-71.3999],[-74.2361,-71.3884],[-74.1872,-71.383],[-74.041,-71.4104],[-73.9371,-71.4382],[-73.7243,-71.517],[-73.5454,-71.573],[-73.479,-71.5787],[-73.4271,-71.5589],[-73.3802,-71.5279],[-73.5922,-71.448],[-73.6171,-71.3966],[-73.6045,-71.3508],[-73.474,-71.3249],[-73.3974,-71.3212],[-73.0197,-71.3687],[-72.821,-71.3836],[-72.6216,-71.3884],[-72.2117,-71.3351],[-72.4301,-71.275],[-72.9055,-71.2231],[-72.9945,-71.1865],[-73.0604,-71.127],[-72.7104,-71.0729],[-72.3563,-71.0748],[-71.7185,-71.1451],[-71.5045,-71.1115],[-71.3075,-71.0108],[-71.194,-70.9848],[-70.7411,-70.9926],[-70.3807,-70.9464],[-70.3229,-70.9512],[-70.2677,-70.9647],[-69.9165,-71.1338],[-69.8698,-71.1257],[-69.8351,-71.0926],[-69.8229,-71.0337],[-69.8225,-70.9734],[-69.8304,-70.9137],[-69.8758,-70.876],[-69.9332,-70.8804],[-69.993,-70.8971],[-70.094,-70.8826],[-70.1962,-70.8506],[-70.2987,-70.8361],[-70.6606,-70.8179],[-70.9169,-70.7858],[-71.0494,-70.7621],[-71.1727,-70.713],[-71.19,-70.6596],[-71.0611,-70.5371],[-70.5621,-70.4041],[-70.3281,-70.3612],[-70.0904,-70.3507],[-69.9753,-70.3602],[-69.7021,-70.4147],[-69.6599,-70.4123],[-69.6184,-70.398],[-69.883,-70.3052],[-70.1179,-70.2342],[-70.2341,-70.1805],[-70.3276,-70.1597],[-70.7195,-70.1395],[-70.9262,-70.1924],[-71.0237,-70.2014],[-71.1205,-70.1965],[-71.6961,-70.0678],[-71.7285,-70.0537],[-71.81,-70.0052],[-71.8536,-69.9693],[-71.8792,-69.909],[-71.8677,-69.8472],[-71.852,-69.807],[-71.7665,-69.6494],[-71.7182,-69.524],[-71.7429,-69.4228],[-71.8336,-69.3668],[-71.9632,-69.3287],[-72.0807,-69.2672],[-72.1144,-69.2254],[-72.1352,-69.1766],[-72.1379,-69.1146],[-72.1086,-69.0601],[-72.0579,-69.001],[-71.9901,-68.9708],[-71.869,-68.941],[-71.3916,-68.8735],[-70.417,-68.789],[-70.3119,-68.8322],[-70.1543,-68.9229],[-70.1055,-68.9594],[-70.0527,-69.1396],[-70.0511,-69.1891]]]]}},{"type":"Feature","properties":{},"geometry":{"type":"MultiPolygon","coordinates":[[[[-69.167,-52.6676],[-69.0799,-52.6743],[-68.7898,-52.5768],[-68.7575,-52.582],[-68.6592,-52.6315],[-68.6299,-52.6526],[-68.5712,-52.6949],[-68.3388,-52.9001],[-68.2782,-52.984],[-68.2401,-53.0818],[-68.333,-53.0196],[-68.4312,-53.0553],[-68.4795,-53.1138],[-68.5208,-53.1772],[-68.5205,-53.2219],[-68.4885,-53.2609],[-68.3931,-53.2949],[-68.1611,-53.3064],[-68.1441,-53.319],[-68.0085,-53.5641],[-67.9403,-53.6187],[-67.8611,-53.6622],[-67.6781,-53.7871],[-67.5026,-53.922],[-67.2942,-54.0498],[-67.0695,-54.148],[-66.8651,-54.2226],[-66.6701,-54.3136],[-66.462,-54.441],[-66.2356,-54.5335],[-65.9926,-54.5989],[-65.7471,-54.6534],[-65.3693,-54.6321],[-65.252,-54.6381],[-65.179,-54.6781],[-65.2523,-54.7889],[-65.346,-54.8779],[-65.4711,-54.9146],[-65.6033,-54.9281],[-65.7228,-54.9264],[-65.842,-54.91],[-65.9538,-54.9193],[-66.0606,-54.9567],[-66.172,-54.9753],[-66.2868,-54.9777],[-66.3987,-55.0094],[-66.5111,-55.0321],[-66.6277,-55.0133],[-66.9305,-54.9249],[-67.1271,-54.9038],[-67.7933,-54.8687],[-68.0071,-54.8484],[-68.2201,-54.8176],[-68.3317,-54.8163],[-68.491,-54.8362],[-68.6187,-54.8338],[-68.6532,-54.8536],[-68.8039,-54.8536],[-68.8436,-54.8768],[-69.0816,-54.9099],[-69.4863,-54.8589],[-69.5875,-54.8128],[-69.7234,-54.7121],[-69.7718,-54.7392],[-69.8995,-54.7818],[-70.0305,-54.8155],[-70.1381,-54.8192],[-70.2378,-54.7775],[-70.2591,-54.7563],[-70.2817,-54.7518],[-70.4972,-54.8096],[-70.7352,-54.7506],[-70.9247,-54.7144],[-71.2292,-54.6941],[-71.4409,-54.6196],[-71.8315,-54.6262],[-71.9016,-54.6016],[-71.9277,-54.5287],[-71.907,-54.4948],[-71.8234,-54.4744],[-71.8001,-54.434],[-71.7158,-54.4437],[-71.6063,-54.4972],[-71.5728,-54.4953],[-71.5004,-54.4449],[-71.3934,-54.4002],[-71.3552,-54.3954],[-71.1588,-54.4506],[-71.0799,-54.4442],[-70.9665,-54.4195],[-70.9462,-54.398],[-70.9282,-54.3601],[-70.8982,-54.3379],[-70.7973,-54.3272],[-70.6988,-54.3488],[-70.6875,-54.4147],[-70.7011,-54.4854],[-70.573,-54.5044],[-70.4179,-54.5022],[-70.311,-54.5285],[-70.2977,-54.4855],[-70.4683,-54.3732],[-70.54,-54.3034],[-70.6361,-54.2623],[-70.7599,-54.2413],[-70.8631,-54.1104],[-70.8567,-53.9958],[-70.8677,-53.8842],[-70.6445,-53.8229],[-70.6956,-53.7274],[-70.6188,-53.6551],[-70.5313,-53.6273],[-70.4432,-53.8935],[-70.3797,-53.9867],[-70.4605,-54.0057],[-70.6298,-54.0056],[-70.5353,-54.1361],[-70.38,-54.1807],[-70.2461,-54.2774],[-70.2434,-54.3477],[-70.169,-54.3793],[-69.9901,-54.3813],[-69.867,-54.3675],[-69.8091,-54.3208],[-69.7418,-54.3059],[-69.6217,-54.3641],[-69.4193,-54.4071],[-69.3648,-54.4376],[-69.3251,-54.4882],[-69.3225,-54.5427],[-69.3121,-54.5715],[-69.2532,-54.5574],[-69.1692,-54.4833],[-69.1279,-54.4576],[-69.0772,-54.445],[-69.0452,-54.4284],[-69.0443,-54.4067],[-69.1957,-54.3544],[-69.9881,-54.1091],[-70.0856,-54.0111],[-70.1511,-53.8881],[-70.1488,-53.7611],[-70.0911,-53.7218],[-69.9497,-53.6716],[-69.6897,-53.6009],[-69.3899,-53.4994],[-69.3524,-53.48],[-69.356,-53.4163],[-69.3936,-53.3734],[-69.5125,-53.342],[-69.637,-53.3341],[-69.7556,-53.3372],[-69.8741,-53.3505],[-70.0904,-53.4182],[-70.2128,-53.414],[-70.3293,-53.3776],[-70.4157,-53.3048],[-70.4603,-53.2062],[-70.46,-53.1434],[-70.4434,-53.0855],[-70.3907,-53.0265],[-70.32,-53.0007],[-70.2563,-53.0041],[-70.1965,-52.9902],[-70.1609,-52.9699],[-70.1306,-52.9428],[-70.1396,-52.9193],[-70.1627,-52.899],[-70.2592,-52.8572],[-70.2974,-52.817],[-70.3801,-52.752],[-70.3349,-52.7338],[-70.1896,-52.7236],[-70.0882,-52.7686],[-69.9936,-52.8213],[-69.9354,-52.8211],[-69.8832,-52.799],[-69.7636,-52.7313],[-69.6633,-52.6463],[-69.5719,-52.5493],[-69.4984,-52.4914],[-69.4141,-52.4862],[-69.167,-52.6676]]]]}},{"type":"Feature","properties":{},"geometry":{"type":"MultiPolygon","coordinates":[[[[-178.9881,-17.9767],[-179.0184,-17.9918],[-179.0392,-17.9884],[-179.0638,-17.9724],[-179.079,-17.9441],[-179.0476,-17.9204],[-178.9991,-17.9474],[-178.9881,-17.9767]]]]}},{"type":"Feature","properties":{},"geometry":{"type":"MultiPolygon","coordinates":[[[[-178.7619,-18.2339],[-178.7736,-18.2524],[-178.8273,-18.2222],[-178.8479,-18.2021],[-178.7909,-18.1863],[-178.7631,-18.1914],[-178.7619,-18.2339]]]]}},{"type":"Feature","properties":{},"geometry":{"type":"MultiPolygon","coordinates":[[[[-178.2511,-17.9527],[-178.3068,-17.9633],[-178.3572,-17.9209],[-178.3254,-17.8758],[-178.2803,-17.8864],[-178.2546,-17.93],[-178.2511,-17.9527]]]]}},{"type":"Feature","properties":{},"geometry":{"type":"MultiPolygon","coordinates":[[[[-151.4666,-16.6575],[-151.4849,-16.6651],[-151.5042,-16.647],[-151.5124,-16.619],[-151.5058,-16.574],[-151.4574,-16.6037],[-151.4381,-16.6234],[-151.4666,-16.6575]]]]}},{"type":"Feature","properties":{},"geometry":{"type":"MultiPolygon","coordinates":[[[[-149.8137,-17.545],[-149.8449,-17.5711],[-149.8866,-17.5528],[-149.9051,-17.5277],[-149.9118,-17.5012],[-149.9021,-17.4695],[-149.8088,-17.4739],[-149.7824,-17.4878],[-149.8137,-17.545]]]]}},{"type":"Feature","properties":{},"geometry":{"type":"MultiPolygon","coordinates":[[[[-67.5752,-55.8896],[-67.6114,-55.8917],[-67.6995,-55.8731],[-67.8315,-55.8648],[-67.8464,-55.8572],[-67.8497,-55.8426],[-67.8341,-55.8275],[-67.7621,-55.8161],[-67.5448,-55.826],[-67.5173,-55.8328],[-67.5098,-55.8443],[-67.5453,-55.8774],[-67.5752,-55.8896]]]]}},{"type":"Feature","properties":{},"geometry":{"type":"MultiPolygon","coordinates":[[[[-175.1619,-21.1693],[-175.1477,-21.1694],[-175.1319,-21.1397],[-175.0782,-21.129],[-175.0841,-21.1607],[-175.1566,-21.2637],[-175.2023,-21.2234],[-175.3354,-21.1577],[-175.3624,-21.1068],[-175.3181,-21.0683],[-175.3226,-21.0993],[-175.3004,-21.1134],[-175.2254,-21.1187],[-175.158,-21.1465],[-175.1998,-21.1557],[-175.1619,-21.1693]]]]}},{"type":"Feature","properties":{},"geometry":{"type":"MultiPolygon","coordinates":[[[[-58.4388,-52.011],[-58.4327,-52.099],[-58.5128,-52.0711],[-58.5414,-52.0284],[-58.4971,-51.9994],[-58.4605,-52.0016],[-58.4388,-52.011]]]]}},{"type":"Feature","properties":{},"geometry":{"type":"MultiPolygon","coordinates":[[[[163.976,-74.8327],[163.8446,-74.8327],[163.7634,-74.8028],[163.7372,-74.7338],[163.7417,-74.7115],[164.0023,-74.6289],[164.2085,-74.6077],[164.0982,-74.7319],[164.0592,-74.7527],[163.976,-74.8327]]]]}},{"type":"Feature","properties":{},"geometry":{"type":"MultiPolygon","coordinates":[[[[164.8336,-67.5404],[164.7463,-67.5688],[164.6921,-67.5601],[164.639,-67.5001],[164.6963,-67.4078],[164.6752,-67.2889],[164.684,-67.2594],[164.825,-67.3261],[164.8501,-67.3637],[164.9072,-67.4186],[164.9187,-67.4475],[164.8604,-67.5039],[164.8336,-67.5404]]]]}},{"type":"Feature","properties":{},"geometry":{"type":"MultiPolygon","coordinates":[[[[167.6428,-78.1414],[167.5175,-78.216],[167.377,-78.249],[166.9362,-78.2225],[166.626,-78.2843],[166.2849,-78.3064],[166.1219,-78.2746],[166.0506,-78.2134],[166.0125,-78.1312],[166.0129,-78.102],[166.1111,-78.0896],[166.5671,-78.148],[166.7599,-78.1979],[166.8637,-78.1964],[167.1379,-78.13],[167.3641,-78.0458],[167.4224,-78.0064],[167.4979,-77.9924],[167.5938,-78.0223],[167.6398,-78.1117],[167.6428,-78.1414]]]]}},{"type":"Feature","properties":{},"geometry":{"type":"MultiPolygon","coordinates":[[[[163.302,-66.8212],[163.2836,-66.8819],[163.2346,-66.868],[163.1639,-66.8191],[163.0896,-66.7006],[163.1562,-66.6885],[163.2379,-66.7088],[163.2711,-66.7676],[163.2991,-66.7984],[163.302,-66.8212]]]]}},{"type":"Feature","properties":{},"geometry":{"type":"MultiPolygon","coordinates":[[[[167.0841,-77.3217],[167.4609,-77.3943],[168.4508,-77.3861],[169.2756,-77.4547],[169.3527,-77.5247],[169.1173,-77.5605],[168.7546,-77.6533],[168.5188,-77.6813],[168.3226,-77.6825],[167.9176,-77.6441],[167.3923,-77.6486],[167.2795,-77.7026],[167.0251,-77.7564],[166.729,-77.851],[166.6504,-77.774],[166.5325,-77.7004],[166.2368,-77.5475],[166.2168,-77.5246],[166.3784,-77.494],[166.458,-77.4437],[166.6264,-77.3768],[166.6071,-77.3355],[166.469,-77.2889],[166.4131,-77.252],[166.5063,-77.1894],[166.7164,-77.1617],[166.9873,-77.1865],[167.1068,-77.2706],[167.085,-77.3074],[167.0841,-77.3217]]]]}},{"type":"Feature","properties":{},"geometry":{"type":"MultiPolygon","coordinates":[[[[169.8437,-73.605],[169.7092,-73.6253],[169.5224,-73.5615],[169.4795,-73.5395],[169.6594,-73.4181],[169.6454,-73.3791],[169.6719,-73.3461],[169.74,-73.3204],[169.7832,-73.3242],[169.8865,-73.4587],[169.9604,-73.5144],[169.8588,-73.5681],[169.8437,-73.605]]]]}},{"type":"Feature","properties":{},"geometry":{"type":"MultiPolygon","coordinates":[[[[162.9681,-75.5671],[162.7883,-75.6962],[162.6619,-75.6919],[162.5912,-75.6686],[162.72,-75.5967],[162.8424,-75.5662],[162.917,-75.5573],[162.9681,-75.5671]]]]}},{"type":"Feature","properties":{},"geometry":{"type":"MultiPolygon","coordinates":[[[[100.9814,-65.6775],[100.5469,-65.7013],[100.5123,-65.6754],[100.3506,-65.6729],[100.2926,-65.6513],[100.2703,-65.6033],[100.3241,-65.5207],[100.4094,-65.4656],[100.5451,-65.409],[100.6069,-65.3964],[100.8834,-65.3781],[101.0787,-65.4025],[101.2206,-65.4723],[101.259,-65.5276],[101.2384,-65.5646],[100.9814,-65.6775]]]]}},{"type":"Feature","properties":{},"geometry":{"type":"MultiPolygon","coordinates":[[[[85.8224,-66.9533],[85.6501,-66.9797],[85.6223,-66.9653],[85.6174,-66.9509],[85.3588,-66.8543],[85.3145,-66.776],[85.3403,-66.7233],[85.5528,-66.7285],[85.8063,-66.7746],[85.9377,-66.8941],[85.8224,-66.9533]]]]}},{"type":"Feature","properties":{},"geometry":{"type":"MultiPolygon","coordinates":[[[[92.6014,-65.8083],[92.4705,-65.8217],[92.333,-65.8072],[92.2628,-65.7601],[92.2481,-65.7399],[92.3015,-65.7067],[92.4964,-65.7021],[92.6338,-65.7307],[92.6646,-65.7604],[92.6696,-65.7748],[92.6014,-65.8083]]]]}},{"type":"Feature","properties":{},"geometry":{"type":"MultiPolygon","coordinates":[[[[86.5418,-66.7675],[86.4267,-66.792],[86.337,-66.7876],[86.2322,-66.7329],[86.2777,-66.6967],[86.3833,-66.6748],[86.5206,-66.6869],[86.5567,-66.7058],[86.652,-66.7182],[86.5418,-66.7675]]]]}},{"type":"Feature","properties":{},"geometry":{"type":"MultiPolygon","coordinates":[[[[85.3285,-66.6119],[85.2225,-66.6435],[85.1361,-66.6371],[85.0796,-66.6043],[85.0687,-66.5838],[85.1211,-66.5186],[85.1647,-66.5216],[85.1939,-66.5561],[85.3285,-66.6119]]]]}},{"type":"Feature","properties":{},"geometry":{"type":"MultiPolygon","coordinates":[[[[69.9184,-71.9178],[69.792,-72.0467],[69.7436,-72.0441],[69.6926,-71.9683],[69.7371,-71.922],[69.7961,-71.8939],[69.8952,-71.9078],[69.9184,-71.9178]]]]}},{"type":"Feature","properties":{},"geometry":{"type":"MultiPolygon","coordinates":[[[[68.4617,-72.3001],[68.4089,-72.3002],[68.4361,-72.2604],[68.5663,-72.1901],[68.6671,-72.1031],[68.7293,-72.0892],[68.8404,-72.1654],[68.8172,-72.2287],[68.6695,-72.276],[68.4617,-72.3001]]]]}},{"type":"Feature","properties":{},"geometry":{"type":"MultiPolygon","coordinates":[[[[96.6127,-66.0358],[96.7273,-66.0608],[96.9316,-66.0584],[97.0056,-66.0968],[97.0188,-66.1395],[97.0156,-66.164],[96.934,-66.2008],[96.3945,-66.225],[96.307,-66.1858],[96.3988,-66.0802],[96.4998,-66.0459],[96.6127,-66.0358]]]]}},{"type":"Feature","properties":{},"geometry":{"type":"MultiPolygon","coordinates":[[[[72.0022,-70.6326],[71.929,-70.633],[71.8412,-70.622],[71.7258,-70.5491],[71.6594,-70.4975],[71.6371,-70.4436],[71.6466,-70.3363],[71.7051,-70.2844],[71.7966,-70.2643],[71.838,-70.3122],[71.8512,-70.3677],[71.88,-70.4056],[72,-70.4568],[72.0557,-70.501],[72.0734,-70.5245],[72.0974,-70.5746],[72.0781,-70.6091],[72.0022,-70.6326]]]]}},{"type":"Feature","properties":{},"geometry":{"type":"MultiPolygon","coordinates":[[[[162.6114,-66.4773],[162.5571,-66.5251],[162.5113,-66.5201],[162.3027,-66.3997],[162.3263,-66.3475],[162.2973,-66.3037],[162.3021,-66.2646],[162.3105,-66.2513],[162.5633,-66.4326],[162.6114,-66.4773]]]]}},{"type":"Feature","properties":{},"geometry":{"type":"MultiPolygon","coordinates":[[[[100.2647,-66.2166],[100.1332,-66.2295],[100.082,-66.2027],[100.0763,-66.1881],[100.1744,-66.1311],[100.2905,-66.1124],[100.2815,-66.18],[100.2647,-66.2166]]]]}},{"type":"Feature","properties":{},"geometry":{"type":"MultiPolygon","coordinates":[[[[98.8461,-66.4698],[98.7518,-66.4816],[98.6551,-66.4533],[98.6052,-66.3999],[98.5965,-66.3826],[98.7486,-66.3692],[98.9498,-66.4205],[98.8461,-66.4698]]]]}},{"type":"Feature","properties":{},"geometry":{"type":"MultiPolygon","coordinates":[[[[103.3973,-65.4453],[103.3372,-65.4686],[103.176,-65.4547],[103.1385,-65.4351],[103.1242,-65.3384],[103.1128,-65.312],[103.0544,-65.2854],[102.7888,-65.2359],[102.7596,-65.1679],[102.7961,-65.1363],[102.8929,-65.1297],[103.1368,-65.1906],[103.1908,-65.2371],[103.1817,-65.3077],[103.1861,-65.3306],[103.261,-65.3773],[103.3789,-65.4265],[103.3973,-65.4453]]]]}},{"type":"Feature","properties":{},"geometry":{"type":"MultiPolygon","coordinates":[[[[-147.5883,-76.6498],[-147.5789,-76.6628],[-147.7296,-76.6534],[-147.9543,-76.5972],[-148.0011,-76.5771],[-147.8997,-76.558],[-147.7697,-76.5769],[-147.6491,-76.6108],[-147.5883,-76.6498]]]]}},{"type":"Feature","properties":{},"geometry":{"type":"MultiPolygon","coordinates":[[[[-145.2381,-75.7112],[-145.3484,-75.7161],[-145.5412,-75.6927],[-146.0428,-75.6119],[-146.1508,-75.5735],[-146.0757,-75.5334],[-145.8955,-75.5048],[-145.7608,-75.5139],[-145.4174,-75.588],[-145.3154,-75.6414],[-145.2522,-75.6828],[-145.2381,-75.7112]]]]}},{"type":"Feature","properties":{},"geometry":{"type":"MultiPolygon","coordinates":[[[[-146.6067,-76.9613],[-146.9814,-77.0057],[-147.0789,-76.9928],[-147.0441,-76.9297],[-147.1015,-76.8865],[-147.1156,-76.8662],[-147.0867,-76.8373],[-146.8665,-76.8371],[-146.2444,-76.8831],[-146.164,-76.9485],[-146.6067,-76.9613]]]]}},{"type":"Feature","properties":{},"geometry":{"type":"MultiPolygon","coordinates":[[[[-132.3913,-74.4419],[-132.5463,-74.4984],[-132.8572,-74.4617],[-132.8317,-74.4216],[-132.5525,-74.3866],[-132.3623,-74.41],[-132.3913,-74.4419]]]]}},{"type":"Feature","properties":{},"geometry":{"type":"MultiPolygon","coordinates":[[[[-148.5959,-77.0068],[-149.0146,-77.0191],[-149.2448,-76.9931],[-149.3025,-76.9158],[-149.2381,-76.9002],[-148.7041,-76.9356],[-148.5089,-76.9546],[-148.4397,-76.9771],[-148.4743,-76.9978],[-148.5959,-77.0068]]]]}},{"type":"Feature","properties":{},"geometry":{"type":"MultiPolygon","coordinates":[[[[-149.3333,-76.7174],[-148.9279,-76.7301],[-148.6626,-76.7205],[-148.3842,-76.7444],[-148.3208,-76.7717],[-148.3709,-76.7949],[-148.6695,-76.8021],[-148.8146,-76.8407],[-148.9839,-76.8453],[-149.2385,-76.8178],[-149.4689,-76.7571],[-149.3333,-76.7174]]]]}},{"type":"Feature","properties":{},"geometry":{"type":"MultiPolygon","coordinates":[[[[-131.0667,-74.5838],[-131.1789,-74.6048],[-131.5979,-74.5537],[-131.8409,-74.5426],[-131.9525,-74.5144],[-132.0251,-74.4887],[-132.0493,-74.4639],[-132.1626,-74.4258],[-131.9378,-74.3491],[-131.7627,-74.3238],[-131.5941,-74.3297],[-131.5596,-74.3673],[-131.2339,-74.4136],[-130.9811,-74.4141],[-130.9568,-74.4562],[-130.9673,-74.515],[-131.0667,-74.5838]]]]}},{"type":"Feature","properties":{},"geometry":{"type":"MultiPolygon","coordinates":[[[[-119.5489,-74.1103],[-119.7583,-74.1221],[-119.821,-74.1196],[-119.8872,-74.0973],[-119.9051,-74.0815],[-119.7967,-74.0292],[-119.6937,-74.0062],[-119.6616,-73.9894],[-119.8026,-73.8146],[-119.669,-73.8093],[-119.5164,-73.7749],[-119.2162,-73.7776],[-118.9593,-73.8095],[-118.9098,-73.8343],[-118.8773,-73.878],[-118.9898,-73.967],[-119.0586,-73.9977],[-119.4485,-74.0762],[-119.5489,-74.1103]]]]}},{"type":"Feature","properties":{},"geometry":{"type":"MultiPolygon","coordinates":[[[[-116.7386,-74.165],[-117.2303,-74.1928],[-117.363,-74.1609],[-117.3983,-74.1225],[-117.3765,-74.0828],[-116.3813,-73.8655],[-116.2027,-73.8956],[-116.155,-73.9104],[-116.4514,-74.0177],[-116.5846,-74.0556],[-116.6086,-74.0686],[-116.5342,-74.0833],[-116.5141,-74.0955],[-116.5709,-74.1257],[-116.7386,-74.165]]]]}},{"type":"Feature","properties":{},"geometry":{"type":"MultiPolygon","coordinates":[[[[-127.3658,-74.6227],[-127.5177,-74.6405],[-127.8171,-74.5746],[-127.9152,-74.5426],[-128.0,-74.4895],[-128.0705,-74.4782],[-128.0962,-74.4662],[-128.1334,-74.3274],[-128.0429,-74.3122],[-127.853,-74.3318],[-127.4864,-74.4053],[-127.2297,-74.4252],[-127.1452,-74.4802],[-127.2319,-74.5784],[-127.3658,-74.6227]]]]}},{"type":"Feature","properties":{},"geometry":{"type":"MultiPolygon","coordinates":[[[[-149.2181,-77.3363],[-148.9289,-77.3868],[-149.4387,-77.3706],[-149.6624,-77.301],[-149.5187,-77.2747],[-149.3754,-77.28],[-149.2491,-77.315],[-149.2181,-77.3363]]]]}},{"type":"Feature","properties":{},"geometry":{"type":"MultiPolygon","coordinates":[[[[-161.9938,-83.1188],[-162.3049,-83.1418],[-163.0465,-83.0968],[-163.2421,-83.0597],[-163.3484,-83.0216],[-163.5521,-82.9877],[-163.6018,-82.9686],[-163.6022,-82.9273],[-163.6343,-82.9022],[-163.7039,-82.8793],[-163.7353,-82.8568],[-163.7959,-82.8427],[-162.7985,-82.8648],[-162.4106,-82.8992],[-162.3398,-82.9228],[-161.6352,-83.027],[-161.8282,-83.0426],[-161.9938,-83.1188]]]]}},{"type":"Feature","properties":{},"geometry":{"type":"MultiPolygon","coordinates":[[[[-150.2325,-76.7765],[-150.6552,-76.789],[-150.8305,-76.7615],[-150.8735,-76.7367],[-150.8376,-76.7142],[-150.1774,-76.6913],[-150.1036,-76.7188],[-150.0848,-76.7352],[-150.2325,-76.7765]]]]}},{"type":"Feature","properties":{},"geometry":{"type":"MultiPolygon","coordinates":[[[[-146.6901,-76.2464],[-146.8945,-76.2609],[-147.1509,-76.1975],[-147.3454,-76.1467],[-147.4078,-76.1046],[-147.4209,-76.0902],[-147.4181,-76.0734],[-147.3606,-76.0628],[-146.949,-76.0981],[-146.6901,-76.2464]]]]}},{"type":"Feature","properties":{},"geometry":{"type":"MultiPolygon","coordinates":[[[[-146.79,-76.6331],[-146.9078,-76.7141],[-147.2213,-76.6709],[-147.3553,-76.6188],[-147.2786,-76.5525],[-147.1353,-76.5315],[-146.9475,-76.555],[-146.8779,-76.5633],[-146.79,-76.6331]]]]}},{"type":"Feature","properties":{},"geometry":{"type":"MultiPolygon","coordinates":[[[[-160.4671,-81.5895],[-160.571,-81.5979],[-163.2531,-81.4824],[-163.7661,-81.4448],[-163.8901,-81.4236],[-163.9393,-81.4041],[-163.9512,-81.3909],[-163.93,-81.3521],[-163.869,-81.324],[-163.2006,-81.2814],[-162.4565,-81.3133],[-161.5586,-81.3967],[-160.9379,-81.4635],[-160.6169,-81.5221],[-160.4854,-81.567],[-160.4671,-81.5895]]]]}},{"type":"Feature","properties":{},"geometry":{"type":"MultiPolygon","coordinates":[[[[-150.3971,-77.3691],[-150.4749,-77.3737],[-151.3445,-77.2963],[-151.5116,-77.2733],[-151.218,-77.2265],[-151.0215,-77.22],[-150.4991,-77.3351],[-150.3562,-77.349],[-150.3971,-77.3691]]]]}},{"type":"Feature","properties":{},"geometry":{"type":"MultiPolygon","coordinates":[[[[-153.9305,-80.0333],[-154.1141,-80.036],[-154.3488,-80.0261],[-154.5294,-80.0005],[-154.9417,-79.9663],[-155.0448,-79.8998],[-155.5253,-79.8465],[-155.7512,-79.8296],[-155.6743,-79.7655],[-155.1622,-79.8507],[-154.5351,-79.9355],[-154.0254,-79.9877],[-153.9305,-80.0333]]]]}},{"type":"Feature","properties":{},"geometry":{"type":"MultiPolygon","coordinates":[[[[-149.2307,-77.1205],[-149.2935,-77.1366],[-149.7286,-77.1285],[-149.8169,-77.1142],[-149.8563,-77.0994],[-150.4618,-77.0757],[-150.7358,-77.0043],[-150.7885,-76.9816],[-150.6802,-76.9484],[-150.4758,-76.9261],[-150.3933,-76.8987],[-149.8706,-76.875],[-149.7898,-76.8893],[-149.7426,-76.9271],[-149.5058,-77.0017],[-149.4417,-77.0492],[-149.4164,-77.0789],[-149.2883,-77.0932],[-149.2307,-77.1205]]]]}},{"type":"Feature","properties":{},"geometry":{"type":"MultiPolygon","coordinates":[[[[-157.9875,-82.105],[-158.0762,-82.112],[-158.1541,-82.0585],[-158.5453,-81.9488],[-158.7732,-81.8755],[-158.9263,-81.8187],[-158.9887,-81.7793],[-158.9137,-81.7798],[-158.3467,-81.9005],[-158.2608,-81.9473],[-157.8346,-82.0308],[-157.9875,-82.105]]]]}},{"type":"Feature","properties":{},"geometry":{"type":"MultiPolygon","coordinates":[[[[-5.8941,-70.5522],[-6.1561,-70.6115],[-6.1809,-70.5855],[-6.2661,-70.5502],[-6.438,-70.4526],[-6.2437,-70.4457],[-6.0683,-70.4047],[-5.9716,-70.4215],[-5.9495,-70.4322],[-5.8941,-70.5522]]]]}},{"type":"Feature","properties":{},"geometry":{"type":"MultiPolygon","coordinates":[[[[3.0369,-70.5974],[2.6978,-70.6235],[2.6228,-70.5934],[2.5847,-70.5346],[2.6314,-70.5004],[3.0722,-70.3816],[3.1928,-70.3927],[3.2306,-70.4026],[3.2599,-70.4488],[3.2213,-70.5191],[3.1711,-70.5539],[3.0369,-70.5974]]]]}},{"type":"Feature","properties":{},"geometry":{"type":"MultiPolygon","coordinates":[[[[-2.955,-71.2138],[-3.0606,-71.2366],[-3.2015,-71.2303],[-3.3094,-71.2009],[-3.3856,-71.143],[-3.4039,-71.1198],[-3.3917,-71.0812],[-3.399,-71.0621],[-3.263,-71.0518],[-3.2128,-71.076],[-3.1914,-71.0948],[-2.955,-71.2138]]]]}},{"type":"Feature","properties":{},"geometry":{"type":"MultiPolygon","coordinates":[[[[1.2993,-70.2552],[1.2115,-70.3813],[1.1563,-70.3781],[1.1046,-70.3042],[0.9903,-70.2243],[0.9525,-70.1689],[0.9496,-70.094],[1.0268,-70.0498],[1.3148,-70.0228],[1.4122,-70.0407],[1.4609,-70.1356],[1.2993,-70.2552]]]]}},{"type":"Feature","properties":{},"geometry":{"type":"MultiPolygon","coordinates":[[[[-2.5328,-70.7678],[-2.4234,-70.8004],[-2.2556,-70.7961],[-2.0923,-70.8209],[-2.119,-70.8554],[-2.2127,-70.9016],[-2.2932,-70.9979],[-2.3689,-71.0444],[-2.6067,-71.1411],[-2.7835,-71.1675],[-2.8251,-71.1127],[-2.8219,-71.0567],[-2.8052,-71.0147],[-2.8005,-70.9822],[-2.9631,-70.9403],[-2.975,-70.8833],[-3.007,-70.8515],[-3.489,-70.7359],[-3.5747,-70.7031],[-3.5371,-70.6833],[-3.04,-70.6744],[-2.7498,-70.6941],[-2.5328,-70.7678]]]]}},{"type":"Feature","properties":{},"geometry":{"type":"MultiPolygon","coordinates":[[[[4.5259,-70.4787],[4.3652,-70.5026],[4.1797,-70.4513],[4.1296,-70.417],[4.0762,-70.3253],[4.0697,-70.2902],[4.1117,-70.2668],[4.2561,-70.2408],[4.495,-70.2514],[4.5862,-70.2942],[4.6176,-70.3687],[4.5899,-70.4325],[4.5259,-70.4787]]]]}},{"type":"Feature","properties":{},"geometry":{"type":"MultiPolygon","coordinates":[[[[48.546,-66.7842],[48.3779,-66.8073],[48.3045,-66.7979],[48.296,-66.7738],[48.2939,-66.7501],[48.3008,-66.7242],[48.3577,-66.7038],[48.6378,-66.701],[48.7511,-66.7196],[48.7824,-66.7312],[48.7855,-66.7676],[48.7747,-66.7783],[48.546,-66.7842]]]]}},{"type":"Feature","properties":{},"geometry":{"type":"MultiPolygon","coordinates":[[[[16.2227,-70.0076],[16.1593,-70.072],[15.8449,-69.982],[15.6635,-69.9551],[15.6139,-69.9391],[15.571,-69.8848],[15.5626,-69.8628],[15.5969,-69.828],[15.699,-69.7732],[15.9096,-69.7284],[16.2469,-69.705],[16.5734,-69.7232],[16.6255,-69.7503],[16.3154,-69.8444],[16.2227,-70.0076]]]]}},{"type":"Feature","properties":{},"geometry":{"type":"MultiPolygon","coordinates":[[[[26.8572,-70.3812],[26.793,-70.4193],[26.6088,-70.4124],[26.4702,-70.4479],[26.3576,-70.4343],[26.0054,-70.3729],[25.9643,-70.2945],[25.9541,-70.2614],[25.9825,-70.1999],[26.3011,-70.0725],[26.4256,-70.0605],[26.6048,-70.0782],[26.6862,-70.1145],[26.7374,-70.186],[26.8748,-70.33],[26.8572,-70.3812]]]]}},{"type":"Feature","properties":{},"geometry":{"type":"MultiPolygon","coordinates":[[[[-31.1188,-79.7984],[-30.9851,-79.8185],[-30.8408,-79.7713],[-30.8615,-79.7259],[-30.7799,-79.6474],[-30.6602,-79.7331],[-29.8709,-79.8232],[-29.6145,-79.9096],[-29.7208,-79.9299],[-29.8001,-79.926],[-30.029,-79.9361],[-30.4221,-80.0108],[-30.8444,-79.9385],[-31.5942,-79.8877],[-31.8241,-79.8495],[-32.0003,-79.7324],[-31.6804,-79.6343],[-31.6049,-79.6447],[-31.1188,-79.7984]]]]}},{"type":"Feature","properties":{},"geometry":{"type":"MultiPolygon","coordinates":[[[[-33.9342,-79.3204],[-34.05,-79.3571],[-36.4813,-79.294],[-36.6008,-79.2827],[-36.566,-79.2088],[-36.2378,-79.1957],[-36.048,-79.1812],[-35.7902,-79.1489],[-35.5973,-79.0919],[-35.5347,-79.09],[-34.3915,-79.2229],[-33.9947,-79.2785],[-33.9472,-79.3054],[-33.9342,-79.3204]]]]}},{"type":"Feature","properties":{},"geometry":{"type":"MultiPolygon","coordinates":[[[[-3.2802,-70.5338],[-3.4419,-70.5354],[-3.4902,-70.508],[-3.4968,-70.4884],[-3.2875,-70.344],[-3.1732,-70.3073],[-2.9499,-70.2797],[-2.8051,-70.2885],[-2.7135,-70.3202],[-2.6844,-70.3762],[-2.6827,-70.4622],[-2.738,-70.507],[-3.2802,-70.5338]]]]}},{"type":"Feature","properties":{},"geometry":{"type":"MultiPolygon","coordinates":[[[[-20.6074,-73.8866],[-20.6542,-74.105],[-20.6413,-74.1506],[-20.6003,-74.1969],[-20.4233,-74.3174],[-20.4114,-74.4085],[-20.4167,-74.4434],[-20.489,-74.4927],[-20.737,-74.481],[-20.8177,-74.4548],[-20.8457,-74.4378],[-20.9768,-74.2251],[-21.0512,-74.1761],[-21.1666,-74.1326],[-21.6099,-74.0918],[-22.0354,-74.1065],[-21.9304,-74.0566],[-21.2883,-73.9894],[-21.1264,-73.9398],[-21.0245,-73.8801],[-20.9792,-73.7904],[-20.867,-73.6767],[-20.6901,-73.6252],[-20.5802,-73.6192],[-20.5207,-73.7118],[-20.5207,-73.7979],[-20.6074,-73.8866]]]]}},{"type":"Feature","properties":{},"geometry":{"type":"MultiPolygon","coordinates":[[[[-16.1045,-72.6791],[-16.1748,-72.7028],[-16.3176,-72.7021],[-16.453,-72.6523],[-16.5098,-72.5822],[-16.5166,-72.5309],[-16.4554,-72.4735],[-16.3559,-72.4586],[-16.3029,-72.478],[-16.1725,-72.6],[-16.1045,-72.6791]]]]}},{"type":"Feature","properties":{},"geometry":{"type":"MultiPolygon","coordinates":[[[[-12.5089,-72.1733],[-12.5884,-72.1961],[-12.7202,-72.1877],[-12.8884,-72.1371],[-12.9437,-72.0989],[-12.9633,-72.0645],[-12.9148,-72.0146],[-12.8755,-72.0007],[-12.7889,-72.0065],[-12.6366,-72.0713],[-12.5348,-72.14],[-12.5089,-72.1733]]]]}},{"type":"Feature","properties":{},"geometry":{"type":"MultiPolygon","coordinates":[[[[-32.3425,-79.6736],[-32.5149,-79.6828],[-32.5833,-79.6583],[-32.5008,-79.5923],[-32.3766,-79.5347],[-32.15,-79.5299],[-31.9334,-79.5679],[-31.9567,-79.6038],[-32.0012,-79.607],[-32.3425,-79.6736]]]]}},{"type":"Feature","properties":{},"geometry":{"type":"MultiPolygon","coordinates":[[[[-45.7178,-60.5209],[-45.4997,-60.5465],[-45.3863,-60.5827],[-45.3574,-60.6238],[-45.2281,-60.6397],[-45.211,-60.6481],[-45.1864,-60.6719],[-45.1729,-60.6987],[-45.1737,-60.733],[-45.398,-60.6497],[-45.7092,-60.6454],[-45.78,-60.586],[-45.9373,-60.6199],[-45.9548,-60.5975],[-45.9563,-60.5684],[-45.9348,-60.5266],[-45.8342,-60.5435],[-45.7178,-60.5209]]]]}},{"type":"Feature","properties":{},"geometry":{"type":"MultiPolygon","coordinates":[[[[-54.0707,-61.2991],[-54.1154,-61.3085],[-54.1839,-61.2697],[-54.1922,-61.2466],[-54.122,-61.2018],[-54.0499,-61.1421],[-54.0243,-61.1353],[-54.0413,-61.2554],[-54.0707,-61.2991]]]]}},{"type":"Feature","properties":{},"geometry":{"type":"MultiPolygon","coordinates":[[[[-67.2619,-79.4526],[-67.4343,-79.5012],[-68.1615,-79.4785],[-68.4081,-79.464],[-68.5489,-79.4374],[-68.4223,-79.3332],[-68.3244,-79.2982],[-68.233,-79.285],[-68.0326,-79.2271],[-67.7142,-79.2141],[-67.4745,-79.2229],[-67.0687,-79.2685],[-67.1729,-79.3115],[-67.2395,-79.3276],[-67.3049,-79.394],[-67.2619,-79.4526]]]]}},{"type":"Feature","properties":{},"geometry":{"type":"MultiPolygon","coordinates":[[[[-55.1654,-61.2204],[-55.297,-61.2485],[-55.3469,-61.2116],[-55.3691,-61.1464],[-55.4402,-61.1062],[-55.387,-61.0727],[-54.671,-61.117],[-54.71,-61.1397],[-55.0576,-61.1687],[-55.1654,-61.2204]]]]}},{"type":"Feature","properties":{},"geometry":{"type":"MultiPolygon","coordinates":[[[[-55.528,-63.1735],[-55.4663,-63.1996],[-55.2155,-63.1986],[-55.1562,-63.2048],[-55.1064,-63.2493],[-55.0752,-63.3243],[-55.1568,-63.3531],[-55.5937,-63.3358],[-55.7502,-63.2967],[-55.8305,-63.2984],[-56.0091,-63.3415],[-56.083,-63.3826],[-56.3785,-63.4373],[-56.4628,-63.4181],[-56.499,-63.3576],[-56.5053,-63.3343],[-56.4753,-63.3183],[-56.4605,-63.302],[-56.466,-63.2835],[-56.3851,-63.2341],[-56.0422,-63.1571],[-55.5896,-63.1283],[-55.5287,-63.1568],[-55.528,-63.1735]]]]}},{"type":"Feature","properties":{},"geometry":{"type":"MultiPolygon","coordinates":[[[[-55.8726,-63.5356],[-55.9567,-63.58],[-56.1784,-63.5133],[-56.2352,-63.4688],[-56.2099,-63.4369],[-55.8579,-63.4073],[-55.7618,-63.4221],[-55.7192,-63.4921],[-55.8726,-63.5356]]]]}},{"type":"Feature","properties":{},"geometry":{"type":"MultiPolygon","coordinates":[[[[-57.2405,-64.5668],[-57.3263,-64.5707],[-57.4334,-64.5402],[-57.4479,-64.4885],[-57.4459,-64.4599],[-57.3656,-64.4388],[-57.3146,-64.4354],[-57.0226,-64.3523],[-56.8947,-64.333],[-56.9517,-64.3817],[-56.9453,-64.4272],[-56.991,-64.468],[-57.2405,-64.5668]]]]}},{"type":"Feature","properties":{},"geometry":{"type":"MultiPolygon","coordinates":[[[[-58.8379,-62.3025],[-59.0594,-62.3478],[-59.1746,-62.3018],[-59.2024,-62.2831],[-59.0638,-62.2391],[-58.9906,-62.2492],[-58.9621,-62.2639],[-58.8787,-62.2679],[-58.8379,-62.3025]]]]}},{"type":"Feature","properties":{},"geometry":{"type":"MultiPolygon","coordinates":[[[[-57.9784,-61.9119],[-57.8493,-61.9399],[-57.738,-61.9212],[-57.6766,-61.9421],[-57.6365,-61.9982],[-57.6396,-62.0204],[-57.8067,-62.0119],[-57.9627,-62.0775],[-58.1476,-62.0635],[-58.1722,-62.1178],[-58.1331,-62.1458],[-58.183,-62.17],[-58.3415,-62.1194],[-58.4667,-62.1372],[-58.5073,-62.2257],[-58.562,-62.2439],[-58.594,-62.2478],[-58.644,-62.2252],[-58.7457,-62.2179],[-58.7553,-62.2061],[-58.819,-62.1713],[-59.0037,-62.2098],[-58.9552,-62.1643],[-58.7095,-62.0447],[-58.6836,-62.0082],[-58.3995,-61.9383],[-58.2652,-61.9533],[-57.9784,-61.9119]]]]}},{"type":"Feature","properties":{},"geometry":{"type":"MultiPolygon","coordinates":[[[[-61.9524,-64.0771],[-62.0439,-64.0804],[-62.0208,-64.0273],[-61.9363,-63.9902],[-61.7982,-63.9666],[-61.8862,-64.027],[-61.9111,-64.0545],[-61.9524,-64.0771]]]]}},{"type":"Feature","properties":{},"geometry":{"type":"MultiPolygon","coordinates":[[[[-61.9976,-69.7219],[-62.0852,-69.7295],[-62.1719,-69.6366],[-62.216,-69.4949],[-62.4962,-69.2882],[-62.5677,-69.1805],[-62.5159,-69.1546],[-62.4421,-69.146],[-62.239,-69.1758],[-62.1179,-69.2147],[-61.9784,-69.3004],[-61.816,-69.3762],[-61.7837,-69.4419],[-61.8072,-69.5146],[-61.9113,-69.5334],[-61.9078,-69.5876],[-61.9701,-69.6914],[-61.9976,-69.7219]]]]}},{"type":"Feature","properties":{},"geometry":{"type":"MultiPolygon","coordinates":[[[[-63.3162,-64.8611],[-63.4744,-64.9065],[-63.5583,-64.906],[-63.4593,-64.7963],[-63.3669,-64.7921],[-63.2194,-64.7298],[-63.1772,-64.7388],[-63.2569,-64.7908],[-63.3162,-64.8611]]]]}},{"type":"Feature","properties":{},"geometry":{"type":"MultiPolygon","coordinates":[[[[-62.3258,-64.4244],[-62.3959,-64.4646],[-62.4552,-64.4717],[-62.5081,-64.4541],[-62.5797,-64.5143],[-62.727,-64.496],[-62.7818,-64.479],[-62.7468,-64.4717],[-62.7209,-64.4445],[-62.643,-64.3916],[-62.504,-64.2534],[-62.4797,-64.2106],[-62.5903,-64.1396],[-62.6107,-64.1163],[-62.5857,-64.0756],[-62.545,-64.0457],[-62.4514,-64.0124],[-62.3288,-64.0135],[-62.2676,-64.0399],[-62.2687,-64.09],[-62.0585,-64.1381],[-62.0938,-64.2346],[-62.1743,-64.296],[-62.1857,-64.3688],[-62.3037,-64.4014],[-62.3258,-64.4244]]]]}},{"type":"Feature","properties":{},"geometry":{"type":"MultiPolygon","coordinates":[[[[-62.6151,-63.0693],[-62.6553,-63.0738],[-62.6389,-63.0319],[-62.5271,-62.9238],[-62.3174,-62.8741],[-62.344,-62.9178],[-62.4115,-62.9716],[-62.6151,-63.0693]]]]}},{"type":"Feature","properties":{},"geometry":{"type":"MultiPolygon","coordinates":[[[[-59.389,-62.4443],[-59.5252,-62.4515],[-59.6194,-62.395],[-59.6607,-62.3543],[-59.4785,-62.3521],[-59.3959,-62.3673],[-59.3534,-62.4129],[-59.389,-62.4443]]]]}},{"type":"Feature","properties":{},"geometry":{"type":"MultiPolygon","coordinates":[[[[-56.06,-63.0785],[-56.259,-63.1731],[-56.3541,-63.1688],[-56.5459,-63.0983],[-56.6005,-63.0616],[-56.6142,-63.0451],[-56.4886,-62.9822],[-56.1404,-63.0053],[-56.0618,-63.0127],[-56.0584,-63.0186],[-56.051,-63.0547],[-56.06,-63.0785]]]]}},{"type":"Feature","properties":{},"geometry":{"type":"MultiPolygon","coordinates":[[[[-60.625,-62.5601],[-60.5763,-62.5727],[-60.1399,-62.5487],[-60.0027,-62.6185],[-59.8496,-62.6149],[-60.2209,-62.7454],[-60.3216,-62.7075],[-60.3538,-62.6792],[-60.378,-62.6165],[-60.6196,-62.6334],[-60.6969,-62.6207],[-60.7959,-62.6623],[-60.9951,-62.6791],[-61.0633,-62.6789],[-61.1498,-62.6342],[-61.1524,-62.5891],[-60.9747,-62.5917],[-60.8377,-62.5337],[-60.7993,-62.4752],[-60.7318,-62.491],[-60.625,-62.5601]]]]}},{"type":"Feature","properties":{},"geometry":{"type":"MultiPolygon","coordinates":[[[[-57.3742,-63.8072],[-57.3602,-63.8248],[-57.1608,-63.8157],[-57.104,-63.8412],[-57.218,-63.8756],[-57.2478,-63.8684],[-57.3438,-63.8785],[-57.6164,-63.8536],[-57.6833,-63.8127],[-57.4394,-63.7914],[-57.3742,-63.8072]]]]}},{"type":"Feature","properties":{},"geometry":{"type":"MultiPolygon","coordinates":[[[[-61.1584,-69.9758],[-61.3086,-69.9779],[-61.3785,-69.9498],[-61.4043,-69.9325],[-61.3865,-69.8933],[-61.3271,-69.8563],[-61.1519,-69.8831],[-61.1079,-69.9553],[-61.1584,-69.9758]]]]}},{"type":"Feature","properties":{},"geometry":{"type":"MultiPolygon","coordinates":[[[[-60.6559,-68.7676],[-60.6934,-68.795],[-60.8201,-68.7784],[-60.894,-68.7589],[-61.0149,-68.7098],[-60.9472,-68.6807],[-60.8136,-68.6877],[-60.7048,-68.7221],[-60.6559,-68.7676]]]]}},{"type":"Feature","properties":{},"geometry":{"type":"MultiPolygon","coordinates":[[[[-60.7406,-70.7105],[-60.8261,-70.7105],[-60.8965,-70.6896],[-60.958,-70.629],[-60.9755,-70.5991],[-60.9418,-70.5325],[-60.8839,-70.5176],[-60.5537,-70.5088],[-60.4525,-70.5442],[-60.449,-70.6033],[-60.4877,-70.6467],[-60.7406,-70.7105]]]]}},{"type":"Feature","properties":{},"geometry":{"type":"MultiPolygon","coordinates":[[[[-60.5522,-71.0529],[-60.6521,-71.0587],[-60.7897,-71.0411],[-60.9063,-71.0074],[-60.9465,-70.9674],[-60.8891,-70.9344],[-60.7828,-70.9141],[-60.6131,-70.9201],[-60.5333,-70.9625],[-60.5163,-70.9995],[-60.5359,-71.0409],[-60.5522,-71.0529]]]]}},{"type":"Feature","properties":{},"geometry":{"type":"MultiPolygon","coordinates":[[[[-60.5049,-62.9674],[-60.5547,-62.9775],[-60.6197,-62.969],[-60.6177,-62.9866],[-60.5637,-63.009],[-60.6217,-63.018],[-60.6929,-62.9957],[-60.7404,-62.9486],[-60.7059,-62.9056],[-60.6374,-62.8952],[-60.5049,-62.9674]]]]}},{"type":"Feature","properties":{},"geometry":{"type":"MultiPolygon","coordinates":[[[[-60.6531,-63.8666],[-60.7777,-63.9021],[-60.8524,-63.891],[-60.9722,-63.849],[-60.8101,-63.8366],[-60.7967,-63.7167],[-60.7148,-63.6688],[-60.5624,-63.6959],[-60.6559,-63.759],[-60.6889,-63.8079],[-60.655,-63.8501],[-60.6531,-63.8666]]]]}},{"type":"Feature","properties":{},"geometry":{"type":"MultiPolygon","coordinates":[[[[-93.7956,-72.9197],[-93.9655,-72.9202],[-94.0781,-72.8839],[-94.1132,-72.8601],[-94.047,-72.823],[-94.0042,-72.8197],[-93.7996,-72.882],[-93.7558,-72.9076],[-93.7956,-72.9197]]]]}},{"type":"Feature","properties":{},"geometry":{"type":"MultiPolygon","coordinates":[[[[-91.1607,-73.1822],[-91.3442,-73.2071],[-91.5108,-73.1955],[-91.4504,-72.9679],[-91.3569,-72.9095],[-91.3821,-72.8679],[-91.5515,-72.7536],[-91.67,-72.6237],[-91.6124,-72.5938],[-91.3035,-72.5474],[-90.9474,-72.5563],[-90.8071,-72.6106],[-90.7633,-72.6811],[-90.7802,-72.7317],[-90.8954,-72.8236],[-90.7762,-72.854],[-90.751,-72.9166],[-90.7756,-72.993],[-90.8931,-73.084],[-90.9984,-73.1365],[-91.1607,-73.1822]]]]}},{"type":"Feature","properties":{},"geometry":{"type":"MultiPolygon","coordinates":[[[[-104.5379,-73.1663],[-104.6596,-73.2121],[-104.881,-73.2006],[-105.0529,-73.126],[-105.1234,-73.0264],[-105.1318,-72.9915],[-105.0846,-72.9659],[-104.9724,-72.941],[-104.5379,-73.1663]]]]}},{"type":"Feature","properties":{},"geometry":{"type":"MultiPolygon","coordinates":[[[[-95.0271,-72.665],[-95.2194,-72.6698],[-95.2729,-72.6469],[-95.2156,-72.5994],[-94.753,-72.5172],[-94.5661,-72.4681],[-94.5384,-72.4758],[-94.5139,-72.4917],[-94.4339,-72.5892],[-94.426,-72.6126],[-95.0271,-72.665]]]]}},{"type":"Feature","properties":{},"geometry":{"type":"MultiPolygon","coordinates":[[[[-71.695,-70.2651],[-71.6478,-70.2954],[-71.4316,-70.2673],[-71.3549,-70.2979],[-71.3403,-70.3175],[-71.4377,-70.3915],[-71.5512,-70.4389],[-71.6847,-70.4423],[-71.782,-70.3188],[-71.7953,-70.2884],[-71.695,-70.2651]]]]}},{"type":"Feature","properties":{},"geometry":{"type":"MultiPolygon","coordinates":[[[[-71.9854,-69.6984],[-72.2021,-69.7401],[-72.3446,-69.707],[-72.7768,-69.645],[-72.9573,-69.5291],[-72.9368,-69.4688],[-72.8573,-69.4331],[-72.7262,-69.4131],[-72.4643,-69.4519],[-72.3312,-69.4918],[-71.9854,-69.6984]]]]}},{"type":"Feature","properties":{},"geometry":{"type":"MultiPolygon","coordinates":[[[[-73.8784,-73.3568],[-73.9748,-73.3761],[-74.0383,-73.3655],[-74.1466,-73.3154],[-74.1344,-73.2767],[-74.0845,-73.2493],[-74.0487,-73.2202],[-73.8321,-73.1133],[-73.6742,-73.1004],[-73.5424,-73.1238],[-73.6823,-73.225],[-73.7214,-73.2963],[-73.8784,-73.3568]]]]}},{"type":"Feature","properties":{},"geometry":{"type":"MultiPolygon","coordinates":[[[[-65.8453,-65.8425],[-66.0639,-65.8809],[-66.1753,-65.8665],[-66.1814,-65.8264],[-66.1535,-65.7737],[-66.0496,-65.7447],[-66.0669,-65.6661],[-65.9997,-65.6328],[-65.9683,-65.571],[-65.8336,-65.5272],[-65.6369,-65.5478],[-65.668,-65.6262],[-65.6697,-65.6529],[-65.7837,-65.6743],[-65.8139,-65.6866],[-65.8408,-65.7385],[-65.8357,-65.8138],[-65.8453,-65.8425]]]]}},{"type":"Feature","properties":{},"geometry":{"type":"MultiPolygon","coordinates":[[[[-66.5953,-66.2007],[-66.8187,-66.3127],[-66.85,-66.3055],[-66.8675,-66.2938],[-66.867,-66.2748],[-66.7915,-66.2336],[-66.779,-66.1108],[-66.6313,-66.0668],[-66.5752,-66.0824],[-66.6229,-66.1339],[-66.5926,-66.1786],[-66.5953,-66.2007]]]]}},{"type":"Feature","properties":{},"geometry":{"type":"MultiPolygon","coordinates":[[[[-67.3489,-67.7662],[-67.5445,-67.7853],[-67.6934,-67.7635],[-67.6897,-67.6877],[-67.7307,-67.6795],[-67.7433,-67.6612],[-67.5567,-67.6045],[-67.4177,-67.5906],[-67.2467,-67.5987],[-67.1749,-67.6245],[-67.1494,-67.6502],[-67.2797,-67.7119],[-67.2997,-67.7372],[-67.3489,-67.7662]]]]}},{"type":"Feature","properties":{},"geometry":{"type":"MultiPolygon","coordinates":[[[[-67.3624,-66.8945],[-67.4092,-66.902],[-67.5208,-66.8973],[-67.5933,-66.8756],[-67.4995,-66.8036],[-67.5108,-66.7562],[-67.426,-66.7369],[-67.3317,-66.7535],[-67.2687,-66.8152],[-67.257,-66.8409],[-67.3624,-66.8945]]]]}},{"type":"Feature","properties":{},"geometry":{"type":"MultiPolygon","coordinates":[[[[-179.9749,-16.9248],[-180,-16.963],[-180,-16.9078],[-180.0,-16.8588],[-180.0,-16.7855],[-179.8936,-16.7004],[-179.861,-16.6883],[-179.8223,-16.7653],[-179.8678,-16.8503],[-179.9749,-16.9248]]]]}},{"type":"Feature","properties":{},"geometry":{"type":"MultiPolygon","coordinates":[[[[-179.9294,-16.5028],[-180,-16.54],[-180,-16.5129],[-180.0,-16.4889],[-179.9437,-16.4414],[-179.9009,-16.4315],[-179.9273,-16.4791],[-179.9294,-16.5028]]]]}},{"type":"Feature","properties":{},"geometry":{"type":"MultiPolygon","coordinates":[[[[180,-16.9631],[179.9259,-17.0003],[179.897,-16.9641],[179.931,-16.876],[180,-16.7857],[179.9992,-16.8588],[180,-16.9631]]]]}},{"type":"Feature","properties":{},"geometry":{"type":"MultiPolygon","coordinates":[[[[-66.4721,-55.2291],[-66.5517,-55.2729],[-66.6111,-55.2699],[-66.6302,-55.2541],[-66.6366,-55.2344],[-66.6248,-55.2131],[-66.5997,-55.1937],[-66.5416,-55.1694],[-66.5231,-55.1655],[-66.4358,-55.1897],[-66.4721,-55.2291]]]]}},{"type":"Feature","properties":{},"geometry":{"type":"MultiPolygon","coordinates":[[[[-75.0425,-44.8901],[-75.0675,-44.9065],[-75.0987,-44.9018],[-75.1242,-44.8699],[-75.1421,-44.8156],[-75.1074,-44.7951],[-75.0795,-44.7951],[-75.0484,-44.8239],[-75.0322,-44.8705],[-75.0425,-44.8901]]]]}},{"type":"Feature","properties":{},"geometry":{"type":"MultiPolygon","coordinates":[[[[-75.5103,-48.7635],[-75.6229,-48.7646],[-75.6509,-48.5863],[-75.5185,-48.3288],[-75.509,-48.2307],[-75.5535,-48.1567],[-75.5715,-48.0959],[-75.5607,-48.0709],[-75.3914,-48.0197],[-75.3384,-48.074],[-75.2755,-48.2185],[-75.1555,-48.4252],[-75.1585,-48.6227],[-75.2251,-48.6714],[-75.434,-48.7212],[-75.5103,-48.7635]]]]}},{"type":"Feature","properties":{},"geometry":{"type":"MultiPolygon","coordinates":[[[[-75.302,-50.68],[-75.3305,-50.7724],[-75.4114,-50.7644],[-75.4385,-50.7411],[-75.4526,-50.6825],[-75.4774,-50.6542],[-75.4427,-50.5955],[-75.4198,-50.5304],[-75.4276,-50.4806],[-75.3037,-50.484],[-75.1562,-50.4968],[-75.1153,-50.5104],[-75.1604,-50.5544],[-75.2034,-50.5807],[-75.2923,-50.5969],[-75.302,-50.68]]]]}},{"type":"Feature","properties":{},"geometry":{"type":"MultiPolygon","coordinates":[[[[-74.3857,-52.9224],[-74.3693,-52.9314],[-74.33,-52.9293],[-74.2746,-52.9455],[-74.066,-52.9653],[-73.8792,-53.0122],[-73.7818,-53.0561],[-73.654,-53.0698],[-73.5493,-53.1257],[-73.5045,-53.14],[-73.4506,-53.1443],[-73.3104,-53.2477],[-73.3025,-53.2595],[-73.1434,-53.3409],[-73.1352,-53.3539],[-73.2257,-53.3584],[-73.4094,-53.3205],[-73.501,-53.3185],[-73.5673,-53.3068],[-73.5828,-53.3002],[-73.5959,-53.2529],[-73.6171,-53.2297],[-73.7935,-53.1207],[-73.8669,-53.0969],[-73.994,-53.0758],[-74.1386,-53.0905],[-74.2364,-53.0765],[-74.2702,-53.0815],[-74.4144,-52.9949],[-74.5583,-52.9219],[-74.6199,-52.8348],[-74.7115,-52.7682],[-74.712,-52.7487],[-74.67,-52.7339],[-74.5715,-52.7713],[-74.4746,-52.8356],[-74.4223,-52.8601],[-74.3857,-52.9224]]]]}},{"type":"Feature","properties":{},"geometry":{"type":"MultiPolygon","coordinates":[[[[-69.703,-54.919],[-68.9008,-55.0178],[-68.6535,-54.9579],[-68.458,-54.9597],[-68.3998,-55.042],[-68.5981,-55.1283],[-68.6133,-55.1556],[-68.5855,-55.1777],[-68.3817,-55.1916],[-68.3301,-55.2194],[-68.2827,-55.2552],[-68.3228,-55.3082],[-68.3266,-55.3327],[-68.3054,-55.3566],[-68.1526,-55.4369],[-68.0899,-55.4783],[-68.0583,-55.518],[-68.0456,-55.5875],[-68.0483,-55.6432],[-68.0827,-55.6506],[-68.1571,-55.6337],[-68.2296,-55.6016],[-68.2934,-55.5214],[-68.338,-55.5053],[-68.4667,-55.4891],[-68.5942,-55.45],[-68.6936,-55.4522],[-68.785,-55.4356],[-68.867,-55.4502],[-68.8961,-55.4238],[-68.9313,-55.3706],[-68.9321,-55.3474],[-68.889,-55.2633],[-68.8901,-55.2412],[-68.9126,-55.2386],[-69.0082,-55.2558],[-69.0468,-55.2443],[-69.1508,-55.1834],[-69.1926,-55.1719],[-69.2971,-55.1658],[-69.3562,-55.2739],[-69.3592,-55.3007],[-69.299,-55.3693],[-69.1809,-55.4748],[-69.2408,-55.4768],[-69.4118,-55.4442],[-69.4557,-55.424],[-69.5087,-55.3709],[-69.6103,-55.3399],[-69.6459,-55.3209],[-69.6563,-55.2984],[-69.6574,-55.229],[-69.6798,-55.2189],[-69.824,-55.2365],[-69.8537,-55.2198],[-69.8658,-55.1906],[-69.8868,-55.1741],[-69.9798,-55.1475],[-69.988,-55.1308],[-69.9465,-55.111],[-69.9209,-55.0611],[-69.8844,-54.882],[-69.703,-54.919]]]]}},{"type":"Feature","properties":{},"geometry":{"type":"MultiPolygon","coordinates":[[[[-75.1067,-48.8365],[-75.1151,-48.916],[-75.2627,-49.0689],[-75.3899,-49.1592],[-75.5061,-49.2307],[-75.5804,-49.23],[-75.6412,-49.1954],[-75.5729,-49.1389],[-75.4876,-49.0824],[-75.5146,-49.0096],[-75.5401,-48.9885],[-75.5762,-48.9808],[-75.6378,-48.9426],[-75.6191,-48.8859],[-75.5831,-48.8589],[-75.5353,-48.8382],[-75.4905,-48.8505],[-75.2973,-48.8106],[-75.2362,-48.7786],[-75.1186,-48.7729],[-75.1067,-48.8365]]]]}},{"type":"Feature","properties":{},"geometry":{"type":"MultiPolygon","coordinates":[[[[-60.1117,-51.3959],[-60.2488,-51.396],[-60.2759,-51.3632],[-60.2753,-51.2806],[-60.1714,-51.2734],[-60.0698,-51.3079],[-60.0765,-51.3426],[-60.1117,-51.3959]]]]}},{"type":"Feature","properties":{},"geometry":{"type":"MultiPolygon","coordinates":[[[[-26.2641,-58.4352],[-26.2599,-58.4923],[-26.4153,-58.4398],[-26.451,-58.4153],[-26.4012,-58.3832],[-26.3035,-58.3822],[-26.2794,-58.4018],[-26.2641,-58.4352]]]]}},{"type":"Feature","properties":{},"geometry":{"type":"MultiPolygon","coordinates":[[[[179.4224,-17.3668],[179.389,-17.3938],[179.3731,-17.2562],[179.4076,-17.2573],[179.4328,-17.2716],[179.4472,-17.3062],[179.4224,-17.3668]]]]}},{"type":"Feature","properties":{},"geometry":{"type":"MultiPolygon","coordinates":[[[[179.3493,-18.1023],[179.3404,-18.1104],[179.2535,-18.0306],[179.2564,-17.999],[179.2718,-17.9707],[179.3064,-17.944],[179.3379,-17.9896],[179.3624,-18.0652],[179.3493,-18.1023]]]]}},{"type":"Feature","properties":{},"geometry":{"type":"MultiPolygon","coordinates":[[[[178.8275,-17.729],[178.7761,-17.7468],[178.7477,-17.6857],[178.7871,-17.6244],[178.8311,-17.6188],[178.8525,-17.6812],[178.8275,-17.729]]]]}},{"type":"Feature","properties":{},"geometry":{"type":"MultiPolygon","coordinates":[[[[168.4468,-16.7788],[168.4766,-16.7937],[168.4602,-16.8351],[168.3228,-16.7878],[168.2123,-16.8062],[168.1814,-16.804],[168.1485,-16.7657],[168.1243,-16.69],[168.1354,-16.6369],[168.1818,-16.5999],[168.1992,-16.5938],[168.2338,-16.6396],[168.2654,-16.6708],[168.2961,-16.6842],[168.366,-16.7588],[168.4468,-16.7788]]]]}},{"type":"Feature","properties":{},"geometry":{"type":"MultiPolygon","coordinates":[[[[168.2967,-16.3365],[168.1824,-16.3468],[168.0217,-16.3156],[167.957,-16.2723],[167.929,-16.2287],[167.9846,-16.1965],[168.0643,-16.1812],[168.1639,-16.0816],[168.1983,-16.1198],[168.2354,-16.2313],[168.2757,-16.2649],[168.2979,-16.2987],[168.2967,-16.3365]]]]}},{"type":"Feature","properties":{},"geometry":{"type":"MultiPolygon","coordinates":[[[[168.4458,-17.5422],[168.5454,-17.6847],[168.585,-17.6959],[168.5246,-17.798],[168.3994,-17.8072],[168.2517,-17.7808],[168.3059,-17.7457],[168.2778,-17.7061],[168.2332,-17.698],[168.182,-17.717],[168.1582,-17.7105],[168.1909,-17.6448],[168.2731,-17.5522],[168.2975,-17.5449],[168.3195,-17.5439],[168.341,-17.5521],[168.4458,-17.5422]]]]}},{"type":"Feature","properties":{},"geometry":{"type":"MultiPolygon","coordinates":[[[[167.9113,-15.4359],[167.8442,-15.4818],[167.7202,-15.4774],[167.6742,-15.4516],[167.8263,-15.312],[168.0025,-15.2832],[167.9113,-15.4359]]]]}},{"type":"Feature","properties":{},"geometry":{"type":"MultiPolygon","coordinates":[[[[166.7458,-14.8269],[166.8102,-15.1574],[166.8852,-15.1567],[166.9234,-15.1392],[166.9676,-15.0617],[166.9873,-14.94],[167.0266,-14.9227],[167.0756,-14.9356],[167.0543,-14.9744],[167.0686,-15.0718],[167.1064,-15.1256],[167.1316,-15.1354],[167.182,-15.3897],[167.2008,-15.4431],[167.1996,-15.4857],[167.0939,-15.5809],[166.9366,-15.578],[166.8258,-15.6349],[166.7583,-15.6312],[166.759,-15.5668],[166.6989,-15.5156],[166.6311,-15.4061],[166.6479,-15.2115],[166.5272,-14.8501],[166.5261,-14.7598],[166.5674,-14.6418],[166.6078,-14.6365],[166.6626,-14.7351],[166.7458,-14.8269]]]]}},{"type":"Feature","properties":{},"geometry":{"type":"MultiPolygon","coordinates":[[[[168.2129,-15.9704],[168.1962,-15.9717],[168.1793,-15.9257],[168.1229,-15.6809],[168.16,-15.4618],[168.1835,-15.5082],[168.2678,-15.8923],[168.2563,-15.9552],[168.2129,-15.9704]]]]}},{"type":"Feature","properties":{},"geometry":{"type":"MultiPolygon","coordinates":[[[[168.1892,-15.3287],[168.1719,-15.3906],[168.1305,-15.3189],[168.1042,-15.0166],[168.1149,-14.9886],[168.1364,-14.9864],[168.1869,-15.1969],[168.1892,-15.3287]]]]}},{"type":"Feature","properties":{},"geometry":{"type":"MultiPolygon","coordinates":[[[[167.4125,-16.0959],[167.4586,-16.1176],[167.4837,-16.1176],[167.4987,-16.1662],[167.642,-16.2633],[167.6813,-16.2605],[167.7145,-16.3137],[167.776,-16.3405],[167.7926,-16.3946],[167.8366,-16.4497],[167.7598,-16.5164],[167.6114,-16.4986],[167.5264,-16.5743],[167.4493,-16.555],[167.4361,-16.5152],[167.4469,-16.502],[167.401,-16.4006],[167.3803,-16.2457],[167.3492,-16.1545],[167.3156,-16.1155],[167.2461,-16.1496],[167.2181,-16.1553],[167.1515,-16.0805],[167.183,-15.9285],[167.1995,-15.8851],[167.2537,-15.8768],[167.3357,-15.9167],[167.4125,-16.0959]]]]}},{"type":"Feature","properties":{},"geometry":{"type":"MultiPolygon","coordinates":[[[[167.2189,-15.7241],[167.2008,-15.7501],[167.0947,-15.6853],[167.119,-15.6226],[167.2344,-15.645],[167.2189,-15.7241]]]]}},{"type":"Feature","properties":{},"geometry":{"type":"MultiPolygon","coordinates":[[[[-75.1122,-47.8377],[-75.1858,-47.8507],[-75.1943,-47.8181],[-75.261,-47.7639],[-75.2031,-47.728],[-75.0898,-47.6906],[-75.004,-47.6947],[-74.9265,-47.7231],[-74.916,-47.7566],[-75.0513,-47.8005],[-75.0845,-47.8245],[-75.1122,-47.8377]]]]}},{"type":"Feature","properties":{},"geometry":{"type":"MultiPolygon","coordinates":[[[[-74.6688,-43.6078],[-74.8104,-43.6254],[-74.8427,-43.5955],[-74.842,-43.5703],[-74.8177,-43.5494],[-74.745,-43.5359],[-74.6975,-43.553],[-74.6727,-43.5774],[-74.6648,-43.5996],[-74.6688,-43.6078]]]]}},{"type":"Feature","properties":{},"geometry":{"type":"MultiPolygon","coordinates":[[[[-73.6322,-44.8215],[-73.6648,-44.8329],[-73.6946,-44.8312],[-73.7248,-44.7969],[-73.7349,-44.7517],[-73.8001,-44.6841],[-73.8185,-44.6521],[-73.817,-44.614],[-73.7795,-44.5592],[-73.7239,-44.5442],[-73.6865,-44.5463],[-73.6412,-44.6108],[-73.6282,-44.6808],[-73.6166,-44.7529],[-73.6322,-44.8215]]]]}},{"type":"Feature","properties":{},"geometry":{"type":"MultiPolygon","coordinates":[[[[-74.5673,-48.592],[-74.5863,-48.6157],[-74.7096,-48.6012],[-74.923,-48.6265],[-75.0128,-48.5357],[-75.0521,-48.3914],[-75.0789,-48.3615],[-75.1319,-48.2793],[-75.1585,-48.2253],[-75.2129,-48.1417],[-75.2339,-48.0534],[-75.2473,-48.0268],[-75.1983,-47.9746],[-74.9751,-47.9229],[-74.8957,-47.8394],[-74.8274,-47.8504],[-74.8462,-48.0208],[-74.8052,-48.0782],[-74.7293,-48.1259],[-74.7152,-48.1455],[-74.7024,-48.2059],[-74.6644,-48.2993],[-74.6151,-48.3431],[-74.6024,-48.3703],[-74.6001,-48.3931],[-74.6182,-48.4252],[-74.5673,-48.592]]]]}},{"type":"Feature","properties":{},"geometry":{"type":"MultiPolygon","coordinates":[[[[-64.5492,-54.7162],[-64.4388,-54.7394],[-64.2205,-54.722],[-64.1053,-54.7217],[-64.0549,-54.7299],[-64.0324,-54.7424],[-63.8819,-54.7229],[-63.8154,-54.7251],[-63.8326,-54.768],[-63.9712,-54.8106],[-64.0283,-54.7926],[-64.3229,-54.7965],[-64.4533,-54.8403],[-64.5087,-54.8399],[-64.6374,-54.9025],[-64.7314,-54.863],[-64.7573,-54.8266],[-64.6892,-54.7747],[-64.6251,-54.7736],[-64.5813,-54.7527],[-64.5492,-54.7162]]]]}},{"type":"Feature","properties":{},"geometry":{"type":"MultiPolygon","coordinates":[[[[-61.8758,-39.1719],[-61.866,-39.2349],[-61.918,-39.2274],[-62.0416,-39.1669],[-62.0833,-39.1102],[-62.093,-39.0862],[-61.9667,-39.1122],[-61.9071,-39.1356],[-61.8758,-39.1719]]]]}},{"type":"Feature","properties":{},"geometry":{"type":"MultiPolygon","coordinates":[[[[-59.6827,-52.2316],[-59.7466,-52.2509],[-59.7645,-52.2422],[-59.7849,-52.2047],[-59.7859,-52.1562],[-59.7933,-52.1342],[-59.7532,-52.1414],[-59.681,-52.1801],[-59.6827,-52.2316]]]]}},{"type":"Feature","properties":{},"geometry":{"type":"MultiPolygon","coordinates":[[[[-61.0187,-51.7857],[-60.9473,-51.7995],[-60.876,-51.7942],[-60.9162,-51.897],[-60.9476,-51.9463],[-61.032,-51.9425],[-61.1158,-51.8753],[-61.145,-51.8395],[-61.0517,-51.814],[-61.0187,-51.7857]]]]}},{"type":"Feature","properties":{},"geometry":{"type":"MultiPolygon","coordinates":[[[[-72.9232,-53.4816],[-72.8963,-53.5628],[-72.8822,-53.5783],[-72.8094,-53.5653],[-72.6855,-53.5579],[-72.4823,-53.5881],[-72.4592,-53.5988],[-72.3729,-53.6875],[-72.3067,-53.7254],[-72.2054,-53.8074],[-72.3063,-53.8621],[-72.366,-53.9408],[-72.3691,-53.9808],[-72.4085,-54.0038],[-72.4705,-54.0277],[-72.5629,-54.0737],[-72.6766,-54.0789],[-72.7886,-54.1031],[-72.8404,-54.1251],[-72.871,-54.1266],[-72.9073,-54.1146],[-72.9461,-54.0921],[-72.9586,-54.0659],[-72.8817,-54.0416],[-72.7817,-53.9548],[-72.7638,-53.8648],[-72.8717,-53.8485],[-72.9361,-53.8608],[-72.9842,-53.8605],[-73.0395,-53.8328],[-73.073,-53.8753],[-73.0855,-53.9159],[-73.0708,-53.978],[-73.0808,-53.998],[-73.12,-54.0094],[-73.2106,-53.9858],[-73.3047,-53.9439],[-73.3122,-53.9196],[-73.2929,-53.8358],[-73.2949,-53.7921],[-73.3144,-53.7292],[-73.3248,-53.7227],[-73.3601,-53.724],[-73.4709,-53.7361],[-73.5816,-53.6555],[-73.6415,-53.5703],[-73.8455,-53.5458],[-73.6865,-53.4269],[-73.4471,-53.4101],[-73.3659,-53.4702],[-73.0994,-53.5119],[-73.1153,-53.448],[-73.1109,-53.4252],[-73.0743,-53.3968],[-73.0536,-53.3944],[-73.0221,-53.4146],[-72.9709,-53.423],[-72.9473,-53.4425],[-72.9232,-53.4816]]]]}},{"type":"Feature","properties":{},"geometry":{"type":"MultiPolygon","coordinates":[[[[-67.0799,-55.1538],[-67.1095,-55.1921],[-67.1726,-55.2426],[-67.2574,-55.2818],[-67.3397,-55.2926],[-67.3993,-55.2723],[-67.4294,-55.2365],[-67.4433,-55.2012],[-67.4635,-55.1817],[-67.4947,-55.1774],[-67.5353,-55.1785],[-67.5852,-55.192],[-67.6915,-55.243],[-67.737,-55.2564],[-67.7678,-55.2596],[-68.07,-55.2211],[-68.0995,-55.2068],[-68.1351,-55.1727],[-68.1743,-55.0713],[-68.3014,-54.9807],[-68.1069,-54.9294],[-67.8741,-54.9297],[-67.4246,-54.9689],[-67.2453,-54.9776],[-67.1073,-55.0636],[-67.0855,-55.1152],[-67.0799,-55.1538]]]]}},{"type":"Feature","properties":{},"geometry":{"type":"MultiPolygon","coordinates":[[[[-70.9916,-54.868],[-70.9451,-54.9313],[-70.9279,-54.943],[-70.8048,-54.9677],[-70.7493,-54.9527],[-70.6153,-54.9456],[-70.5348,-54.9213],[-70.4175,-54.9089],[-70.2831,-55.0659],[-70.2979,-55.1138],[-70.4042,-55.1656],[-70.4756,-55.1771],[-70.5435,-55.1613],[-70.5387,-55.135],[-70.5511,-55.1119],[-70.5975,-55.082],[-70.6409,-55.0849],[-70.711,-55.1069],[-70.7444,-55.1042],[-70.8155,-55.0799],[-70.9398,-55.0619],[-70.9645,-55.0396],[-70.9673,-55.0068],[-70.9907,-54.9904],[-71.1204,-54.9378],[-71.2033,-54.893],[-71.2736,-54.8869],[-71.2993,-54.8923],[-71.3253,-54.9138],[-71.3886,-54.9343],[-71.4066,-54.9309],[-71.4269,-54.9138],[-71.4372,-54.8893],[-71.4105,-54.8394],[-71.3743,-54.8346],[-71.1971,-54.8444],[-71.0886,-54.8675],[-70.9916,-54.868]]]]}},{"type":"Feature","properties":{},"geometry":{"type":"MultiPolygon","coordinates":[[[[-67.2889,-55.7769],[-67.3253,-55.7848],[-67.3522,-55.766],[-67.3934,-55.7527],[-67.56,-55.7248],[-67.5635,-55.7078],[-67.5461,-55.6837],[-67.5128,-55.662],[-67.4488,-55.6406],[-67.3974,-55.5852],[-67.3741,-55.5894],[-67.3506,-55.6121],[-67.3104,-55.6887],[-67.2625,-55.7437],[-67.2673,-55.7628],[-67.2889,-55.7769]]]]}},{"type":"Feature","properties":{},"geometry":{"type":"MultiPolygon","coordinates":[[[[-74.5586,-51.2771],[-74.5609,-51.3608],[-74.5926,-51.3875],[-74.6204,-51.3957],[-74.6907,-51.3702],[-74.7309,-51.3674],[-74.7974,-51.4117],[-74.8533,-51.4342],[-74.9367,-51.4283],[-75.0474,-51.3983],[-75.1463,-51.5243],[-75.1924,-51.5667],[-75.2891,-51.6254],[-75.3,-51.5564],[-75.2385,-51.4535],[-75.21,-51.3833],[-75.1537,-51.2788],[-75.0403,-51.3182],[-74.8814,-51.2795],[-74.7367,-51.2076],[-74.6116,-51.2071],[-74.5705,-51.2454],[-74.5586,-51.2771]]]]}},{"type":"Feature","properties":{},"geometry":{"type":"MultiPolygon","coordinates":[[[[-75.0548,-50.2961],[-75.2504,-50.3763],[-75.3079,-50.3431],[-75.4491,-50.3434],[-75.4121,-50.2566],[-75.3979,-50.1927],[-75.3767,-50.168],[-75.3688,-50.1127],[-75.3267,-50.0118],[-75.2097,-50.0454],[-75.1226,-50.0553],[-75.0042,-50.0887],[-74.876,-50.11],[-74.8386,-50.1973],[-74.9634,-50.2373],[-75.0548,-50.2961]]]]}},{"type":"Feature","properties":{},"geometry":{"type":"MultiPolygon","coordinates":[[[[-74.8229,-51.6302],[-74.7801,-51.8247],[-74.7495,-51.8519],[-74.6475,-51.8662],[-74.5368,-51.9651],[-74.5318,-51.992],[-74.666,-52.1601],[-74.6945,-52.2792],[-74.8518,-52.2707],[-74.9177,-52.1522],[-75.0171,-52.0379],[-75.0507,-51.9039],[-75.1054,-51.7889],[-75.0081,-51.7237],[-74.9152,-51.7383],[-74.9097,-51.65],[-74.8229,-51.6302]]]]}},{"type":"Feature","properties":{},"geometry":{"type":"MultiPolygon","coordinates":[[[[-73.8106,-43.8272],[-73.7896,-43.8765],[-73.8336,-43.8832],[-73.9042,-43.8754],[-73.9383,-43.9143],[-73.9557,-43.922],[-74.1178,-43.8875],[-74.143,-43.8722],[-74.1399,-43.821],[-73.9672,-43.8165],[-73.8569,-43.7838],[-73.8414,-43.789],[-73.8106,-43.8272]]]]}},{"type":"Feature","properties":{},"geometry":{"type":"MultiPolygon","coordinates":[[[[-71.3905,-54.0328],[-71.1688,-54.1126],[-71.0219,-54.1118],[-71.0229,-54.1617],[-71.0049,-54.2467],[-71.028,-54.2812],[-71.083,-54.3163],[-71.1175,-54.3663],[-71.1433,-54.374],[-71.3046,-54.3136],[-71.4733,-54.2312],[-71.5581,-54.2456],[-71.6706,-54.2254],[-71.7612,-54.2298],[-71.8176,-54.2765],[-71.9485,-54.3009],[-71.9724,-54.2072],[-72.0916,-54.1187],[-72.2104,-54.0478],[-72.146,-53.9389],[-72.0689,-53.9213],[-71.9965,-53.8849],[-71.7051,-53.9233],[-71.5542,-53.9561],[-71.3905,-54.0328]]]]}},{"type":"Feature","properties":{},"geometry":{"type":"MultiPolygon","coordinates":[[[[-74.1422,-51.9311],[-74.1721,-51.9421],[-74.2831,-51.9188],[-74.3387,-51.8979],[-74.4236,-51.8451],[-74.4371,-51.7906],[-74.4754,-51.7257],[-74.4508,-51.7249],[-74.3621,-51.7507],[-74.3257,-51.7702],[-74.2771,-51.8116],[-74.1334,-51.8709],[-74.1154,-51.8885],[-74.1189,-51.9111],[-74.1422,-51.9311]]]]}},{"type":"Feature","properties":{},"geometry":{"type":"MultiPolygon","coordinates":[[[[-73.7354,-44.3945],[-73.7846,-44.4375],[-73.8623,-44.4451],[-73.9833,-44.4948],[-73.996,-44.538],[-74.0021,-44.5909],[-73.9186,-44.6547],[-73.8774,-44.7288],[-73.8279,-44.8398],[-73.7921,-44.9458],[-73.7954,-44.9786],[-73.7865,-45.0336],[-73.7271,-45.119],[-73.7217,-45.1576],[-73.7282,-45.1959],[-73.7521,-45.2668],[-73.771,-45.2766],[-73.8299,-45.2835],[-73.8345,-45.3266],[-73.849,-45.3406],[-74.0163,-45.3449],[-74.0991,-45.3254],[-74.0893,-45.1957],[-74.1952,-45.1448],[-74.268,-45.059],[-74.3499,-44.9108],[-74.4188,-44.8652],[-74.4988,-44.7481],[-74.6178,-44.6479],[-74.4805,-44.5846],[-74.5018,-44.4735],[-74.4217,-44.4354],[-74.3012,-44.3957],[-74.2125,-44.427],[-74.1328,-44.4159],[-74.0972,-44.3894],[-74.1081,-44.2759],[-74.0828,-44.1864],[-73.9949,-44.1402],[-73.9002,-44.1349],[-73.8646,-44.1854],[-73.8178,-44.235],[-73.7032,-44.2741],[-73.7037,-44.3254],[-73.7354,-44.3945]]]]}},{"type":"Feature","properties":{},"geometry":{"type":"MultiPolygon","coordinates":[[[[-74.3129,-45.6915],[-74.3685,-45.7358],[-74.4655,-45.7572],[-74.5616,-45.7225],[-74.6777,-45.7386],[-74.6898,-45.6626],[-74.6464,-45.6],[-74.5584,-45.5256],[-74.4947,-45.4259],[-74.5023,-45.2852],[-74.45,-45.2529],[-74.4219,-45.2032],[-74.3105,-45.1727],[-74.2854,-45.2772],[-74.3154,-45.4641],[-74.24,-45.5745],[-74.2292,-45.6113],[-74.2439,-45.6536],[-74.3129,-45.6915]]]]}},{"type":"Feature","properties":{},"geometry":{"type":"MultiPolygon","coordinates":[[[[158.8788,-54.7098],[158.8452,-54.7492],[158.8359,-54.704],[158.897,-54.5061],[158.9589,-54.4724],[158.9456,-54.575],[158.8788,-54.7098]]]]}},{"type":"Feature","properties":{},"geometry":{"type":"MultiPolygon","coordinates":[[[[-173.9535,-18.6394],[-173.9913,-18.6986],[-174.0093,-18.6978],[-174.0531,-18.6634],[-174.0691,-18.6402],[-174.0024,-18.5707],[-173.9681,-18.5653],[-173.9219,-18.5886],[-173.924,-18.6085],[-173.9535,-18.6394]]]]}},{"type":"Feature","properties":{},"geometry":{"type":"MultiPolygon","coordinates":[[[[-151.4098,-16.8777],[-151.4495,-16.8793],[-151.4855,-16.8637],[-151.4764,-16.7607],[-151.4667,-16.7396],[-151.4112,-16.7744],[-151.3645,-16.8643],[-151.4098,-16.8777]]]]}},{"type":"Feature","properties":{},"geometry":{"type":"MultiPolygon","coordinates":[[[[-149.3215,-17.69],[-149.1777,-17.7366],[-149.1509,-17.8121],[-149.1818,-17.8623],[-149.2545,-17.8499],[-149.2905,-17.8225],[-149.3411,-17.7324],[-149.4817,-17.7527],[-149.5789,-17.735],[-149.6328,-17.6176],[-149.635,-17.5643],[-149.6114,-17.5316],[-149.5081,-17.4964],[-149.3792,-17.5224],[-149.3301,-17.589],[-149.3215,-17.69]]]]}},{"type":"Feature","properties":{},"geometry":{"type":"MultiPolygon","coordinates":[[[[-172.3335,-13.4652],[-172.2215,-13.5596],[-172.1769,-13.6847],[-172.225,-13.8043],[-172.3309,-13.7747],[-172.4845,-13.8002],[-172.5357,-13.7917],[-172.6588,-13.6448],[-172.7441,-13.5787],[-172.7785,-13.5168],[-172.6696,-13.5238],[-172.5109,-13.4828],[-172.3335,-13.4652]]]]}},{"type":"Feature","properties":{},"geometry":{"type":"MultiPolygon","coordinates":[[[[-178.9565,-17.2729],[-178.9818,-17.307],[-179.0039,-17.2949],[-178.9755,-17.2375],[-178.9715,-17.2127],[-179.0149,-17.1824],[-179.0177,-17.1613],[-179.005,-17.1483],[-178.9528,-17.182],[-178.9211,-17.2084],[-178.9148,-17.223],[-178.9246,-17.2486],[-178.9565,-17.2729]]]]}},{"type":"Feature","properties":{},"geometry":{"type":"MultiPolygon","coordinates":[[[[-171.4541,-14.0465],[-171.7282,-14.0473],[-171.8638,-14.0021],[-171.9119,-14.0017],[-172.0281,-13.9068],[-172.0459,-13.8571],[-171.9849,-13.8244],[-171.8582,-13.8071],[-171.6039,-13.8792],[-171.5654,-13.9431],[-171.5069,-13.9499],[-171.4614,-13.9776],[-171.4496,-14.0225],[-171.4541,-14.0465]]]]}},{"type":"Feature","properties":{},"geometry":{"type":"MultiPolygon","coordinates":[[[[-170.7263,-14.3512],[-170.7692,-14.3598],[-170.8205,-14.3121],[-170.7209,-14.276],[-170.6892,-14.2574],[-170.5681,-14.2668],[-170.6405,-14.2822],[-170.7263,-14.3512]]]]}},{"type":"Feature","properties":{},"geometry":{"type":"MultiPolygon","coordinates":[[[[-169.8034,-19.083],[-169.9038,-19.1379],[-169.9483,-19.0729],[-169.9087,-18.9902],[-169.8616,-18.9687],[-169.834,-18.966],[-169.7934,-19.0426],[-169.8034,-19.083]]]]}},{"type":"Feature","properties":{},"geometry":{"type":"MultiPolygon","coordinates":[[[[-176.1606,-13.3328],[-176.1769,-13.3409],[-176.1954,-13.3017],[-176.1712,-13.2426],[-176.1479,-13.2217],[-176.1281,-13.2682],[-176.1606,-13.3328]]]]}},{"type":"Feature","properties":{},"geometry":{"type":"MultiPolygon","coordinates":[[[[-174.9131,-21.3005],[-174.9187,-21.4506],[-174.9675,-21.3817],[-174.9729,-21.3498],[-174.9235,-21.3034],[-174.9131,-21.3005]]]]}},{"type":"Feature","properties":{},"geometry":{"type":"MultiPolygon","coordinates":[[[[178.4879,-18.9741],[178.4877,-19.0171],[178.359,-19.0456],[178.3156,-19.0102],[178.288,-19.0037],[178.2113,-19.0665],[178.1892,-19.0923],[178.1818,-19.1117],[178.1621,-19.1215],[178.0208,-19.1517],[177.9587,-19.1216],[178.0008,-19.1011],[178.052,-19.0602],[178.1041,-19.0662],[178.1566,-19.0279],[178.2084,-18.9696],[178.2822,-18.957],[178.3343,-18.9345],[178.4203,-18.9508],[178.4879,-18.9741]]]]}},{"type":"Feature","properties":{},"geometry":{"type":"MultiPolygon","coordinates":[[[[167.5849,-14.2609],[167.5433,-14.3116],[167.4303,-14.2949],[167.4035,-14.2815],[167.4107,-14.1975],[167.4391,-14.1685],[167.5064,-14.1422],[167.5989,-14.1838],[167.5849,-14.2609]]]]}},{"type":"Feature","properties":{},"geometry":{"type":"MultiPolygon","coordinates":[[[[167.4889,-13.9072],[167.4742,-13.9171],[167.4511,-13.9094],[167.3918,-13.7884],[167.4068,-13.748],[167.4811,-13.7095],[167.5473,-13.7767],[167.5535,-13.814],[167.553,-13.8457],[167.5429,-13.8731],[167.4986,-13.8846],[167.4889,-13.9072]]]]}},{"type":"Feature","properties":{},"geometry":{"type":"MultiPolygon","coordinates":[[[[169.8963,-20.1866],[169.8611,-20.2418],[169.807,-20.2411],[169.7375,-20.2021],[169.7507,-20.1533],[169.8295,-20.1447],[169.8523,-20.1479],[169.8963,-20.1866]]]]}},{"type":"Feature","properties":{},"geometry":{"type":"MultiPolygon","coordinates":[[[[169.4913,-19.5401],[169.4385,-19.6488],[169.3473,-19.6235],[169.2619,-19.545],[169.2175,-19.4764],[169.2475,-19.3447],[169.2911,-19.3218],[169.3367,-19.3293],[169.36,-19.4578],[169.4913,-19.5401]]]]}},{"type":"Feature","properties":{},"geometry":{"type":"MultiPolygon","coordinates":[[[[169.3344,-18.9402],[169.2883,-18.9886],[169.248,-18.9833],[168.9869,-18.8713],[168.9979,-18.8252],[168.9871,-18.7076],[169.0158,-18.6438],[169.0879,-18.6175],[169.1438,-18.6311],[169.178,-18.7251],[169.2558,-18.7634],[169.2012,-18.7957],[169.2962,-18.8668],[169.3344,-18.9402]]]]}},{"type":"Feature","properties":{},"geometry":{"type":"MultiPolygon","coordinates":[[[[168.0109,-21.43],[168.0579,-21.4484],[168.1391,-21.4452],[168.1207,-21.6158],[168.0064,-21.6432],[167.9668,-21.6416],[167.9413,-21.6058],[167.8759,-21.5821],[167.8791,-21.5236],[167.8154,-21.3927],[167.926,-21.3729],[167.9885,-21.3379],[167.985,-21.3697],[167.9946,-21.4069],[168.0109,-21.43]]]]}},{"type":"Feature","properties":{},"geometry":{"type":"MultiPolygon","coordinates":[[[[166.5468,-20.6987],[166.4936,-20.7086],[166.5578,-20.6171],[166.5597,-20.5611],[166.5854,-20.4505],[166.5825,-20.4134],[166.6247,-20.4183],[166.6708,-20.4502],[166.6179,-20.4775],[166.6003,-20.5254],[166.6021,-20.5854],[166.6226,-20.5963],[166.5889,-20.6619],[166.5468,-20.6987]]]]}},{"type":"Feature","properties":{},"geometry":{"type":"MultiPolygon","coordinates":[[[[167.4009,-21.1606],[167.3462,-21.1687],[167.2732,-21.0968],[167.1339,-21.0606],[167.0727,-20.9973],[167.0327,-20.9226],[167.1117,-20.9041],[167.1895,-20.8035],[167.1364,-20.7661],[167.045,-20.7595],[167.0558,-20.7202],[167.204,-20.6735],[167.2689,-20.7006],[167.2979,-20.7325],[167.2935,-20.8915],[167.3608,-20.9421],[167.4306,-21.0553],[167.4303,-21.087],[167.4009,-21.1606]]]]}},{"type":"Feature","properties":{},"geometry":{"type":"MultiPolygon","coordinates":[[[[167.5444,-22.6232],[167.5127,-22.6611],[167.4734,-22.6533],[167.4437,-22.6392],[167.4221,-22.6186],[167.4435,-22.5414],[167.5295,-22.5792],[167.5444,-22.6232]]]]}},{"type":"Feature","properties":{},"geometry":{"type":"MultiPolygon","coordinates":[[[[159.9518,-19.3117],[159.9364,-19.3331],[159.9282,-19.1743],[159.9599,-19.1146],[159.9751,-19.2383],[159.9518,-19.3117]]]]}},{"type":"Feature","properties":{},"geometry":{"type":"MultiPolygon","coordinates":[[[[175.5432,-36.2793],[175.5512,-36.3339],[175.4746,-36.3145],[175.4446,-36.2732],[175.3588,-36.2307],[175.3462,-36.2178],[175.3366,-36.1348],[175.3816,-36.0948],[175.3896,-36.0777],[175.4094,-36.0709],[175.4443,-36.1146],[175.5126,-36.177],[175.5432,-36.2793]]]]}},{"type":"Feature","properties":{},"geometry":{"type":"MultiPolygon","coordinates":[[[[173.9146,-40.8637],[173.7809,-40.9218],[173.7862,-40.8814],[173.8124,-40.7937],[173.8733,-40.7493],[173.9033,-40.7463],[173.9645,-40.713],[173.958,-40.7868],[173.9146,-40.8637]]]]}},{"type":"Feature","properties":{},"geometry":{"type":"MultiPolygon","coordinates":[[[[166.7463,-45.6559],[166.741,-45.705],[166.7292,-45.7297],[166.6945,-45.7299],[166.6425,-45.7244],[166.5917,-45.7018],[166.5592,-45.7082],[166.532,-45.6998],[166.5671,-45.6444],[166.6856,-45.615],[166.7314,-45.6387],[166.7463,-45.6559]]]]}},{"type":"Feature","properties":{},"geometry":{"type":"MultiPolygon","coordinates":[[[[-176.1776,-43.7403],[-176.2135,-43.7663],[-176.2749,-43.7648],[-176.3817,-43.8668],[-176.3752,-43.7906],[-176.4074,-43.7609],[-176.4991,-43.7681],[-176.5166,-43.7848],[-176.4549,-43.8049],[-176.4413,-43.8161],[-176.5001,-43.8602],[-176.4391,-43.9547],[-176.3854,-43.9515],[-176.3336,-44.0253],[-176.3338,-44.0484],[-176.4528,-44.0769],[-176.5155,-44.1166],[-176.5715,-44.1149],[-176.598,-44.1072],[-176.6293,-44.0361],[-176.6315,-44.0063],[-176.5627,-43.9541],[-176.5238,-43.901],[-176.5551,-43.852],[-176.6346,-43.8202],[-176.808,-43.8346],[-176.8477,-43.8239],[-176.7611,-43.7579],[-176.6672,-43.7651],[-176.5661,-43.7176],[-176.1776,-43.7403]]]]}},{"type":"Feature","properties":{},"geometry":{"type":"MultiPolygon","coordinates":[[[[-176.1765,-44.3217],[-176.2208,-44.3306],[-176.2146,-44.2735],[-176.2293,-44.2367],[-176.1547,-44.2245],[-176.1226,-44.2685],[-176.1765,-44.3217]]]]}},{"type":"Feature","properties":{},"geometry":{"type":"MultiPolygon","coordinates":[[[[169.1782,-52.4973],[169.2335,-52.5482],[169.1275,-52.5703],[169.076,-52.5519],[169.0398,-52.5285],[169.0218,-52.4954],[169.0791,-52.4988],[169.1286,-52.4852],[169.1782,-52.4973]]]]}},{"type":"Feature","properties":{},"geometry":{"type":"MultiPolygon","coordinates":[[[[166.2211,-50.7615],[166.2429,-50.8457],[166.1879,-50.8461],[166.0732,-50.8227],[166.0377,-50.7867],[166.0133,-50.7779],[165.9714,-50.8195],[165.9041,-50.8215],[165.8892,-50.8077],[165.9156,-50.7631],[166.0738,-50.679],[166.1031,-50.573],[166.1014,-50.539],[166.2251,-50.531],[166.2543,-50.5439],[166.2675,-50.5586],[166.2594,-50.5772],[166.2096,-50.612],[166.2076,-50.6524],[166.2204,-50.6943],[166.1795,-50.7146],[166.2008,-50.7509],[166.2211,-50.7615]]]]}},{"type":"Feature","properties":{},"geometry":{"type":"MultiPolygon","coordinates":[[[[168.1449,-46.8622],[168.1453,-46.9021],[168.041,-46.8878],[168.0432,-46.9326],[168.1255,-46.9562],[168.156,-46.9883],[168.2414,-46.979],[168.2606,-47.0271],[168.2409,-47.07],[168.1839,-47.1016],[168.015,-47.1175],[167.9056,-47.1799],[167.8107,-47.1704],[167.785,-47.1761],[167.6764,-47.243],[167.5549,-47.2637],[167.522,-47.2587],[167.5388,-47.199],[167.629,-47.1423],[167.631,-47.0878],[167.6541,-47.0442],[167.7409,-47.0136],[167.742,-46.9568],[167.8008,-46.9065],[167.7652,-46.7977],[167.784,-46.6998],[167.9558,-46.6944],[168.1449,-46.8622]]]]}},{"type":"Feature","properties":{},"geometry":{"type":"MultiPolygon","coordinates":[[[[137.0937,-15.7781],[137.0509,-15.8244],[136.9965,-15.7758],[136.9851,-15.726],[136.9427,-15.7117],[136.9634,-15.6657],[136.9857,-15.6524],[137.0096,-15.5948],[137.0646,-15.6629],[137.0711,-15.7381],[137.0937,-15.7781]]]]}},{"type":"Feature","properties":{},"geometry":{"type":"MultiPolygon","coordinates":[[[[136.8627,-15.6199],[136.8468,-15.6273],[136.8456,-15.544],[136.8769,-15.5025],[136.8902,-15.5889],[136.8627,-15.6199]]]]}},{"type":"Feature","properties":{},"geometry":{"type":"MultiPolygon","coordinates":[[[[136.591,-15.6282],[136.5312,-15.6324],[136.5143,-15.6273],[136.5027,-15.5831],[136.5226,-15.5432],[136.586,-15.5337],[136.6123,-15.5441],[136.591,-15.6282]]]]}},{"type":"Feature","properties":{},"geometry":{"type":"MultiPolygon","coordinates":[[[[149.0437,-20.2915],[149.0199,-20.3025],[148.9874,-20.3018],[148.9389,-20.2837],[148.9811,-20.1535],[149.0044,-20.2215],[149.0453,-20.2775],[149.0437,-20.2915]]]]}},{"type":"Feature","properties":{},"geometry":{"type":"MultiPolygon","coordinates":[[[[148.9355,-20.1499],[148.9135,-20.1543],[148.8869,-20.1436],[148.9064,-20.102],[148.9316,-20.0689],[148.9679,-20.0443],[148.9563,-20.1347],[148.9355,-20.1499]]]]}},{"type":"Feature","properties":{},"geometry":{"type":"MultiPolygon","coordinates":[[[[146.2783,-18.2312],[146.2988,-18.3261],[146.342,-18.4001],[146.3271,-18.4486],[146.2988,-18.4848],[146.2356,-18.4508],[146.1913,-18.3629],[146.1162,-18.2924],[146.0988,-18.2518],[146.1867,-18.2552],[146.2309,-18.2414],[146.2491,-18.2259],[146.2783,-18.2312]]]]}},{"type":"Feature","properties":{},"geometry":{"type":"MultiPolygon","coordinates":[[[[139.5078,-16.573],[139.4306,-16.661],[139.3915,-16.6486],[139.3543,-16.6966],[139.283,-16.7194],[139.2391,-16.7187],[139.1596,-16.7417],[139.1477,-16.7139],[139.1627,-16.6259],[139.2287,-16.5275],[139.293,-16.4673],[139.4589,-16.4385],[139.5879,-16.3952],[139.6045,-16.4032],[139.6978,-16.5149],[139.5597,-16.5295],[139.5078,-16.573]]]]}},{"type":"Feature","properties":{},"geometry":{"type":"MultiPolygon","coordinates":[[[[139.4592,-17.1146],[139.4217,-17.1316],[139.4082,-17.0906],[139.4592,-17.0491],[139.4928,-16.9904],[139.5601,-17.042],[139.5709,-17.0944],[139.4592,-17.1146]]]]}},{"type":"Feature","properties":{},"geometry":{"type":"MultiPolygon","coordinates":[[[[136.7146,-13.8039],[136.758,-13.8454],[136.8045,-13.8425],[136.8453,-13.751],[136.8707,-13.7637],[136.8908,-13.7866],[136.9056,-13.827],[136.843,-13.8966],[136.8149,-13.9073],[136.7882,-13.9458],[136.7453,-14.0727],[136.7499,-14.1152],[136.787,-14.1578],[136.8854,-14.1973],[136.9339,-14.179],[136.9508,-14.1843],[136.9313,-14.246],[136.8943,-14.2931],[136.7632,-14.2734],[136.6497,-14.2805],[136.4605,-14.2346],[136.3633,-14.2289],[136.3354,-14.2118],[136.3922,-14.1755],[136.4277,-14.1265],[136.4111,-14.0111],[136.4247,-13.8648],[136.5338,-13.7937],[136.5828,-13.7211],[136.6557,-13.6759],[136.702,-13.6816],[136.696,-13.7262],[136.7146,-13.8039]]]]}},{"type":"Feature","properties":{},"geometry":{"type":"MultiPolygon","coordinates":[[[[136.2374,-13.8245],[136.2137,-13.8359],[136.1227,-13.8166],[136.1223,-13.7806],[136.1344,-13.7531],[136.1596,-13.7367],[136.2154,-13.6647],[136.2574,-13.7066],[136.2754,-13.7911],[136.2374,-13.8245]]]]}},{"type":"Feature","properties":{},"geometry":{"type":"MultiPolygon","coordinates":[[[[125.1988,-14.5795],[125.1348,-14.6417],[125.0912,-14.5917],[125.1174,-14.492],[125.16,-14.4561],[125.1981,-14.4748],[125.1936,-14.5526],[125.1988,-14.5795]]]]}},{"type":"Feature","properties":{},"geometry":{"type":"MultiPolygon","coordinates":[[[[124.5973,-15.402],[124.5596,-15.4302],[124.5242,-15.4215],[124.5237,-15.3824],[124.4828,-15.3403],[124.5041,-15.2925],[124.5193,-15.2675],[124.5509,-15.2703],[124.5646,-15.3108],[124.6051,-15.3565],[124.5973,-15.402]]]]}},{"type":"Feature","properties":{},"geometry":{"type":"MultiPolygon","coordinates":[[[[115.4462,-20.7878],[115.3881,-20.866],[115.3181,-20.8506],[115.3086,-20.8111],[115.3543,-20.7463],[115.4346,-20.668],[115.4576,-20.7163],[115.4462,-20.7878]]]]}},{"type":"Feature","properties":{},"geometry":{"type":"MultiPolygon","coordinates":[[[[113.183,-26.0531],[113.1564,-26.0945],[112.9643,-25.7831],[112.9082,-25.5698],[112.9471,-25.5315],[112.9824,-25.5202],[113.0963,-25.815],[113.1315,-25.8826],[113.1318,-25.952],[113.1483,-25.9738],[113.183,-26.0531]]]]}},{"type":"Feature","properties":{},"geometry":{"type":"MultiPolygon","coordinates":[[[[147.3561,-43.397],[147.3089,-43.5008],[147.2314,-43.4831],[147.1538,-43.5002],[147.105,-43.4312],[147.1047,-43.4129],[147.1631,-43.4303],[147.1847,-43.4078],[147.1984,-43.3792],[147.2197,-43.3714],[147.234,-43.3305],[147.2839,-43.2789],[147.3125,-43.2803],[147.3425,-43.3463],[147.3561,-43.397]]]]}},{"type":"Feature","properties":{},"geometry":{"type":"MultiPolygon","coordinates":[[[[148.1043,-42.7104],[148.0481,-42.7192],[148.0297,-42.7148],[148.0309,-42.6634],[148.0228,-42.6404],[148.0726,-42.5932],[148.1428,-42.6159],[148.1695,-42.6518],[148.1006,-42.6806],[148.1043,-42.7104]]]]}},{"type":"Feature","properties":{},"geometry":{"type":"MultiPolygon","coordinates":[[[[147.4346,-43.2407],[147.3719,-43.2408],[147.3488,-43.2324],[147.3376,-43.1833],[147.2961,-43.1617],[147.3191,-43.1453],[147.3273,-43.1146],[147.3525,-43.0803],[147.3973,-43.1183],[147.4346,-43.2407]]]]}},{"type":"Feature","properties":{},"geometry":{"type":"MultiPolygon","coordinates":[[[[144.7844,-40.5067],[144.748,-40.5895],[144.7102,-40.4853],[144.7512,-40.4702],[144.7834,-40.4349],[144.7908,-40.4403],[144.7844,-40.5067]]]]}},{"type":"Feature","properties":{},"geometry":{"type":"MultiPolygon","coordinates":[[[[143.9279,-40.1161],[143.8987,-40.1202],[143.8758,-40.064],[143.8876,-39.9836],[143.8386,-39.9041],[143.8652,-39.8242],[143.8618,-39.738],[143.8794,-39.7],[143.9394,-39.6581],[143.9488,-39.5837],[144.0008,-39.5802],[144.0913,-39.6381],[144.1209,-39.7853],[144.1061,-39.874],[144.141,-39.9538],[144.1119,-40.0221],[144.0351,-40.0782],[143.9279,-40.1161]]]]}},{"type":"Feature","properties":{},"geometry":{"type":"MultiPolygon","coordinates":[[[[148.3263,-40.3069],[148.4207,-40.3672],[148.4742,-40.4324],[148.404,-40.4865],[148.3527,-40.4973],[148.3194,-40.4346],[148.2141,-40.4575],[148.1025,-40.4517],[148.0201,-40.4042],[148.0104,-40.3806],[148.0588,-40.3568],[148.1981,-40.3579],[148.3263,-40.3069]]]]}},{"type":"Feature","properties":{},"geometry":{"type":"MultiPolygon","coordinates":[[[[148.0004,-39.7576],[148.1779,-39.9385],[148.27,-39.9667],[148.2974,-39.9857],[148.2898,-40.0654],[148.2508,-40.0995],[148.3232,-40.1444],[148.3136,-40.1735],[148.2994,-40.1725],[148.2104,-40.2337],[148.1057,-40.2621],[148.0736,-40.2408],[148.0469,-40.2128],[148.0248,-40.172],[147.8905,-40.0146],[147.906,-39.9714],[147.8763,-39.9055],[147.8123,-39.9104],[147.7672,-39.8703],[147.8392,-39.8315],[147.933,-39.726],[148.0004,-39.7576]]]]}},{"type":"Feature","properties":{},"geometry":{"type":"MultiPolygon","coordinates":[[[[148.2369,-40.5151],[148.1878,-40.5926],[148.127,-40.5439],[148.1173,-40.5215],[148.1932,-40.5031],[148.2184,-40.5051],[148.2369,-40.5151]]]]}},{"type":"Feature","properties":{},"geometry":{"type":"MultiPolygon","coordinates":[[[[137.5965,-35.7387],[137.8359,-35.7621],[137.9289,-35.7261],[138.0466,-35.7552],[138.1234,-35.8523],[138.0665,-35.9006],[138.0119,-35.9076],[137.8355,-35.8678],[137.6709,-35.8979],[137.6223,-35.9381],[137.5902,-36.0271],[137.4484,-36.0748],[137.3822,-36.0209],[137.2096,-35.9824],[137.1478,-36.0391],[137.0259,-36.0239],[136.9127,-36.0467],[136.7551,-36.0331],[136.5893,-35.9354],[136.5406,-35.8901],[136.5791,-35.8087],[136.6387,-35.7488],[137.0918,-35.6639],[137.3341,-35.5925],[137.5305,-35.6051],[137.585,-35.6202],[137.6354,-35.6564],[137.5981,-35.7223],[137.5965,-35.7387]]]]}},{"type":"Feature","properties":{},"geometry":{"type":"MultiPolygon","coordinates":[[[[145.4865,-38.3549],[145.3358,-38.421],[145.2803,-38.3906],[145.2858,-38.341],[145.2953,-38.3189],[145.4266,-38.3142],[145.4865,-38.3549]]]]}},{"type":"Feature","properties":{},"geometry":{"type":"MultiPolygon","coordinates":[[[[145.3145,-38.4908],[145.3492,-38.5382],[145.3551,-38.557],[145.2709,-38.5197],[145.1284,-38.5276],[145.2178,-38.4586],[145.2879,-38.4722],[145.3145,-38.4908]]]]}},{"type":"Feature","properties":{},"geometry":{"type":"MultiPolygon","coordinates":[[[[153.5388,-27.4364],[153.4527,-27.7117],[153.4266,-27.7064],[153.3958,-27.665],[153.4009,-27.5057],[153.4354,-27.4054],[153.5219,-27.4225],[153.5388,-27.4364]]]]}},{"type":"Feature","properties":{},"geometry":{"type":"MultiPolygon","coordinates":[[[[153.4425,-27.316],[153.4209,-27.331],[153.3766,-27.2354],[153.365,-27.1389],[153.3799,-27.0494],[153.4323,-27.0299],[153.4668,-27.0381],[153.4264,-27.2015],[153.4425,-27.316]]]]}},{"type":"Feature","properties":{},"geometry":{"type":"MultiPolygon","coordinates":[[[[153.0774,-25.7508],[153.052,-25.7783],[153.0069,-25.7289],[152.9767,-25.5514],[152.999,-25.4484],[153.0516,-25.3543],[153.0607,-25.3022],[153.0381,-25.1932],[153.1893,-25.0705],[153.2275,-25.0058],[153.242,-24.9226],[153.1863,-24.8326],[153.1438,-24.8148],[153.181,-24.7648],[153.2231,-24.7396],[153.2569,-24.7289],[153.2821,-24.7383],[153.2979,-24.9152],[153.3593,-24.9777],[153.3502,-25.0631],[153.1414,-25.5128],[153.0838,-25.6825],[153.0774,-25.7508]]]]}},{"type":"Feature","properties":{},"geometry":{"type":"MultiPolygon","coordinates":[[[[151.1466,-23.4908],[151.1808,-23.5162],[151.212,-23.5131],[151.2401,-23.5297],[151.2288,-23.5949],[151.2743,-23.6685],[151.2958,-23.7203],[151.2615,-23.7623],[151.2383,-23.7758],[151.1842,-23.7407],[151.0333,-23.5302],[151.06,-23.4605],[151.1466,-23.4908]]]]}},{"type":"Feature","properties":{},"geometry":{"type":"MultiPolygon","coordinates":[[[[150.5167,-22.3226],[150.4885,-22.3247],[150.4624,-22.3077],[150.4847,-22.2679],[150.4885,-22.2107],[150.5215,-22.2283],[150.5488,-22.3069],[150.5167,-22.3226]]]]}},{"type":"Feature","properties":{},"geometry":{"type":"MultiPolygon","coordinates":[[[[149.9283,-22.1931],[149.8937,-22.2232],[149.8695,-22.1504],[149.8754,-22.074],[149.9123,-22.0487],[149.9279,-22.1493],[149.9283,-22.1931]]]]}},{"type":"Feature","properties":{},"geometry":{"type":"MultiPolygon","coordinates":[[[[73.7074,-53.1371],[73.588,-53.1846],[73.4651,-53.1842],[73.4133,-53.1468],[73.3363,-53.0299],[73.2854,-53.0215],[73.2539,-52.9894],[73.2512,-52.9758],[73.3053,-52.9663],[73.3881,-52.9999],[73.5857,-53.0271],[73.7313,-53.0912],[73.8378,-53.1128],[73.7951,-53.1299],[73.7074,-53.1371]]]]}},{"type":"Feature","properties":{},"geometry":{"type":"MultiPolygon","coordinates":[[[[69.2824,-49.0589],[69.2206,-49.0668],[69.2016,-49.0343],[69.2039,-48.9912],[69.1695,-48.957],[69.1501,-48.919],[69.1672,-48.8829],[69.2664,-48.8788],[69.3688,-48.8904],[69.3947,-48.9512],[69.3212,-49.0343],[69.2824,-49.0589]]]]}},{"type":"Feature","properties":{},"geometry":{"type":"MultiPolygon","coordinates":[[[[51.8346,-46.4399],[51.7617,-46.4487],[51.6966,-46.4281],[51.6593,-46.3736],[51.7419,-46.3269],[51.7842,-46.3589],[51.8154,-46.3947],[51.8346,-46.4399]]]]}},{"type":"Feature","properties":{},"geometry":{"type":"MultiPolygon","coordinates":[[[[37.8569,-46.9442],[37.814,-46.9629],[37.6118,-46.9465],[37.59,-46.908],[37.6497,-46.8489],[37.6849,-46.824],[37.7896,-46.8375],[37.8729,-46.8854],[37.8877,-46.9017],[37.8569,-46.9442]]]]}},{"type":"Feature","properties":{},"geometry":{"type":"MultiPolygon","coordinates":[[[[44.4764,-12.0815],[44.5268,-12.2195],[44.5263,-12.3235],[44.505,-12.3565],[44.4602,-12.3352],[44.3774,-12.2522],[44.2201,-12.1714],[44.2923,-12.1647],[44.3345,-12.173],[44.3791,-12.1656],[44.407,-12.1201],[44.4126,-12.093],[44.4519,-12.0714],[44.4764,-12.0815]]]]}},{"type":"Feature","properties":{},"geometry":{"type":"MultiPolygon","coordinates":[[[[43.7887,-12.307],[43.859,-12.3683],[43.6637,-12.3429],[43.6329,-12.2877],[43.6313,-12.2471],[43.7043,-12.256],[43.7887,-12.307]]]]}},{"type":"Feature","properties":{},"geometry":{"type":"MultiPolygon","coordinates":[[[[45.1803,-12.9768],[45.1176,-12.985],[45.0877,-12.9585],[45.0694,-12.8956],[45.0883,-12.8351],[45.0936,-12.7861],[45.0426,-12.7013],[45.0924,-12.653],[45.1348,-12.7092],[45.1588,-12.713],[45.2231,-12.7521],[45.2043,-12.8243],[45.2086,-12.8479],[45.1794,-12.9202],[45.1803,-12.9768]]]]}},{"type":"Feature","properties":{},"geometry":{"type":"MultiPolygon","coordinates":[[[[57.6513,-20.4849],[57.5248,-20.5132],[57.3833,-20.5037],[57.3283,-20.45],[57.3177,-20.4276],[57.3651,-20.4064],[57.3621,-20.3376],[57.3857,-20.2286],[57.416,-20.1838],[57.4864,-20.1439],[57.515,-20.056],[57.5758,-19.9972],[57.6565,-19.9899],[57.7372,-20.0984],[57.792,-20.2126],[57.7807,-20.327],[57.725,-20.3688],[57.7066,-20.4349],[57.6513,-20.4849]]]]}},{"type":"Feature","properties":{},"geometry":{"type":"MultiPolygon","coordinates":[[[[55.7974,-21.3394],[55.6562,-21.369],[55.5576,-21.3583],[55.3627,-21.2736],[55.3104,-21.2174],[55.2328,-21.0584],[55.25,-21.0024],[55.3113,-20.9041],[55.4505,-20.8651],[55.5965,-20.8796],[55.6619,-20.9062],[55.7392,-21.0215],[55.8391,-21.1386],[55.8225,-21.2778],[55.7974,-21.3394]]]]}},{"type":"Feature","properties":{},"geometry":{"type":"MultiPolygon","coordinates":[[[[48.3422,-13.3639],[48.3436,-13.4004],[48.2119,-13.3853],[48.1912,-13.26],[48.2557,-13.2561],[48.2697,-13.2046],[48.3089,-13.1982],[48.3511,-13.3096],[48.3422,-13.3639]]]]}},{"type":"Feature","properties":{},"geometry":{"type":"MultiPolygon","coordinates":[[[[49.9364,-16.9029],[49.824,-17.0865],[49.8557,-16.9332],[49.9859,-16.7124],[50.023,-16.6953],[49.9364,-16.9029]]]]}},{"type":"Feature","properties":{},"geometry":{"type":"MultiPolygon","coordinates":[[[[-5.6921,-15.9978],[-5.7825,-16.004],[-5.775,-15.9567],[-5.7079,-15.9062],[-5.6625,-15.9128],[-5.6597,-15.9709],[-5.6921,-15.9978]]]]}},{"type":"Feature","properties":{},"geometry":{"type":"MultiPolygon","coordinates":[[[[-44.1293,-23.1419],[-44.098,-23.1693],[-44.1558,-23.1666],[-44.2205,-23.1908],[-44.3201,-23.2123],[-44.3602,-23.1721],[-44.2741,-23.1162],[-44.2429,-23.0741],[-44.2204,-23.0829],[-44.1916,-23.1133],[-44.1293,-23.1419]]]]}},{"type":"Feature","properties":{},"geometry":{"type":"MultiPolygon","coordinates":[[[[-48.5844,-26.4016],[-48.6031,-26.4138],[-48.6658,-26.2896],[-48.5397,-26.1703],[-48.4976,-26.2188],[-48.5311,-26.3132],[-48.5681,-26.3797],[-48.5844,-26.4016]]]]}},{"type":"Feature","properties":{},"geometry":{"type":"MultiPolygon","coordinates":[[[[-48.4859,-27.767],[-48.5546,-27.8122],[-48.5422,-27.5748],[-48.5052,-27.4955],[-48.4647,-27.4363],[-48.4149,-27.3996],[-48.3779,-27.4515],[-48.4096,-27.5663],[-48.4968,-27.707],[-48.4859,-27.767]]]]}},{"type":"Feature","properties":{},"geometry":{"type":"MultiPolygon","coordinates":[[[[-45.2603,-23.8892],[-45.2609,-23.9413],[-45.3025,-23.9147],[-45.4128,-23.935],[-45.4514,-23.8956],[-45.3023,-23.7275],[-45.2723,-23.752],[-45.2491,-23.7826],[-45.2331,-23.8254],[-45.2503,-23.853],[-45.2603,-23.8892]]]]}},{"type":"Feature","properties":{},"geometry":{"type":"MultiPolygon","coordinates":[[[[-38.7438,-13.0971],[-38.783,-13.1187],[-38.787,-13.0551],[-38.6849,-12.9749],[-38.6681,-12.8802],[-38.6146,-12.924],[-38.6003,-12.9725],[-38.6012,-12.9926],[-38.7438,-13.0971]]]]}},{"type":"Feature","properties":{},"geometry":{"type":"MultiPolygon","coordinates":[[[[-38.9036,-13.4734],[-38.9379,-13.5323],[-38.9776,-13.5235],[-38.9932,-13.4841],[-39.0222,-13.4456],[-39.0066,-13.4155],[-38.9801,-13.3984],[-38.9071,-13.4011],[-38.9036,-13.4734]]]]}},{"type":"Feature","properties":{},"geometry":{"type":"MultiPolygon","coordinates":[[[[-109.28,-27.1404],[-109.4341,-27.1713],[-109.4292,-27.1162],[-109.3905,-27.0684],[-109.2765,-27.0959],[-109.2229,-27.1011],[-109.28,-27.1404]]]]}},{"type":"Feature","properties":{},"geometry":{"type":"MultiPolygon","coordinates":[[[[166.9795,-45.1797],[167.0227,-45.2998],[166.9312,-45.2769],[166.8927,-45.2405],[166.9627,-45.1804],[166.9795,-45.1797]]]]}},{"type":"Feature","properties":{},"geometry":{"type":"MultiPolygon","coordinates":[[[[-94.3084,71.7649],[-94.1712,71.7584],[-94.086,71.7711],[-93.8102,71.7663],[-93.7463,71.7428],[-93.7509,71.7167],[-93.7816,71.6743],[-93.7628,71.638],[-93.5759,71.5687],[-93.4075,71.5207],[-93.2563,71.4608],[-93.0313,71.3357],[-92.9826,71.3003],[-92.9487,71.2621],[-92.8902,71.1224],[-92.8827,71.0693],[-92.9042,70.9161],[-92.922,70.8871],[-92.9814,70.8522],[-92.9609,70.8381],[-92.783,70.7981],[-92.6417,70.7188],[-92.5675,70.6932],[-92.3885,70.6504],[-92.3558,70.6343],[-92.3154,70.6075],[-92.2145,70.4929],[-92.0491,70.3896],[-92.0372,70.3674],[-92.0726,70.3187],[-92.0474,70.3033],[-91.9835,70.2855],[-91.9262,70.2948],[-91.8755,70.3312],[-91.8204,70.3417],[-91.7608,70.3263],[-91.7156,70.2992],[-91.6541,70.233],[-91.5641,70.1783],[-91.5716,70.1616],[-91.6161,70.1479],[-91.8586,70.1327],[-91.995,70.1432],[-92.121,70.1699],[-92.2086,70.1975],[-92.2903,70.2398],[-92.3205,70.2354],[-92.3633,70.2008],[-92.4547,70.1504],[-92.5119,70.1039],[-92.4458,70.0832],[-92.127,70.0845],[-92.0577,70.0714],[-91.9767,70.0387],[-92.069,69.984],[-92.2848,69.8921],[-92.7509,69.7139],[-92.8878,69.6682],[-92.8545,69.6549],[-92.8026,69.6515],[-92.6428,69.6593],[-92.4935,69.6832],[-92.3117,69.6729],[-92.2308,69.6534],[-92.2583,69.6343],[-92.2091,69.6033],[-91.912,69.5312],[-91.7241,69.5456],[-91.5324,69.615],[-91.3842,69.6495],[-91.2018,69.6448],[-91.1509,69.6372],[-91.1703,69.6203],[-91.305,69.5813],[-91.4269,69.5379],[-91.4399,69.5257],[-91.2881,69.5432],[-90.9502,69.5155],[-90.7857,69.5086],[-90.6667,69.5155],[-90.5549,69.5045],[-90.4505,69.4754],[-90.4156,69.457],[-90.5133,69.4451],[-90.6056,69.4453],[-90.684,69.4277],[-90.7485,69.3925],[-90.7946,69.3467],[-90.8221,69.2905],[-90.8923,69.2673],[-91.005,69.2771],[-91.0492,69.293],[-91.0249,69.3152],[-91.0578,69.3184],[-91.1479,69.3026],[-91.218,69.3021],[-91.2372,69.2855],[-90.7448,69.1059],[-90.5873,68.9469],[-90.479,68.8812],[-90.4684,68.8638],[-90.539,68.8196],[-90.5425,68.786],[-90.5102,68.6889],[-90.5252,68.6113],[-90.5736,68.4747],[-90.5283,68.4322],[-90.423,68.3947],[-90.3601,68.3467],[-90.3172,68.3303],[-90.2853,68.2917],[-90.2478,68.2674],[-90.2048,68.2575],[-90.1744,68.2702],[-90.1568,68.3055],[-90.1164,68.3386],[-90.0053,68.398],[-89.8977,68.4908],[-89.8795,68.5215],[-89.8966,68.5944],[-89.8842,68.6256],[-89.7831,68.7359],[-89.7508,68.8125],[-89.7202,68.9316],[-89.6666,69.0146],[-89.552,69.0849],[-89.3519,69.227],[-89.2795,69.2555],[-89.1985,69.2695],[-89.0567,69.2661],[-88.9535,69.2204],[-88.8146,69.1359],[-88.6377,69.0588],[-88.3155,68.9544],[-88.2235,68.915],[-88.0414,68.8117],[-87.9644,68.7093],[-87.9115,68.5647],[-87.866,68.4776],[-87.8277,68.4481],[-87.8103,68.4042],[-87.8136,68.3457],[-87.8279,68.3],[-87.8533,68.2669],[-87.8927,68.2481],[-87.991,68.242],[-88.1111,68.2512],[-88.1458,68.266],[-88.2091,68.3349],[-88.2353,68.3391],[-88.347,68.2883],[-88.3607,68.2599],[-88.3196,68.1658],[-88.3251,67.9888],[-88.3138,67.9503],[-88.1959,67.7658],[-87.9972,67.6257],[-87.4991,67.3553],[-87.4708,67.3246],[-87.4179,67.2142],[-87.3919,67.1911],[-87.3594,67.1772],[-87.3203,67.1729],[-87.2663,67.1838],[-87.0832,67.2678],[-86.9239,67.3563],[-86.8128,67.4024],[-86.7499,67.4061],[-86.682,67.4223],[-86.6094,67.4508],[-86.5608,67.4821],[-86.5364,67.5162],[-86.5035,67.6495],[-86.4755,67.7131],[-86.398,67.8001],[-86.3697,67.8248],[-85.9845,68.0454],[-85.9526,68.0725],[-85.7889,68.328],[-85.7311,68.445],[-85.7228,68.5155],[-85.7449,68.5783],[-85.7338,68.6301],[-85.6898,68.6709],[-85.6432,68.6997],[-85.5625,68.7288],[-85.5178,68.7698],[-85.4911,68.774],[-85.425,68.7743],[-85.3381,68.7463],[-85.2751,68.7414],[-84.8676,68.7733],[-84.8675,68.7904],[-85.1066,68.844],[-85.1043,68.8709],[-85.0834,68.9079],[-85.0083,68.9492],[-84.9161,68.9623],[-84.8953,68.9885],[-84.8927,69.021],[-84.8622,69.074],[-84.89,69.0928],[-85.1135,69.1659],[-85.2426,69.1627],[-85.2755,69.1723],[-85.3868,69.2319],[-85.4275,69.3184],[-85.4319,69.3539],[-85.4164,69.4109],[-85.4022,69.4268],[-85.4092,69.4525],[-85.4372,69.4882],[-85.4395,69.5199],[-85.416,69.5478],[-85.4301,69.5807],[-85.482,69.6188],[-85.5024,69.6515],[-85.4479,69.7481],[-85.4461,69.7778],[-85.4975,69.819],[-85.5348,69.8351],[-85.5074,69.8453],[-85.4151,69.8495],[-85.305,69.8361],[-85.1768,69.8051],[-85.0198,69.8048],[-84.834,69.8351],[-84.6451,69.8497],[-84.3188,69.8437],[-84.2417,69.835],[-83.9172,69.7454],[-83.6653,69.6997],[-83.5517,69.704],[-82.9914,69.6859],[-82.7456,69.6951],[-82.6184,69.6911],[-82.3742,69.6418],[-82.3902,69.6009],[-82.4957,69.5322],[-82.6333,69.5181],[-82.7548,69.4944],[-82.642,69.4584],[-82.3099,69.41],[-82.2318,69.3326],[-82.2082,69.297],[-82.2468,69.265],[-82.2275,69.2489],[-82.1505,69.2489],[-81.9518,69.2761],[-81.7322,69.2581],[-81.4123,69.1981],[-81.3778,69.1856],[-81.3216,69.1389],[-81.3287,69.1199],[-81.6114,69.003],[-81.7583,68.9567],[-81.9517,68.9091],[-81.9579,68.8836],[-81.6869,68.879],[-81.476,68.8656],[-81.3809,68.85],[-81.3313,68.828],[-81.2635,68.7806],[-81.2525,68.7432],[-81.2591,68.6924],[-81.2815,68.6572],[-81.5269,68.556],[-81.6395,68.5244],[-81.8314,68.4869],[-81.9148,68.4588],[-82.0065,68.4626],[-82.1063,68.4985],[-82.2102,68.5062],[-82.3972,68.4776],[-82.4987,68.4786],[-82.5486,68.4686],[-82.5527,68.4465],[-82.4642,68.3824],[-82.413,68.3572],[-82.3929,68.3383],[-82.4307,68.3066],[-82.4227,68.2966],[-82.3925,68.2853],[-82.2224,68.1453],[-82.1866,68.1344],[-82.1513,68.1397],[-82.0776,68.1797],[-82.0339,68.1959],[-82.0125,68.1939],[-82.0134,68.1734],[-82.0919,68.0515],[-82.1021,68.0189],[-82.1005,67.9898],[-82.0625,67.9282],[-81.9765,67.862],[-81.8693,67.8025],[-81.7086,67.7224],[-81.4928,67.6369],[-81.4123,67.5954],[-81.2943,67.4974],[-81.2701,67.4599],[-81.3011,67.357],[-81.3872,67.1886],[-81.4427,67.0929],[-81.4676,67.0699],[-81.6301,67.002],[-81.7224,66.9861],[-81.8745,66.9879],[-81.9255,66.9747],[-82.0051,66.9204],[-82.1132,66.8251],[-82.1983,66.7646],[-82.2605,66.7391],[-82.3748,66.7094],[-82.5537,66.6214],[-82.6415,66.5875],[-82.9489,66.5508],[-83.1988,66.4315],[-83.2984,66.3921],[-83.4064,66.3712],[-83.5231,66.3688],[-83.5903,66.3878],[-83.6284,66.4607],[-83.6511,66.4846],[-83.7392,66.5344],[-83.9202,66.6791],[-83.998,66.7285],[-84.05,66.7395],[-84.1544,66.7317],[-84.208,66.7363],[-84.3244,66.7818],[-84.3663,66.8111],[-84.3611,66.8226],[-84.2726,66.8392],[-84.3104,66.8627],[-84.4661,66.9274],[-84.5307,66.9613],[-84.5385,66.9728],[-84.6926,67.0166],[-84.8458,67.0287],[-85.04,66.9561],[-85.1137,66.9069],[-85.1113,66.8909],[-85.0183,66.8721],[-84.978,66.8812],[-84.899,66.9266],[-84.8574,66.9407],[-84.7377,66.9336],[-84.6386,66.9023],[-84.6025,66.8751],[-84.5895,66.8566],[-84.3189,66.7118],[-84.223,66.6825],[-84.1831,66.6479],[-84.1527,66.5902],[-84.0942,66.5262],[-83.9642,66.4206],[-83.8258,66.29],[-83.7976,66.2385],[-83.869,66.2136],[-83.9051,66.2118],[-84.0117,66.2312],[-84.2931,66.2918],[-84.3243,66.2907],[-84.3984,66.2587],[-84.4594,66.1862],[-84.4784,66.1793],[-84.6281,66.2077],[-84.9084,66.2713],[-85.0962,66.3253],[-85.1915,66.3697],[-85.3068,66.4403],[-85.4422,66.5374],[-85.6039,66.5683],[-85.7917,66.533],[-86.0632,66.5204],[-86.6332,66.5313],[-86.7082,66.523],[-86.7371,66.5109],[-86.6886,66.4575],[-86.7001,66.4428],[-86.7384,66.4329],[-86.747,66.4171],[-86.6851,66.3604],[-86.5848,66.3219],[-86.301,66.2699],[-86.1131,66.2253],[-86.0008,66.1868],[-85.9643,66.1544],[-85.9587,66.119],[-86.0123,66.0485],[-86.0429,66.0226],[-86.702,65.6706],[-86.9532,65.5283],[-87.0811,65.4408],[-87.1938,65.3831],[-87.2915,65.3548],[-87.4529,65.339],[-87.6781,65.3354],[-87.97,65.3489],[-88.121,65.3946],[-88.3949,65.5162],[-88.5867,65.5876],[-88.6725,65.6116],[-88.7439,65.6788],[-88.8085,65.6916],[-88.9461,65.703],[-89.0877,65.739],[-89.4204,65.8608],[-89.5927,65.9093],[-89.7494,65.936],[-89.8905,65.9408],[-89.944,65.9336],[-89.8478,65.8723],[-89.8897,65.8686],[-90.0038,65.8826],[-90.1166,65.8824],[-90.3163,65.9264],[-90.5133,65.9205],[-90.6555,65.9293],[-90.8257,65.9539],[-91.0095,65.9657],[-91.3055,65.9646],[-91.4115,65.9594],[-91.4272,65.9479],[-91.2852,65.8944],[-91.0411,65.8298],[-91.0736,65.8855],[-91.0649,65.8999],[-90.9834,65.9192],[-90.5968,65.8848],[-90.1586,65.8127],[-90.0476,65.8056],[-89.9241,65.7803],[-89.788,65.7367],[-89.6004,65.6478],[-89.2417,65.4464],[-89.1266,65.3956],[-88.974,65.3483],[-88.1978,65.2799],[-87.9295,65.2803],[-87.3919,65.2605],[-87.108,65.2248],[-87.0275,65.1981],[-87.0027,65.1086],[-87.0285,65.0636],[-87.1829,64.9268],[-87.2805,64.8262],[-87.885,64.4004],[-87.9636,64.3025],[-87.9976,64.2439],[-88.1056,64.1833],[-88.379,64.0893],[-88.653,64.0094],[-88.8177,63.9922],[-88.9644,64.0112],[-89.0596,64.0344],[-89.2006,64.1138],[-89.2094,64.1054],[-89.1077,63.9811],[-89.1315,63.9685],[-89.2146,63.9841],[-89.4035,64.04],[-89.4647,64.0297],[-89.5009,64.0145],[-89.5513,64.0148],[-89.6158,64.0306],[-89.7327,64.077],[-89.7638,64.0995],[-89.7921,64.1683],[-89.8113,64.1806],[-90.0417,64.1409],[-90.08,64.1277],[-89.9856,64.1002],[-89.9536,64.0806],[-89.8606,63.9788],[-89.8557,63.957],[-89.9219,63.9436],[-90.1419,63.982],[-90.1682,63.9788],[-90.0596,63.8775],[-90.018,63.8293],[-90.0134,63.8043],[-90.1547,63.6896],[-90.2453,63.6419],[-90.3688,63.6244],[-90.4462,63.6362],[-90.5335,63.6654],[-90.5964,63.6613],[-90.635,63.6238],[-90.7068,63.5969],[-90.8119,63.5809],[-90.9457,63.5878],[-91.1081,63.6178],[-91.5388,63.7256],[-91.6747,63.7422],[-91.926,63.7571],[-91.956,63.7723],[-91.9538,63.7868],[-91.9194,63.8006],[-91.9289,63.8125],[-91.9822,63.8224],[-92.0376,63.813],[-92.0949,63.7844],[-92.1952,63.776],[-92.3384,63.7876],[-92.5501,63.8295],[-92.9702,63.9376],[-93.4297,64.0288],[-93.6963,64.1472],[-93.5967,64.0406],[-93.6049,64.0045],[-93.6558,63.9728],[-93.6642,63.9414],[-93.5598,63.8653],[-93.4156,63.838],[-93.2702,63.8409],[-93.2662,63.8533],[-93.3269,63.8723],[-93.3803,63.9],[-93.4059,63.9412],[-93.3785,63.9485],[-93.2504,63.9269],[-93.1659,63.9018],[-92.5292,63.7612],[-92.3392,63.7349],[-92.1965,63.7078],[-92.1569,63.6917],[-92.205,63.6568],[-92.461,63.5694],[-92.4651,63.5551],[-92.2896,63.563],[-92.0766,63.64],[-91.9568,63.6756],[-91.8418,63.6976],[-91.686,63.6597],[-91.4893,63.5622],[-91.3301,63.5068],[-91.1031,63.4759],[-90.9701,63.4428],[-90.7466,63.3516],[-90.7113,63.3041],[-90.6907,63.1105],[-90.6986,63.0639],[-90.7276,63.0175],[-90.7779,62.9716],[-90.8712,62.9459],[-91.0077,62.9404],[-91.1149,62.9216],[-91.3495,62.8189],[-91.449,62.8041],[-91.8696,62.8347],[-92.0342,62.8634],[-92.1101,62.8617],[-92.1521,62.8391],[-92.1961,62.8288],[-92.3613,62.8194],[-92.3881,62.8009],[-92.3777,62.7724],[-92.3453,62.7338],[-92.3052,62.7117],[-92.2432,62.6836],[-92.1491,62.6653],[-91.9559,62.6448],[-91.9358,62.5924],[-91.9444,62.5755],[-92.0079,62.5405],[-92.0812,62.5441],[-92.2072,62.5854],[-92.2695,62.587],[-92.3241,62.5646],[-92.4,62.5572],[-92.4974,62.5648],[-92.5514,62.5467],[-92.5622,62.5029],[-92.595,62.4701],[-92.7074,62.4182],[-92.768,62.38],[-92.766,62.35],[-92.7015,62.3282],[-92.6274,62.2791],[-92.544,62.2023],[-92.528,62.1684],[-92.5792,62.1773],[-92.6481,62.2078],[-92.7348,62.2597],[-92.8658,62.3062],[-93.1544,62.3668],[-93.2054,62.3649],[-93.1792,62.3496],[-92.9878,62.2859],[-92.9145,62.245],[-92.9055,62.2151],[-93.0659,62.1498],[-93.0703,62.1278],[-93.0277,62.1086],[-93.0163,62.0927],[-93.0734,62.0605],[-93.1675,62.0336],[-93.3498,62.0298],[-93.3664,62.0146],[-93.2969,61.9816],[-93.2734,61.9611],[-93.3331,61.9329],[-93.372,61.929],[-93.5818,61.942],[-93.5267,61.8716],[-93.4942,61.8469],[-93.4299,61.8121],[-93.3144,61.7798],[-93.312,61.7673],[-93.3523,61.7396],[-93.4206,61.7058],[-93.7097,61.6025],[-93.9127,61.4814],[-93.9409,61.4437],[-93.8893,61.3641],[-93.8888,61.344],[-93.942,61.308],[-94.0607,61.3178],[-94.0834,61.3037],[-94.0552,61.2662],[-94.05,61.2113],[-94.0678,61.1389],[-94.1541,61.0254],[-94.3087,60.871],[-94.4272,60.7307],[-94.5094,60.6045],[-94.5689,60.542],[-94.6788,60.5377],[-94.7617,60.4982],[-94.7053,60.4775],[-94.6707,60.4533],[-94.6468,60.4164],[-94.6704,60.3011],[-94.7416,60.1074],[-94.7858,59.9533],[-94.7767,59.4781],[-94.7883,59.2679],[-94.8195,59.1513],[-94.8703,59.088],[-94.9573,59.0688],[-94.8466,59.0503],[-94.7762,59.0206],[-94.7438,58.9754],[-94.7134,58.9033],[-94.6734,58.8701],[-94.6237,58.8757],[-94.5792,58.8685],[-94.5397,58.8484],[-94.4192,58.7455],[-94.2871,58.716],[-94.2808,58.6589],[-94.3326,58.3391],[-94.3322,58.2974],[-94.2722,58.378],[-94.2089,58.6264],[-94.1232,58.7367],[-94.0558,58.76],[-93.78,58.7726],[-93.4862,58.7445],[-93.375,58.741],[-93.2781,58.7564],[-93.1788,58.7256],[-93.1546,58.6946],[-93.1265,58.5644],[-93.1002,58.4898],[-92.9251,58.2245],[-92.8417,58.0759],[-92.7398,57.844],[-92.7017,57.7778],[-92.4896,57.4686],[-92.4494,57.3849],[-92.4328,57.3203],[-92.4398,57.275],[-92.4784,57.2053],[-92.5485,57.1109],[-92.6141,57.039],[-92.6752,56.9896],[-92.738,56.9526],[-92.8024,56.9283],[-92.7981,56.922],[-92.7253,56.9335],[-92.651,56.9583],[-92.5103,57.0223],[-92.4563,57.0367],[-92.3034,57.0459],[-92.2983,57.0228],[-92.3721,56.9751],[-92.3557,56.9706],[-92.249,57.009],[-92.018,57.0638],[-91.1113,57.2412],[-90.8975,57.2569],[-90.5922,57.2245],[-90.3448,57.1491],[-90.0752,57.0519],[-89.7908,56.9813],[-89.3423,56.9154],[-89.2116,56.8838],[-88.9485,56.8513],[-88.8265,56.8143],[-88.6799,56.725],[-88.4471,56.6087],[-88.2713,56.5357],[-88.0751,56.4673],[-87.8781,56.3416],[-87.5609,56.0563],[-87.4824,56.0213],[-87.2869,55.9747],[-86.9194,55.9146],[-86.377,55.7732],[-86.1387,55.7179],[-85.9845,55.6959],[-85.8305,55.6569],[-85.6767,55.6011],[-85.5593,55.5402],[-85.4785,55.4743],[-85.4073,55.4312],[-85.2827,55.3833],[-85.218,55.349],[-85.212,55.2975],[-85.362,55.0955],[-85.3653,55.0793],[-85.2136,55.2244],[-85.1289,55.2662],[-85.0609,55.2856],[-84.9199,55.2833],[-84.7058,55.2592],[-84.518,55.2589],[-84.3565,55.2825],[-84.2189,55.2931],[-84.1054,55.2908],[-84.023,55.2978],[-83.9718,55.3142],[-83.9106,55.3146],[-83.6677,55.2645],[-83.5695,55.2618],[-83.2144,55.2146],[-82.9863,55.2314],[-82.947,55.2222],[-82.8678,55.1607],[-82.8007,55.1559],[-82.6875,55.1655],[-82.5774,55.1487],[-82.3933,55.0678],[-82.3083,54.9981],[-82.2266,54.8559],[-82.2194,54.8135],[-82.3706,54.4835],[-82.4181,54.3558],[-82.4242,54.2446],[-82.3941,54.1805],[-82.2636,54.073],[-82.2399,54.0448],[-82.1626,53.8857],[-82.1415,53.8176],[-82.15,53.7396],[-82.1906,53.6109],[-82.1804,53.5128],[-82.1462,53.3646],[-82.1592,53.2642],[-82.2192,53.2115],[-82.2599,53.1598],[-82.2916,53.0661],[-82.2916,53.0307],[-82.2604,52.9611],[-82.2027,52.9217],[-82.108,52.8774],[-82.02,52.8116],[-81.8593,52.6514],[-81.7423,52.5636],[-81.5994,52.4326],[-81.5717,52.3673],[-81.6115,52.3241],[-81.6612,52.2939],[-81.7764,52.2536],[-81.8279,52.2242],[-81.8146,52.2172],[-81.648,52.2391],[-81.5495,52.2368],[-81.4662,52.2045],[-81.3981,52.1422],[-81.2851,52.0892],[-81.1272,52.0454],[-80.9685,51.9722],[-80.7055,51.7983],[-80.658,51.7584],[-80.588,51.6672],[-80.4959,51.5251],[-80.4476,51.4322],[-80.4433,51.3886],[-80.4955,51.3447],[-80.6727,51.2647],[-80.8512,51.125],[-80.795,51.1318],[-80.6772,51.1909],[-80.4783,51.3073],[-80.368,51.3299],[-80.2657,51.3164],[-80.1036,51.2829],[-79.9604,51.2352],[-79.8362,51.1733],[-79.6515,51.0078],[-79.4562,50.8756],[-79.3479,50.7626],[-79.3807,50.8345],[-79.4526,50.9173],[-79.6362,51.049],[-79.7145,51.1176],[-79.7314,51.1505],[-79.7375,51.1863],[-79.7232,51.2517],[-79.6888,51.3466],[-79.643,51.4135],[-79.5857,51.4524],[-79.5475,51.4938],[-79.528,51.5377],[-79.4976,51.5699],[-79.3387,51.6282],[-79.297,51.6228],[-79.2643,51.552],[-79.2261,51.5373],[-79.1527,51.5262],[-79.0909,51.5017],[-79.0405,51.4638],[-79.005,51.4253],[-78.9843,51.3864],[-78.9369,51.2591],[-78.9032,51.2003],[-78.8975,51.2717],[-78.858,51.3839],[-78.8274,51.43],[-78.7313,51.4975],[-78.7364,51.5266],[-78.7763,51.5658],[-78.9777,51.7338],[-78.9816,51.7746],[-78.9279,51.7988],[-78.8911,51.8451],[-78.8712,51.9134],[-78.8282,51.963],[-78.702,52.0327],[-78.5933,52.1397],[-78.5374,52.2133],[-78.4917,52.2521],[-78.4481,52.2614],[-78.5131,52.2911],[-78.5261,52.3107],[-78.5291,52.3992],[-78.5571,52.4919],[-78.6006,52.5351],[-78.7238,52.6277],[-78.7441,52.6554],[-78.7658,52.7601],[-78.7536,52.8124],[-78.7217,52.8564],[-78.7398,52.899],[-78.8541,52.9761],[-78.8982,53.0434],[-78.9471,53.2062],[-78.992,53.4104],[-79.0431,53.5605],[-79.1003,53.6566],[-79.1131,53.7172],[-79.0814,53.7423],[-79.0403,53.818],[-79.0032,53.8366],[-78.9457,53.8316],[-78.9444,53.8402],[-79.032,53.8811],[-79.0751,53.9324],[-79.0733,53.9514],[-78.996,54.0025],[-79.0099,54.024],[-79.0671,54.052],[-79.2418,54.0989],[-79.1788,54.1169],[-79.1388,54.1572],[-79.1467,54.1692],[-79.216,54.1857],[-79.2957,54.2168],[-79.3562,54.2634],[-79.4306,54.3366],[-79.476,54.3948],[-79.5207,54.4916],[-79.5979,54.6017],[-79.6317,54.6291],[-79.6704,54.6468],[-79.714,54.655],[-79.7124,54.6718],[-79.6655,54.6975],[-78.9092,54.8815],[-78.8462,54.908],[-78.475,55.011],[-78.3036,55.0686],[-78.1289,55.1513],[-77.8911,55.2364],[-77.7753,55.2913],[-77.7021,55.3442],[-77.325,55.5555],[-77.1651,55.6635],[-77.0726,55.7563],[-76.9381,55.8672],[-76.7618,55.9964],[-76.6505,56.1072],[-76.6041,56.1996],[-76.5464,56.3588],[-76.5298,56.5],[-76.5196,56.707],[-76.5256,56.8918],[-76.5729,57.1812],[-76.6014,57.2723],[-76.6554,57.3806],[-76.7863,57.5986],[-76.8098,57.658],[-76.8909,57.7581],[-77.1568,58.0189],[-77.4892,58.1953],[-77.5524,58.2396],[-77.6841,58.2914],[-77.8841,58.3507],[-78.0136,58.3992],[-78.3517,58.5807],[-78.463,58.6024],[-78.5059,58.6491],[-78.5151,58.6824],[-78.5023,58.7691],[-78.4826,58.8291],[-78.4587,58.8733],[-78.4305,58.9018],[-78.2444,59.0351],[-78.1402,59.1417],[-78.0677,59.2002],[-77.9876,59.2455],[-77.8428,59.305],[-77.7607,59.38],[-77.7794,59.4104],[-77.8447,59.4435],[-77.859,59.4758],[-77.749,59.5582],[-77.7335,59.581],[-77.7475,59.6585],[-77.7262,59.6759],[-77.5904,59.6805],[-77.3967,59.5692],[-77.3491,59.579],[-77.411,59.6096],[-77.4853,59.6846],[-77.4746,59.7157],[-77.3316,59.7966],[-77.3276,59.8334],[-77.3684,59.8844],[-77.3729,59.9251],[-77.2892,60.022],[-77.3118,60.0424],[-77.5472,60.0611],[-77.5859,60.0882],[-77.5722,60.101],[-77.4614,60.1335],[-77.4529,60.1458],[-77.6486,60.3625],[-77.6814,60.4271],[-77.5981,60.5067],[-77.5036,60.5427],[-77.5156,60.5632],[-77.6395,60.5669],[-77.715,60.5778],[-77.7908,60.6398],[-77.7612,60.6791],[-77.7342,60.697],[-77.6606,60.7895],[-77.5896,60.8086],[-77.603,60.8252],[-77.8715,60.7858],[-77.9981,60.8182],[-78.1225,60.8096],[-78.1813,60.8191],[-78.1597,60.8522],[-77.9342,61.0026],[-77.8301,61.084],[-77.765,61.1575],[-77.7306,61.2064],[-77.7268,61.2307],[-77.7496,61.393],[-77.7362,61.4374],[-77.6489,61.4787],[-77.5144,61.5563],[-77.6984,61.6264],[-77.8138,61.6948],[-77.8899,61.7287],[-77.9476,61.7619],[-78.0214,61.8321],[-78.0775,61.9234],[-78.1372,62.1074],[-78.147,62.2087],[-78.1334,62.2823],[-78.1086,62.3181],[-78.0681,62.3554],[-77.8999,62.4266],[-77.604,62.5314],[-77.3724,62.5725],[-77.2053,62.55],[-76.8794,62.5254],[-76.6164,62.4657],[-75.8169,62.3159],[-75.6755,62.2495],[-75.8092,62.1934],[-75.7898,62.1796],[-75.4888,62.2864],[-75.4092,62.3071],[-75.3412,62.3121],[-75.114,62.2708],[-75.0228,62.2645],[-74.9076,62.23],[-74.6326,62.1157],[-74.6129,62.1252],[-74.6899,62.1834],[-74.6458,62.2111],[-74.4292,62.2718],[-74.2055,62.3214],[-74.0465,62.37],[-73.8778,62.4344],[-73.764,62.4688],[-73.7051,62.4731],[-73.63,62.4542],[-73.4284,62.3688],[-73.299,62.325],[-73.1952,62.2792],[-73.0494,62.1982],[-72.9924,62.1804],[-72.8818,62.1254],[-72.735,62.1311],[-72.687,62.1246],[-72.6708,62.1139],[-72.646,62.0766],[-72.6331,62.0528],[-72.6321,62.0272],[-72.666,61.9553],[-72.7716,61.8404],[-72.7274,61.8386],[-72.6606,61.8632],[-72.5739,61.9071],[-72.5056,61.9227],[-72.3607,61.8878],[-72.2261,61.8316],[-72.1785,61.8018],[-72.1261,61.7532],[-72.0814,61.7283],[-72.04,61.6803],[-72.043,61.6647],[-72.082,61.6414],[-72.2471,61.6021],[-72.2159,61.5873],[-72.0231,61.612],[-71.9644,61.6363],[-71.9223,61.677],[-71.8661,61.6885],[-71.6383,61.6172],[-71.6048,61.5924],[-71.6194,61.5729],[-71.6562,61.5509],[-71.7558,61.5268],[-71.841,61.466],[-71.8544,61.4398],[-71.7937,61.4212],[-71.6453,61.4131],[-71.6464,61.3987],[-71.7321,61.3721],[-71.7435,61.3373],[-71.5515,61.2133],[-71.4227,61.1589],[-71.3484,61.149],[-71.1751,61.1465],[-71.035,61.1255],[-70.7232,61.0552],[-70.5408,61.0425],[-70.3836,61.064],[-70.2793,61.0687],[-70.1872,61.0405],[-70.158,61.0207],[-70.1441,60.9811],[-70.1459,60.9218],[-70.0953,60.8803],[-69.9924,60.8565],[-69.9092,60.8601],[-69.8004,60.9067],[-69.7084,60.9146],[-69.6776,60.9496],[-69.6504,61.0142],[-69.6236,61.0495],[-69.557,61.0597],[-69.5033,61.0404],[-69.4719,61.0109],[-69.4144,60.9225],[-69.3983,60.8829],[-69.4047,60.8468],[-69.4334,60.8143],[-69.4899,60.7796],[-69.5742,60.7427],[-69.6405,60.6898],[-69.7214,60.5674],[-69.7513,60.4875],[-69.7595,60.4402],[-69.7559,60.3885],[-69.7406,60.3323],[-69.7085,60.2859],[-69.6331,60.2204],[-69.6288,60.1986],[-69.6231,60.1455],[-69.6298,60.1221],[-69.6737,60.0759],[-69.7957,60.0297],[-69.9628,60.0178],[-70.5093,60.0152],[-70.6548,60.0262],[-70.6197,59.9843],[-70.4667,59.9708],[-70.3269,59.9714],[-69.8057,59.9449],[-69.7339,59.918],[-69.6734,59.8708],[-69.6302,59.8218],[-69.5874,59.7223],[-69.5794,59.6751],[-69.6023,59.6227],[-69.6562,59.5651],[-69.6924,59.4884],[-69.7109,59.3925],[-69.6819,59.3417],[-69.4,59.3378],[-69.344,59.3031],[-69.3504,59.2772],[-69.4505,59.18],[-69.4598,59.1524],[-69.4141,59.0869],[-69.4203,59.0682],[-69.4481,59.0492],[-69.4747,59],[-69.5001,58.9207],[-69.5316,58.8692],[-69.6082,58.8295],[-69.6484,58.8208],[-69.6773,58.8313],[-69.753,58.9396],[-69.7842,58.9557],[-69.8137,58.9456],[-69.8285,58.9288],[-69.8286,58.9054],[-69.8416,58.8812],[-69.8676,58.8562],[-69.9792,58.8164],[-70.16,58.7894],[-70.1543,58.7606],[-70.033,58.7452],[-69.8786,58.697],[-69.7899,58.6893],[-69.6505,58.7283],[-69.3818,58.8507],[-69.2711,58.8839],[-69.1735,58.8966],[-69.0636,58.8982],[-68.9415,58.8889],[-68.6982,58.9045],[-68.6373,58.8929],[-68.5629,58.8659],[-68.4749,58.8235],[-68.4143,58.7827],[-68.3812,58.7435],[-68.3265,58.5954],[-68.253,58.5566],[-68.2352,58.5282],[-68.2294,58.4846],[-68.2339,58.3992],[-68.3147,58.2269],[-68.3565,58.1632],[-68.4682,58.0763],[-68.5969,58.0369],[-68.8258,57.9999],[-68.9453,57.9688],[-69.0354,57.926],[-69.0408,57.9025],[-68.781,57.9758],[-68.4951,58.0117],[-68.4136,58.0518],[-68.3519,58.0907],[-68.2891,58.1777],[-68.1755,58.4026],[-68.111,58.4733],[-68.021,58.4853],[-67.9812,58.4612],[-67.8878,58.3294],[-67.8883,58.2958],[-67.9114,58.2672],[-68.0639,58.139],[-68.009,58.1521],[-67.8559,58.2726],[-67.8233,58.3103],[-67.8052,58.3655],[-67.756,58.4046],[-67.7371,58.3854],[-67.6897,58.2438],[-67.6882,58.1402],[-67.6806,58.107],[-67.6977,58.0087],[-67.6783,57.9911],[-67.6322,58.0761],[-67.6172,58.1403],[-67.5963,58.1861],[-67.5696,58.2135],[-67.382,58.3],[-67.1628,58.3704],[-67.0194,58.4329],[-66.9004,58.4628],[-66.7222,58.491],[-66.6079,58.5489],[-66.5577,58.6366],[-66.515,58.6973],[-66.48,58.7309],[-66.3624,58.7912],[-66.2985,58.7945],[-66.2374,58.7723],[-66.1682,58.7271],[-66.0909,58.659],[-66.0446,58.6056],[-66.0295,58.5668],[-66.017,58.4308],[-66.0024,58.4312],[-65.9313,58.5351],[-65.9229,58.572],[-65.9279,58.6109],[-65.9497,58.6499],[-66.0213,58.7348],[-66.0494,58.7879],[-66.0431,58.8207],[-65.967,58.8392],[-65.8548,58.8466],[-65.8359,58.8605],[-65.9184,58.8956],[-65.9207,58.9146],[-65.8414,58.9771],[-65.7948,58.9805],[-65.7036,58.9706],[-65.7219,59.0026],[-65.721,59.0238],[-65.6953,59.032],[-65.544,59.0119],[-65.5263,59.0362],[-65.3962,59.0384],[-65.3835,59.0602],[-65.496,59.0913],[-65.6063,59.1107],[-65.6398,59.1277],[-65.6656,59.1528],[-65.7,59.2133],[-65.6917,59.2294],[-65.6607,59.2297],[-65.6071,59.2131],[-65.578,59.245],[-65.5453,59.3197],[-65.5128,59.3504],[-65.4117,59.315],[-65.4073,59.3302],[-65.4894,59.4478],[-65.4751,59.4703],[-65.3497,59.4788],[-65.2738,59.4642],[-65.0743,59.378],[-65.0382,59.3879],[-65.0688,59.4115],[-65.1709,59.4623],[-65.2632,59.4955],[-65.3455,59.511],[-65.4074,59.5394],[-65.4752,59.6168],[-65.4865,59.6487],[-65.4809,59.6902],[-65.4334,59.7765],[-65.4062,59.7952],[-65.3579,59.8091],[-65.2888,59.8181],[-65.2123,59.8095],[-65.0545,59.7528],[-65.0282,59.7707],[-65.1133,59.8016],[-65.1592,59.8301],[-65.1814,59.8666],[-65.1717,59.908],[-65.1049,59.9934],[-65.0734,60.0622],[-64.9313,60.252],[-64.8896,60.2865],[-64.845,60.3083],[-64.8173,60.3311],[-64.7059,60.3361],[-64.4994,60.2683],[-64.4363,60.2281],[-64.4196,60.1714],[-64.5277,60.0945],[-64.7133,60.0372],[-64.7685,60.0121],[-64.7326,59.9976],[-64.5592,60.0434],[-64.4077,60.0648],[-64.2835,60.0641],[-64.1829,59.9729],[-64.1688,59.8465],[-64.2263,59.7412],[-64.1507,59.7936],[-64.0561,59.8226],[-63.9787,59.7537],[-63.9695,59.6976],[-63.9288,59.6449],[-63.8413,59.5744],[-63.7502,59.5126],[-63.8504,59.4478],[-63.9707,59.4091],[-63.9455,59.3802],[-63.7809,59.3493],[-63.7586,59.3187],[-63.7759,59.2771],[-63.752,59.2773],[-63.6375,59.3415],[-63.5399,59.3329],[-63.4151,59.1944],[-63.5062,59.1152],[-63.6455,59.0789],[-63.7564,59.0635],[-63.9105,59.0656],[-63.9711,59.0538],[-63.941,59.0274],[-63.7937,59.027],[-63.5679,59.047],[-63.399,59.0796],[-63.3255,59.0816],[-63.2484,59.0683],[-63.2225,59.0572],[-63.3037,59.0344],[-63.3099,59.0265],[-63.2794,59.0032],[-63.2164,58.928],[-63.2219,58.911],[-63.2821,58.8674],[-63.1854,58.8578],[-63.0503,58.8782],[-63.0084,58.8554],[-62.9261,58.765],[-62.8739,58.6725],[-63.1023,58.5458],[-63.2187,58.5195],[-63.3899,58.4525],[-63.4379,58.3988],[-63.5371,58.3299],[-63.4736,58.3307],[-63.2965,58.4412],[-63.21,58.4669],[-63.1455,58.4604],[-63.1195,58.4417],[-63.1321,58.4108],[-63.0757,58.4148],[-62.8374,58.4794],[-62.7373,58.4922],[-62.6079,58.4964],[-62.5938,58.474],[-62.6743,58.3192],[-62.8121,58.2004],[-63.0628,58.1271],[-63.1517,58.0842],[-63.2615,58.0147],[-63.22,58.0021],[-62.9809,58.0933],[-62.8175,58.1292],[-62.5881,58.1581],[-62.4862,58.1541],[-62.3057,57.9723],[-62.2015,57.9546],[-62.1174,57.9641],[-61.9586,57.9118],[-61.8991,57.8613],[-61.9141,57.825],[-61.9678,57.8033],[-61.9949,57.7694],[-61.9312,57.6686],[-61.968,57.6119],[-62.084,57.5619],[-62.1669,57.5366],[-62.2536,57.5288],[-62.3386,57.4845],[-62.3771,57.478],[-62.4956,57.4892],[-62.455,57.462],[-62.3965,57.4482],[-62.3032,57.4407],[-62.1942,57.4546],[-62.0881,57.4528],[-61.9211,57.4208],[-61.8511,57.3813],[-61.8498,57.3704],[-61.8858,57.3479],[-61.9389,57.2744],[-61.9774,57.2479],[-61.9445,57.2281],[-61.8608,57.1976],[-61.7983,57.1862],[-61.7163,57.1962],[-61.6285,57.1832],[-61.3337,57.0106],[-61.3458,56.9216],[-61.3905,56.853],[-61.3728,56.7758],[-61.3716,56.6808],[-61.5317,56.6546],[-62.0625,56.6991],[-62.3661,56.767],[-62.3817,56.7877],[-62.2958,56.8328],[-62.372,56.8362],[-62.4602,56.8185],[-62.4973,56.8017],[-62.3955,56.73],[-62.1165,56.6668],[-61.9916,56.5908],[-61.8549,56.5843],[-61.8134,56.5705],[-61.7377,56.526],[-61.7601,56.5107],[-61.8994,56.5054],[-62.0097,56.4539],[-61.9404,56.4236],[-61.6925,56.3971],[-61.5146,56.3903],[-61.4253,56.3606],[-61.4987,56.3276],[-61.7071,56.2887],[-61.7131,56.231],[-61.5586,56.2078],[-61.4211,56.2218],[-61.3647,56.216],[-61.3244,56.0762],[-61.3011,56.0472],[-61.4489,56.0224],[-61.4495,55.9957],[-61.3513,55.9737],[-61.1879,55.9554],[-61.1339,55.9303],[-61.123,55.8886],[-61.0894,55.8664],[-60.9958,55.8624],[-60.8927,55.9142],[-60.8318,55.9579],[-60.7433,55.9415],[-60.7366,55.887],[-60.631,55.825],[-60.5926,55.8148],[-60.5621,55.727],[-60.4758,55.8051],[-60.4126,55.7886],[-60.341,55.7847],[-60.3654,55.7091],[-60.4083,55.6496],[-60.352,55.6124],[-60.3083,55.557],[-60.1924,55.4809],[-60.224,55.4444],[-60.3609,55.3663],[-60.4331,55.2428],[-60.4501,55.2],[-60.5205,55.129],[-60.6171,55.0602],[-60.5565,55.0675],[-60.3408,55.1939],[-60.2125,55.2364],[-59.9303,55.2594],[-59.8621,55.2949],[-59.7588,55.3096],[-59.6955,55.2691],[-59.6891,55.1963],[-59.6055,55.1733],[-59.5177,55.1974],[-59.4379,55.1759],[-59.4858,55.1302],[-59.7417,54.9426],[-59.8164,54.8672],[-59.8378,54.814],[-59.7499,54.887],[-59.4286,55.0555],[-59.3942,55.0807],[-59.3242,55.1528],[-59.2596,55.2],[-59.0863,55.1833],[-58.9971,55.1495],[-58.9558,55.0551],[-58.8858,54.9522],[-58.7802,54.8384],[-58.4999,54.7831],[-58.3981,54.7741],[-58.2229,54.8127],[-58.1953,54.8659],[-58.0585,54.8822],[-57.9625,54.8757],[-57.9293,54.7731],[-57.8269,54.7187],[-57.7249,54.6737],[-57.6266,54.6503],[-57.483,54.6403],[-57.4045,54.5909],[-57.4044,54.5704],[-57.4854,54.5175],[-57.5632,54.4404],[-57.6993,54.3866],[-57.8891,54.3841],[-58.1514,54.3504],[-58.1619,54.32],[-58.2197,54.2865],[-58.3591,54.2533],[-58.4352,54.2281],[-58.5584,54.103],[-58.6332,54.0496],[-58.7194,54.0394],[-58.8408,54.0445],[-58.9202,54.0331],[-58.9785,54.0103],[-59.0126,53.9763],[-59.0388,53.9636],[-59.2014,53.9291],[-59.4965,53.8342],[-59.6527,53.8312],[-59.7495,53.8423],[-59.823,53.8344],[-59.8733,53.8078],[-60.0142,53.7616],[-60.0565,53.7334],[-60.0813,53.701],[-60.1005,53.6342],[-60.1173,53.6101],[-60.1449,53.5961],[-60.2633,53.6101],[-60.3954,53.6533],[-60.3695,53.6075],[-60.1603,53.53],[-60.1003,53.487],[-60.1571,53.4498],[-60.2903,53.3915],[-60.3058,53.3601],[-60.2512,53.3436],[-60.2727,53.3171],[-60.3457,53.289],[-60.3375,53.2774],[-60.3295,53.2661],[-60.1483,53.3065],[-59.9871,53.3928],[-59.8817,53.4801],[-59.8291,53.5045],[-59.6211,53.5368],[-59.4981,53.5748],[-59.3223,53.6437],[-59.1294,53.7439],[-58.9196,53.8753],[-58.6521,53.9779],[-58.3267,54.0518],[-58.0881,54.0895],[-57.936,54.0912],[-57.9283,54.1036],[-58.0648,54.1268],[-58.1774,54.1313],[-58.3175,54.1145],[-58.3608,54.1545],[-58.3562,54.1719],[-58.31,54.2017],[-58.1921,54.2282],[-57.6149,54.1911],[-57.4161,54.1627],[-57.1989,53.9244],[-57.149,53.8477],[-57.135,53.7918],[-57.1569,53.7569],[-57.244,53.7155],[-57.4895,53.6331],[-57.5241,53.6114],[-57.5273,53.5999],[-57.4202,53.5833],[-57.3861,53.5605],[-57.3317,53.4691],[-57.2214,53.5285],[-57.0122,53.6726],[-56.8409,53.7395],[-56.6966,53.7577],[-56.5243,53.7665],[-56.465,53.765],[-56.4443,53.7183],[-56.354,53.6245],[-56.2702,53.6001],[-56.1102,53.5876],[-55.9661,53.4711],[-55.9112,53.3908],[-55.8594,53.3439],[-55.8634,53.3123],[-55.8548,53.2858],[-55.8169,53.2458],[-55.7979,53.212],[-55.8082,53.1347],[-55.8923,53.0004],[-55.8299,52.8784],[-55.8579,52.8234],[-55.8725,52.7357],[-55.8187,52.6771],[-55.8028,52.6432],[-55.8484,52.6233],[-56.167,52.5748],[-56.2924,52.5738],[-56.3249,52.5445],[-56.2284,52.536],[-56.0526,52.5374],[-55.8402,52.5076],[-55.7465,52.4746],[-55.706,52.4283],[-55.7162,52.3915],[-55.7771,52.3643],[-55.8967,52.3696],[-56.0117,52.3945],[-56.0046,52.3704],[-55.8336,52.3104],[-55.7835,52.2799],[-55.6911,52.2416],[-55.6728,52.1901],[-55.6952,52.1378],[-56.0175,51.9293],[-56.2826,51.7971],[-56.5486,51.681],[-56.976,51.4577],[-57.0183,51.4468],[-57.0956,51.4425],[-57.2992,51.4783],[-57.4617,51.4691],[-57.7696,51.4259],[-57.8538,51.3995],[-58.0227,51.3221],[-58.0894,51.311],[-58.2705,51.2952],[-58.4423,51.3059],[-58.5104,51.2951],[-58.5933,51.2571],[-58.6147,51.2371],[-58.6376,51.1717],[-59.0549,50.8791],[-59.1654,50.7799],[-59.378,50.6754],[-59.6119,50.4921],[-59.8153,50.4183],[-59.8863,50.3164],[-60.0802,50.2546],[-60.4381,50.2389],[-60.6082,50.2211],[-60.8072,50.2498],[-60.9563,50.2054],[-61.1807,50.1915],[-61.2897,50.202],[-61.7249,50.1041],[-61.8354,50.197],[-61.9195,50.2329],[-62.1652,50.2389],[-62.3617,50.2773],[-62.5409,50.2845],[-62.7154,50.3017],[-62.8302,50.3015],[-62.9498,50.2914],[-63.1356,50.2938],[-63.2386,50.2426],[-63.5867,50.2582],[-63.7336,50.3046],[-63.854,50.3144],[-64.0158,50.304],[-64.1704,50.2694],[-64.5089,50.3089],[-64.8679,50.2755],[-65.1809,50.2979],[-65.2686,50.32],[-65.7625,50.2593],[-65.9554,50.2941],[-66.1255,50.201],[-66.2422,50.2204],[-66.3688,50.2066],[-66.4111,50.2243],[-66.4955,50.2119],[-66.55,50.1612],[-66.6217,50.1554],[-66.7409,50.0655],[-66.9412,49.9937],[-67.2344,49.6018],[-67.2619,49.4512],[-67.372,49.3484],[-67.4692,49.3346],[-67.5493,49.3323],[-68.0563,49.2568],[-68.2819,49.1972],[-68.2206,49.1497],[-68.2945,49.1144],[-68.4144,49.0995],[-68.5438,49.0562],[-68.6279,49.0072],[-68.669,48.9395],[-68.9291,48.829],[-69.2308,48.5736],[-69.375,48.3864],[-69.5501,48.2508],[-69.6739,48.1992],[-69.7619,48.1912],[-69.8517,48.2074],[-70.001,48.2709],[-70.1106,48.278],[-70.3837,48.3665],[-71.0183,48.4556],[-70.9226,48.4223],[-70.8388,48.3674],[-70.6711,48.3532],[-70.5006,48.3543],[-70.1453,48.2436],[-69.9712,48.2058],[-69.8655,48.1723],[-69.775,48.0981],[-69.8398,47.9526],[-69.9056,47.8322],[-69.9944,47.7399],[-70.3001,47.503],[-70.448,47.4234],[-70.7059,47.1398],[-70.9727,47.0067],[-71.1156,46.925],[-71.2678,46.7959],[-71.6248,46.6984],[-71.7573,46.6736],[-71.8796,46.6868],[-72.0285,46.6074],[-72.2046,46.5589],[-72.2566,46.4851],[-72.6801,46.2873],[-72.8427,46.2624],[-72.981,46.2097],[-73.0219,46.1203],[-73.1454,46.0663],[-73.1797,46.025],[-73.2835,45.8999],[-73.4766,45.7382],[-73.7119,45.7112],[-73.7979,45.6549],[-73.8974,45.5642],[-74.0378,45.5019],[-74.3151,45.5311],[-74.2477,45.4929],[-73.9996,45.4333],[-73.9738,45.3451],[-74.0981,45.324],[-74.3583,45.2064],[-74.7089,45.0039],[-74.5663,45.0416],[-74.269,45.1883],[-74.0498,45.2414],[-73.7646,45.3955],[-73.5581,45.4251],[-73.5188,45.459],[-73.4842,45.5868],[-73.4653,45.6323],[-73.3688,45.7578],[-73.253,45.8637],[-73.1596,46.0101],[-72.9899,46.1036],[-72.7334,46.1818],[-72.4962,46.3527],[-72.3662,46.4048],[-72.2401,46.4421],[-72.1872,46.5115],[-72.1093,46.5512],[-71.9009,46.6319],[-71.6713,46.6538],[-71.4392,46.7208],[-71.2612,46.7563],[-71.152,46.8191],[-70.9933,46.8522],[-70.5195,47.0325],[-70.3881,47.1169],[-70.2178,47.2898],[-70.0696,47.3778],[-70.0171,47.4714],[-69.8022,47.6234],[-69.5811,47.8237],[-69.471,47.9673],[-69.3063,48.047],[-68.9871,48.275],[-68.8157,48.366],[-68.746,48.3764],[-68.552,48.4573],[-68.4315,48.5417],[-68.2382,48.6264],[-67.889,48.7309],[-67.5609,48.856],[-67.1175,48.9642],[-66.5981,49.1264],[-66.1782,49.2131],[-65.8828,49.2257],[-65.5234,49.2662],[-65.3961,49.2621],[-64.8363,49.1917],[-64.5677,49.1048],[-64.2618,48.9219],[-64.2162,48.8736],[-64.2088,48.8062],[-64.3708,48.839],[-64.5137,48.8411],[-64.4146,48.8036],[-64.2461,48.6911],[-64.2538,48.5504],[-64.3488,48.4232],[-64.6332,48.3605],[-64.7058,48.3106],[-64.7645,48.2281],[-64.8221,48.1965],[-64.9599,48.1599],[-65.0361,48.1063],[-65.2594,48.0212],[-65.36,48.0111],[-65.4759,48.0315],[-65.7547,48.1117],[-65.9267,48.1889],[-66.0125,48.1467],[-66.0831,48.1027],[-66.2486,48.1173],[-66.3243,48.0979],[-66.449,48.1196],[-66.7044,48.0225],[-66.6315,48.0111],[-66.4288,48.0669],[-66.3596,48.0606],[-66.2102,47.9886],[-65.8494,47.911],[-65.7557,47.8598],[-65.6665,47.6961],[-65.6072,47.67],[-65.4835,47.687],[-65.3439,47.7679],[-65.2282,47.8113],[-65.0017,47.8468],[-65.0464,47.793],[-64.874,47.7972],[-64.7032,47.7249],[-64.7663,47.6735],[-64.8521,47.5699],[-64.9122,47.3687],[-65.0861,47.2338],[-65.3189,47.1012],[-65.2602,47.0692],[-65.1921,47.0496],[-65.0424,47.0888],[-64.9424,47.0862],[-64.8314,47.0608],[-64.8659,46.9578],[-64.9058,46.8879],[-64.8825,46.8229],[-64.8167,46.6987],[-64.7259,46.6714],[-64.6895,46.5123],[-64.6414,46.4256],[-64.6479,46.356],[-64.5568,46.3114],[-64.5415,46.2403],[-64.2118,46.2202],[-64.145,46.1929],[-63.9159,46.1658],[-63.8727,46.1462],[-63.8319,46.1072],[-64.0564,46.0213],[-63.8747,45.9592],[-63.7029,45.858],[-63.5677,45.8779],[-63.5092,45.8747],[-63.358,45.8113],[-63.3159,45.7799],[-63.2928,45.752],[-63.2169,45.758],[-63.1079,45.7824],[-62.9108,45.7764],[-62.7007,45.7406],[-62.7184,45.686],[-62.7501,45.6482],[-62.5856,45.6607],[-62.4831,45.6218],[-62.4473,45.6405],[-62.4219,45.6646],[-62.2177,45.7309],[-61.9555,45.8682],[-61.9236,45.8512],[-61.9116,45.7991],[-61.8772,45.7142],[-61.7765,45.6556],[-61.6569,45.6422],[-61.4923,45.687],[-61.4276,45.6483],[-61.3505,45.5737],[-61.2771,45.476],[-61.282,45.4411],[-61.3761,45.4106],[-61.461,45.3667],[-61.1067,45.3486],[-61.0708,45.3302],[-61.0315,45.2917],[-61.0677,45.2528],[-61.1011,45.2334],[-61.1653,45.2561],[-61.2838,45.2355],[-61.3873,45.1851],[-61.4979,45.157],[-61.5688,45.1538],[-61.6474,45.1305],[-61.7192,45.0945],[-61.7939,45.0844],[-62.0268,44.9945],[-62.265,44.9365],[-62.514,44.8437],[-62.7681,44.7851],[-63.0318,44.7148],[-63.0892,44.7085],[-63.1557,44.7113],[-63.3063,44.6426],[-63.3808,44.6519],[-63.4568,44.6399],[-63.5443,44.6551],[-63.604,44.6832],[-63.5583,44.6106],[-63.5448,44.5438],[-63.5677,44.5145],[-63.6098,44.48],[-63.7611,44.4864],[-63.8207,44.5106],[-63.8913,44.5463],[-63.9237,44.6039],[-63.9997,44.6449],[-64.0449,44.5879],[-64.0446,44.5454],[-64.1009,44.4875],[-64.167,44.5867],[-64.2861,44.5503],[-64.3385,44.4449],[-64.3123,44.4147],[-64.2757,44.3341],[-64.3346,44.292],[-64.3782,44.3036],[-64.4688,44.1852],[-64.5785,44.142],[-64.6916,44.0213],[-64.8256,43.9293],[-64.8624,43.8679],[-65.0868,43.7272],[-65.1721,43.7314],[-65.2349,43.7268],[-65.3296,43.6681],[-65.3443,43.5496],[-65.3861,43.5653],[-65.4285,43.5614],[-65.4504,43.5242],[-65.4817,43.5181],[-65.5645,43.5533],[-65.6619,43.534],[-65.7381,43.5607],[-65.8353,43.7344],[-65.8869,43.7952],[-65.9784,43.8148],[-66.0021,43.7781],[-66.0376,43.7422],[-66.1257,43.8138],[-66.1925,44.0797],[-66.1931,44.1438],[-66.0996,44.3675],[-65.868,44.5688],[-65.9419,44.5755],[-66.1464,44.4359],[-66.1253,44.4697],[-66.0906,44.5049],[-66.0217,44.5617],[-65.917,44.6151],[-65.7777,44.6462],[-65.6818,44.6509],[-65.6158,44.6804],[-65.52,44.7327],[-65.5022,44.7604],[-65.5872,44.7285],[-65.7282,44.6971],[-65.692,44.7383],[-65.6567,44.7603],[-64.9029,45.1208],[-64.7513,45.1802],[-64.4488,45.2561],[-64.4069,45.3057],[-64.4481,45.3375],[-64.3308,45.3093],[-64.3404,45.2682],[-64.3588,45.2382],[-64.3657,45.1873],[-64.3542,45.1382],[-64.235,45.1143],[-64.1355,45.023],[-64.1827,45.147],[-64.0932,45.2171],[-63.7483,45.3109],[-63.4603,45.3211],[-63.368,45.3648],[-63.6145,45.3941],[-63.9064,45.3782],[-64.0872,45.4109],[-64.3364,45.3896],[-64.6002,45.4101],[-64.6811,45.383],[-64.7467,45.3244],[-64.8319,45.3502],[-64.8731,45.3546],[-64.9129,45.3748],[-64.8274,45.4755],[-64.5601,45.6255],[-64.3971,45.7559],[-64.3511,45.7832],[-64.3146,45.8357],[-64.4041,45.8269],[-64.4822,45.8063],[-64.5363,45.8666],[-64.6327,45.9466],[-64.642,45.9133],[-64.5937,45.8137],[-64.7785,45.6384],[-64.8979,45.626],[-65.0573,45.5442],[-65.2823,45.4731],[-65.545,45.3373],[-65.8845,45.2229],[-65.9556,45.2225],[-66.1098,45.3166],[-66.0666,45.3595],[-66.0266,45.4176],[-66.0649,45.4008],[-66.0897,45.3756],[-66.1827,45.3352],[-66.1073,45.2569],[-66.1437,45.2276],[-66.2516,45.189],[-66.352,45.1332],[-66.4398,45.0959],[-66.5109,45.1434],[-66.7072,45.0834],[-66.8725,45.0673],[-66.9082,45.0977],[-66.9187,45.1456],[-66.9766,45.1572],[-67.0841,45.1439],[-67.1249,45.1694],[-67.1304,45.139],[-67.1022,45.0877],[-67.0805,44.9892],[-67.1139,44.9444],[-67.1067,44.8851],[-67.014,44.8678],[-66.9915,44.8496],[-66.987,44.8277],[-67.1913,44.6756],[-67.3641,44.6969],[-67.4578,44.6565],[-67.556,44.6448],[-67.5991,44.5768],[-67.653,44.5624],[-67.7268,44.5665],[-67.7905,44.5857],[-67.8391,44.5763],[-67.907,44.4536],[-67.9627,44.4643],[-67.9849,44.4202],[-68.014,44.4009],[-68.0566,44.3843],[-68.0937,44.4388],[-68.1173,44.4906],[-68.1521,44.502],[-68.1982,44.5152],[-68.2458,44.5148],[-68.2774,44.5074],[-68.3167,44.4739],[-68.3737,44.4451],[-68.4168,44.4691],[-68.4506,44.5076],[-68.4794,44.4457],[-68.5214,44.3802],[-68.5145,44.3039],[-68.5325,44.2586],[-68.5724,44.2709],[-68.612,44.3105],[-68.7233,44.3423],[-68.8119,44.3394],[-68.7939,44.3817],[-68.7101,44.4426],[-68.7359,44.4545],[-68.777,44.446],[-68.7949,44.4545],[-68.7655,44.5098],[-68.7627,44.5708],[-68.8002,44.5494],[-68.8474,44.4851],[-68.9615,44.4338],[-68.9562,44.3481],[-69.0636,44.1724],[-69.0684,44.0976],[-69.1373,44.0378],[-69.2261,43.9865],[-69.3445,44.0009],[-69.435,43.9563],[-69.4809,43.9051],[-69.5208,43.8974],[-69.5416,43.9626],[-69.5567,43.9828],[-69.59,43.8866],[-69.6239,43.8806],[-69.6368,43.9488],[-69.6529,43.9939],[-69.6991,43.955],[-69.7298,43.852],[-69.762,43.8607],[-69.7723,43.899],[-69.7953,43.9106],[-69.8032,43.8668],[-69.7916,43.8052],[-69.8084,43.7723],[-69.8403,43.7899],[-69.8725,43.8195],[-69.9256,43.797],[-69.9743,43.7879],[-69.9745,43.8181],[-69.9652,43.8551],[-70.0624,43.8346],[-70.1788,43.7664],[-70.2692,43.6719],[-70.2379,43.6562],[-70.2026,43.6261],[-70.3597,43.4802],[-70.5207,43.3488],[-70.6423,43.1344],[-70.6912,43.1093],[-70.7331,43.07],[-70.7776,42.9406],[-70.8291,42.8253],[-70.8003,42.774],[-70.7813,42.7212],[-70.7357,42.6693],[-70.6969,42.6646],[-70.6548,42.674],[-70.624,42.6718],[-70.6042,42.6497],[-70.6129,42.6232],[-70.6614,42.6166],[-70.7519,42.5704],[-70.8312,42.5526],[-70.8709,42.4966],[-70.9305,42.432],[-71.0462,42.3311],[-70.9967,42.3],[-70.818,42.2649],[-70.7383,42.2289],[-70.6177,42.0404],[-70.6452,42.0216],[-70.6562,41.9871],[-70.5489,41.9386],[-70.5147,41.8033],[-70.4267,41.7573],[-70.2955,41.729],[-70.135,41.7699],[-70.0014,41.8262],[-70.0061,41.8723],[-70.09,41.9797],[-70.1103,42.0301],[-70.1726,42.0628],[-70.1962,42.0351],[-70.2365,42.071],[-70.2411,42.0912],[-70.2035,42.101],[-70.1599,42.0971],[-70.1089,42.0783],[-69.9779,41.9613],[-69.9416,41.8079],[-69.9338,41.7104],[-69.9486,41.6771],[-69.9868,41.684],[-70.0595,41.6773],[-70.4047,41.6269],[-70.4813,41.5825],[-70.6571,41.5342],[-70.6681,41.5583],[-70.6554,41.6081],[-70.6665,41.7101],[-70.7011,41.7148],[-70.9742,41.5485],[-71.0798,41.5381],[-71.1686,41.4894],[-71.1884,41.5164],[-71.2043,41.6411],[-71.1487,41.7457],[-71.1783,41.744],[-71.2711,41.6812],[-71.3107,41.7199],[-71.3306,41.7623],[-71.3592,41.7862],[-71.3901,41.7953],[-71.3637,41.7027],[-71.4266,41.6333],[-71.4438,41.4537],[-71.5229,41.379],[-71.7693,41.3309],[-71.9299,41.3411],[-72.0739,41.3261],[-72.2653,41.2916],[-72.371,41.3122],[-72.4794,41.2758],[-72.8472,41.2659],[-72.9247,41.2852],[-73.0237,41.2165],[-73.1823,41.1758],[-73.583,41.0219],[-73.6714,40.9659],[-73.779,40.8784],[-73.8513,40.8314],[-73.9107,40.8161],[-73.9472,40.777],[-73.9871,40.7514],[-73.9486,40.8388],[-73.9067,40.9125],[-73.872,41.0552],[-73.8822,41.1706],[-73.9253,41.2181],[-73.9699,41.2497],[-73.9177,41.1358],[-73.9092,40.9961],[-73.9272,40.9143],[-74.0255,40.7564],[-74.0673,40.7196],[-74.1163,40.6873],[-74.1531,40.6732],[-74.1872,40.648],[-74.2267,40.608],[-74.2642,40.5286],[-74.2415,40.4562],[-74.0499,40.4298],[-73.9984,40.4521],[-73.9723,40.4003],[-73.9576,40.3284],[-73.972,40.2505],[-74.004,40.1713],[-74.0283,40.073],[-74.0489,39.923],[-74.0799,39.7881],[-74.084,39.8291],[-74.0646,39.9931],[-74.096,39.976],[-74.1176,39.9381],[-74.1761,39.7266],[-74.2565,39.6139],[-74.3306,39.5359],[-74.407,39.5488],[-74.3898,39.4868],[-74.4108,39.4545],[-74.4288,39.3872],[-74.4744,39.3426],[-74.5172,39.3469],[-74.5787,39.3161],[-74.603,39.2926],[-74.6048,39.2475],[-74.6459,39.2079],[-74.7945,39.0019],[-74.9234,38.9411],[-74.9543,38.95],[-74.9203,39.0472],[-74.897,39.1455],[-74.9753,39.1882],[-75.0502,39.2108],[-75.1361,39.2079],[-75.2311,39.2843],[-75.3534,39.3398],[-75.5242,39.4902],[-75.5192,39.5319],[-75.5235,39.6019],[-75.4716,39.7124],[-75.4219,39.7897],[-75.3532,39.8297],[-75.1538,39.8705],[-75.1038,39.9318],[-75.0742,39.9835],[-75.1729,39.8948],[-75.3209,39.8647],[-75.4006,39.8316],[-75.4644,39.781],[-75.5021,39.7174],[-75.5876,39.6408],[-75.5816,39.5895],[-75.5673,39.553],[-75.5739,39.477],[-75.5198,39.4028],[-75.4126,39.2814],[-75.3922,39.0928],[-75.3104,38.9666],[-75.1851,38.8194],[-75.0887,38.7775],[-75.084,38.7228],[-75.1285,38.6324],[-75.1871,38.5911],[-75.1108,38.5994],[-75.0729,38.5787],[-75.0359,38.5033],[-75.0388,38.4264],[-75.0513,38.383],[-75.0744,38.3657],[-75.0734,38.41],[-75.0897,38.4254],[-75.1167,38.4062],[-75.1342,38.3843],[-75.1415,38.2981],[-75.16,38.2551],[-75.2254,38.2423],[-75.2918,38.1292],[-75.3535,38.065],[-75.5964,37.6312],[-75.5871,37.5587],[-75.6315,37.5354],[-75.6988,37.5164],[-75.7669,37.473],[-75.8121,37.4252],[-75.854,37.2966],[-75.9344,37.1519],[-75.9845,37.2122],[-75.9974,37.2638],[-75.975,37.3984],[-75.8881,37.6191],[-75.7924,37.7563],[-75.7193,37.8214],[-75.6593,37.954],[-75.7352,37.9737],[-75.8508,37.9716],[-75.8291,38.0328],[-75.7953,38.0867],[-75.8556,38.1404],[-75.8913,38.1472],[-75.9281,38.1692],[-75.885,38.214],[-75.8639,38.2612],[-75.8768,38.3188],[-75.8587,38.3621],[-75.8888,38.3555],[-75.9373,38.3097],[-75.9674,38.2914],[-75.9857,38.3319],[-76.0067,38.3228],[-76.0203,38.2949],[-76.0512,38.2795],[-76.1165,38.3177],[-76.2117,38.3613],[-76.2646,38.4364],[-76.2949,38.4946],[-76.2642,38.6],[-76.1984,38.6187],[-76.1129,38.6016],[-76.0009,38.6017],[-76.0169,38.6251],[-76.0569,38.6212],[-76.175,38.7067],[-76.213,38.7583],[-76.2783,38.7725],[-76.3081,38.7229],[-76.3412,38.7097],[-76.3003,38.8182],[-76.247,38.8227],[-76.1682,38.8527],[-76.1911,38.9156],[-76.2408,38.9431],[-76.3307,38.9086],[-76.3296,38.9528],[-76.3127,39.0094],[-76.245,39.0092],[-76.1857,38.9907],[-76.1352,39.0821],[-76.133,39.1229],[-76.2168,39.0636],[-76.2357,39.1916],[-76.1531,39.315],[-76.0744,39.3688],[-75.976,39.3673],[-75.876,39.376],[-75.9387,39.3986],[-76.0031,39.4108],[-75.9547,39.4596],[-75.9135,39.4684],[-75.8729,39.5109],[-75.9704,39.5046],[-75.9589,39.5851],[-76.0063,39.5687],[-76.063,39.5611],[-76.0851,39.527],[-76.0807,39.4703],[-76.0973,39.4331],[-76.1414,39.4032],[-76.2158,39.3799],[-76.223,39.4203],[-76.2477,39.4386],[-76.2568,39.3521],[-76.2764,39.3228],[-76.3308,39.4039],[-76.3472,39.3875],[-76.3451,39.3645],[-76.359,39.3247],[-76.4057,39.3039],[-76.4028,39.2528],[-76.4209,39.225],[-76.5704,39.2693],[-76.5739,39.2543],[-76.4894,39.1587],[-76.4276,39.126],[-76.4201,39.0739],[-76.4731,39.0306],[-76.5462,39.068],[-76.5585,39.0652],[-76.5188,39.0012],[-76.4938,38.9452],[-76.5195,38.8983],[-76.5155,38.8406],[-76.5211,38.7883],[-76.5369,38.7426],[-76.5013,38.5322],[-76.4585,38.475],[-76.4164,38.4202],[-76.3941,38.369],[-76.4388,38.3615],[-76.5099,38.4037],[-76.5724,38.4358],[-76.6469,38.5385],[-76.6592,38.5795],[-76.6773,38.612],[-76.6686,38.5375],[-76.642,38.4543],[-76.4088,38.2683],[-76.3657,38.1969],[-76.3329,38.1408],[-76.3412,38.087],[-76.402,38.125],[-76.4544,38.1735],[-76.5936,38.2283],[-76.7691,38.2629],[-76.8681,38.3903],[-76.8678,38.3372],[-76.8897,38.2921],[-76.9502,38.347],[-76.9884,38.3939],[-77.0012,38.4453],[-77.0767,38.4417],[-77.1559,38.3971],[-77.2325,38.4077],[-77.2416,38.4948],[-77.2209,38.541],[-77.1349,38.6501],[-77.0539,38.7058],[-77.0182,38.7777],[-77.0304,38.8893],[-77.0456,38.7758],[-77.0919,38.7195],[-77.1646,38.6766],[-77.2604,38.6],[-77.2838,38.5292],[-77.3137,38.3966],[-77.2732,38.3518],[-77.2319,38.34],[-77.1099,38.3701],[-77.0468,38.3567],[-76.9063,38.1971],[-76.6449,38.1339],[-76.5495,38.0945],[-76.4718,38.0112],[-76.3549,37.9632],[-76.2643,37.8936],[-76.2618,37.8481],[-76.2932,37.7943],[-76.3056,37.7216],[-76.3441,37.6757],[-76.4366,37.6704],[-76.4925,37.6822],[-76.7928,37.938],[-76.8286,37.9615],[-76.94,38.0955],[-77.0707,38.1672],[-77.1111,38.1657],[-76.9251,38.033],[-76.8492,37.9402],[-76.7154,37.8102],[-76.6198,37.7551],[-76.5495,37.6691],[-76.4841,37.6289],[-76.3056,37.5715],[-76.3676,37.5303],[-76.2686,37.4952],[-76.2544,37.4306],[-76.2635,37.357],[-76.401,37.3861],[-76.4055,37.3319],[-76.3932,37.3],[-76.4539,37.2735],[-76.5384,37.3094],[-76.7577,37.5054],[-76.7559,37.4792],[-76.7381,37.4488],[-76.6109,37.3226],[-76.4974,37.2469],[-76.4011,37.2127],[-76.327,37.1493],[-76.3008,37.1109],[-76.2833,37.0527],[-76.3383,37.0131],[-76.4009,36.9913],[-76.462,37.0308],[-76.5068,37.0723],[-76.6023,37.1429],[-76.6309,37.2217],[-76.7035,37.2177],[-77.007,37.3177],[-77.2509,37.3292],[-77.2271,37.3091],[-77.1962,37.2957],[-77.002,37.271],[-76.9252,37.225],[-76.7654,37.1841],[-76.6719,37.1729],[-76.6339,37.0474],[-76.5046,36.961],[-76.4878,36.897],[-76.3996,36.8898],[-76.2442,36.9526],[-76.144,36.9306],[-75.9994,36.9126],[-75.9664,36.862],[-75.9416,36.7655],[-75.8904,36.657],[-75.7579,36.2292],[-75.5587,35.8793],[-75.5342,35.8191],[-75.5805,35.872],[-75.7282,36.1037],[-75.8098,36.271],[-75.8936,36.5665],[-75.9179,36.6327],[-75.9465,36.6591],[-75.9653,36.6376],[-75.9734,36.6],[-75.9598,36.571],[-75.9928,36.4738],[-75.9785,36.4291],[-75.9249,36.383],[-75.8666,36.2679],[-75.8201,36.1128],[-75.883,36.1757],[-75.9502,36.209],[-76.0547,36.2345],[-76.1479,36.2793],[-76.1411,36.2151],[-76.15,36.1458],[-76.2218,36.1669],[-76.2706,36.1899],[-76.2274,36.116],[-76.3212,36.1382],[-76.3837,36.1335],[-76.4243,36.068],[-76.4788,36.0282],[-76.5594,36.0153],[-76.6789,36.0753],[-76.7176,36.1481],[-76.7336,36.2291],[-76.74,36.1333],[-76.7188,36.0335],[-76.7262,35.9576],[-76.6111,35.9437],[-76.5035,35.9561],[-76.3583,35.9529],[-76.2636,35.9671],[-76.2065,35.9912],[-76.0698,35.9703],[-76.0601,35.8787],[-76.0757,35.7875],[-76.0836,35.6905],[-76.0457,35.6912],[-76.0012,35.7222],[-75.9789,35.8959],[-75.8539,35.9602],[-75.812,35.9558],[-75.7722,35.8999],[-75.7588,35.8433],[-75.7447,35.7655],[-75.7739,35.647],[-75.966,35.5084],[-76.1035,35.3803],[-76.1738,35.3541],[-76.2752,35.369],[-76.3902,35.4013],[-76.4466,35.4078],[-76.4895,35.397],[-76.5156,35.4365],[-76.5325,35.5084],[-76.5772,35.5323],[-76.611,35.5297],[-76.6341,35.4532],[-76.7414,35.4315],[-76.8873,35.4631],[-77.04,35.5274],[-76.9745,35.4584],[-76.5955,35.3297],[-76.5528,35.3056],[-76.5129,35.2704],[-76.566,35.2152],[-76.6075,35.153],[-76.6134,35.1041],[-76.628,35.0733],[-76.7792,34.9903],[-76.861,35.005],[-77.0703,35.1546],[-76.975,35.0252],[-76.8986,34.9703],[-76.745,34.941],[-76.4567,34.9894],[-76.3622,34.9365],[-76.4398,34.8429],[-76.5169,34.7772],[-76.618,34.7699],[-76.7071,34.7521],[-76.7332,34.707],[-76.7967,34.7041],[-76.8959,34.7015],[-77.0495,34.6974],[-77.1339,34.7079],[-77.2518,34.6156],[-77.2962,34.6029],[-77.3584,34.6203],[-77.3845,34.6944],[-77.4123,34.7308],[-77.4129,34.5921],[-77.4021,34.5548],[-77.3798,34.5266],[-77.5177,34.4514],[-77.6497,34.3575],[-77.697,34.332],[-77.7507,34.285],[-77.8608,34.1492],[-77.888,34.0501],[-77.9278,33.9397],[-77.9329,33.9895],[-77.926,34.0731],[-77.9533,34.169],[-77.9706,33.9934],[-78.0133,33.9118],[-78.4059,33.9176],[-78.5777,33.8732],[-78.8415,33.7241],[-78.9203,33.6587],[-79.1382,33.4059],[-79.1938,33.2441],[-79.2384,33.3122],[-79.2273,33.3632],[-79.2265,33.4049],[-79.2813,33.3154],[-79.2292,33.1852],[-79.276,33.1354],[-79.4199,33.0425],[-79.4987,33.0273],[-79.5871,33.0009],[-79.6149,32.9093],[-79.735,32.8248],[-79.805,32.7874],[-79.9331,32.8101],[-79.8937,32.7287],[-79.9407,32.6671],[-80.0218,32.6199],[-80.1226,32.5891],[-80.1803,32.5929],[-80.2297,32.5765],[-80.2684,32.5374],[-80.3628,32.5007],[-80.461,32.5213],[-80.5722,32.5337],[-80.6342,32.5117],[-80.53,32.4754],[-80.4743,32.4228],[-80.4857,32.3518],[-80.5136,32.3244],[-80.5793,32.2873],[-80.6082,32.2928],[-80.6258,32.3263],[-80.6472,32.3959],[-80.6778,32.3811],[-80.6831,32.3486],[-80.7093,32.3371],[-80.8025,32.448],[-80.7979,32.3634],[-80.7653,32.2983],[-80.7338,32.2653],[-80.7021,32.2459],[-80.6942,32.2157],[-80.758,32.1422],[-80.7908,32.1258],[-80.8492,32.1139],[-80.8821,32.0686],[-80.8724,32.0296],[-80.9234,31.9449],[-81.0456,31.892],[-81.0829,31.8941],[-81.1133,31.8786],[-81.0955,31.8409],[-81.065,31.8135],[-81.0661,31.788],[-81.0984,31.7534],[-81.1621,31.7437],[-81.1979,31.7042],[-81.1866,31.6669],[-81.1655,31.6461],[-81.1699,31.6103],[-81.2424,31.5743],[-81.2594,31.5389],[-81.2234,31.5285],[-81.1957,31.5389],[-81.1754,31.5313],[-81.2189,31.4721],[-81.2579,31.436],[-81.295,31.3712],[-81.381,31.3533],[-81.3777,31.3323],[-81.3291,31.3138],[-81.2885,31.2639],[-81.3649,31.1719],[-81.4126,31.1794],[-81.4417,31.1997],[-81.4604,31.1271],[-81.4532,31.0883],[-81.4714,31.009],[-81.5006,30.9138],[-81.5204,30.8747],[-81.5162,30.8018],[-81.504,30.7314],[-81.4572,30.6408],[-81.3857,30.27],[-81.3371,30.1412],[-81.2495,29.7938],[-81.1045,29.457],[-80.9,29.0499],[-80.5643,28.5564],[-80.5241,28.4861],[-80.5678,28.4265],[-80.5812,28.3647],[-80.585,28.2716],[-80.5729,28.1809],[-80.5332,28.0701],[-80.4569,27.9007],[-80.4996,27.9345],[-80.61,28.1776],[-80.6229,28.3204],[-80.6069,28.5229],[-80.6329,28.518],[-80.6539,28.4522],[-80.6655,28.3749],[-80.6935,28.345],[-80.7317,28.4629],[-80.7291,28.5162],[-80.6885,28.5785],[-80.7002,28.6009],[-80.7659,28.6328],[-80.7799,28.683],[-80.771,28.7325],[-80.8087,28.7589],[-80.8382,28.7577],[-80.8184,28.6356],[-80.7872,28.5606],[-80.7486,28.381],[-80.6864,28.2722],[-80.6501,28.1809],[-80.2261,27.207],[-80.1258,27.083],[-80.0887,26.9939],[-80.05,26.8077],[-80.0413,26.5686],[-80.1106,26.1316],[-80.1264,25.8335],[-80.1363,25.8426],[-80.1429,25.874],[-80.1589,25.8783],[-80.2191,25.7417],[-80.3008,25.6186],[-80.3277,25.4271],[-80.3669,25.3313],[-80.4847,25.2298],[-80.5576,25.2324],[-80.7365,25.1563],[-80.8622,25.1762],[-81.012,25.1333],[-81.1105,25.138],[-81.1674,25.2285],[-81.1587,25.269],[-81.136,25.3097],[-81.0977,25.3191],[-80.9654,25.2243],[-80.9404,25.2642],[-80.9804,25.3117],[-81.0568,25.3381],[-81.1133,25.3672],[-81.2271,25.5834],[-81.3451,25.7318],[-81.3649,25.8311],[-81.5683,25.8916],[-81.7155,25.9832],[-81.8115,26.1461],[-81.8666,26.435],[-81.9315,26.4675],[-81.9589,26.4899],[-81.8955,26.5972],[-81.8287,26.6871],[-81.8815,26.6647],[-81.9206,26.6314],[-81.9702,26.5521],[-82.0064,26.5398],[-82.0396,26.5521],[-82.0779,26.7043],[-82.0669,26.8916],[-82.0133,26.9616],[-82.0957,26.9634],[-82.1811,26.9368],[-82.1686,26.8744],[-82.1807,26.8401],[-82.2429,26.8489],[-82.29,26.8708],[-82.3541,26.9357],[-82.4414,27.0597],[-82.6205,27.4011],[-82.6554,27.4492],[-82.7146,27.4996],[-82.6867,27.5153],[-82.6358,27.5246],[-82.5208,27.6783],[-82.4305,27.7711],[-82.4005,27.8354],[-82.4058,27.8629],[-82.4457,27.9028],[-82.4981,27.8679],[-82.5206,27.8779],[-82.5796,27.9584],[-82.6359,27.9812],[-82.6752,27.9638],[-82.6338,27.8978],[-82.5966,27.8732],[-82.611,27.7772],[-82.626,27.746],[-82.6609,27.7184],[-82.7153,27.7331],[-82.7429,27.7094],[-82.7753,27.7344],[-82.8076,27.7766],[-82.8435,27.846],[-82.7485,28.2368],[-82.6606,28.4858],[-82.6506,28.7699],[-82.644,28.812],[-82.6515,28.8875],[-82.7693,29.0516],[-83.2905,29.4519],[-83.6944,29.926],[-84.0442,30.1038],[-84.3097,30.0647],[-84.3556,30.029],[-84.3753,29.9823],[-84.3587,29.9294],[-84.3828,29.9074],[-84.4541,29.9102],[-84.55,29.8979],[-84.8005,29.773],[-84.8889,29.7776],[-84.9692,29.7453],[-85.0293,29.7211],[-85.186,29.7079],[-85.3189,29.6802],[-85.3764,29.6952],[-85.4138,29.7676],[-85.4138,29.8425],[-85.3834,29.7851],[-85.3364,29.7401],[-85.3149,29.7581],[-85.3068,29.7979],[-85.3536,29.8757],[-85.5043,29.9758],[-85.6758,30.1219],[-85.6235,30.1171],[-85.6103,30.1484],[-85.6634,30.1895],[-85.641,30.2369],[-85.6035,30.2868],[-85.6759,30.2793],[-85.7408,30.2444],[-85.743,30.2013],[-85.7558,30.167],[-85.7908,30.172],[-85.8557,30.2144],[-86.1751,30.3325],[-86.4544,30.3991],[-86.2401,30.4291],[-86.1238,30.4058],[-86.1377,30.4416],[-86.1657,30.4643],[-86.2574,30.493],[-86.3742,30.4821],[-86.4479,30.4956],[-86.5234,30.4671],[-86.6061,30.4247],[-86.6796,30.4029],[-86.9676,30.3724],[-87.2012,30.3393],[-87.1637,30.3742],[-87.1238,30.3967],[-86.9858,30.4309],[-86.9651,30.5019],[-86.9976,30.5703],[-87.0339,30.5539],[-87.072,30.5004],[-87.1188,30.539],[-87.1706,30.5388],[-87.1847,30.4537],[-87.2511,30.3967],[-87.2811,30.3393],[-87.4758,30.2943],[-87.5007,30.3093],[-87.4437,30.3638],[-87.4483,30.3941],[-87.5133,30.3681],[-87.6223,30.2647],[-88.006,30.2309],[-87.985,30.2544],[-87.904,30.2591],[-87.7903,30.2918],[-87.8133,30.3469],[-87.8571,30.4074],[-87.8976,30.4142],[-87.9243,30.4497],[-87.923,30.5615],[-87.9489,30.6269],[-88.0113,30.6942],[-88.0324,30.6812],[-88.0784,30.5662],[-88.1166,30.4153],[-88.1354,30.3666],[-88.2492,30.3632],[-88.3499,30.3735],[-88.6921,30.3554],[-88.8199,30.4065],[-88.8729,30.4163],[-88.9052,30.4151],[-89.0541,30.3683],[-89.2236,30.3324],[-89.2636,30.3437],[-89.3206,30.3453],[-89.4435,30.2231],[-89.5885,30.166],[-89.9542,30.2688],[-90.0452,30.3514],[-90.126,30.3691],[-90.2253,30.3793],[-90.332,30.2776],[-90.413,30.1403],[-90.285,30.0651],[-90.1753,30.0291],[-89.9942,30.0593],[-89.894,30.1259],[-89.8123,30.1237],[-89.7731,30.1372],[-89.7375,30.172],[-89.6675,30.1445],[-89.665,30.117],[-89.7147,30.0783],[-89.7772,30.0457],[-89.8152,30.0073],[-89.7438,29.9298],[-89.6317,29.9038],[-89.5895,29.915],[-89.5634,30.0021],[-89.4944,30.0582],[-89.4007,30.046],[-89.4141,30.0109],[-89.4009,29.9777],[-89.3579,29.921],[-89.3628,29.8398],[-89.3544,29.8202],[-89.4554,29.7844],[-89.5307,29.7722],[-89.5909,29.7253],[-89.5593,29.698],[-89.6207,29.6741],[-89.6621,29.6837],[-89.683,29.6749],[-89.6892,29.646],[-89.7209,29.6193],[-89.6748,29.5387],[-89.5803,29.486],[-89.5137,29.4201],[-89.2457,29.3332],[-89.1808,29.3357],[-89.1168,29.2482],[-89.0653,29.2182],[-89.0157,29.2029],[-89.0214,29.1427],[-89.1095,29.0987],[-89.1333,29.0461],[-89.1555,29.0166],[-89.1953,29.054],[-89.2361,29.0811],[-89.3306,28.9987],[-89.3761,28.9813],[-89.3535,29.0702],[-89.3892,29.105],[-89.4432,29.1941],[-89.5218,29.2493],[-89.5771,29.2675],[-89.6203,29.3024],[-89.6725,29.3165],[-89.717,29.3129],[-89.7924,29.3332],[-89.7974,29.3806],[-89.8183,29.4161],[-89.8772,29.458],[-90.1591,29.5372],[-90.1608,29.5044],[-90.1413,29.4797],[-90.1008,29.4633],[-90.0523,29.4314],[-90.0528,29.3368],[-90.0737,29.2968],[-90.0827,29.2397],[-90.1014,29.1818],[-90.1358,29.1361],[-90.2128,29.1049],[-90.2467,29.131],[-90.3016,29.2558],[-90.3792,29.2951],[-90.5025,29.2998],[-90.5862,29.2715],[-90.6775,29.1506],[-90.751,29.1309],[-91.0027,29.1935],[-91.2901,29.289],[-91.2827,29.3208],[-91.2375,29.331],[-91.1508,29.3179],[-91.1554,29.3507],[-91.244,29.4573],[-91.2603,29.5055],[-91.2488,29.5642],[-91.2777,29.5629],[-91.331,29.5136],[-91.5142,29.5554],[-91.5648,29.6053],[-91.6725,29.7461],[-91.8244,29.7507],[-91.8932,29.836],[-92.0173,29.8003],[-92.0802,29.7607],[-92.1355,29.6995],[-92.114,29.6677],[-92.0589,29.6172],[-92.084,29.5928],[-92.2608,29.5568],[-92.6713,29.5971],[-92.7913,29.6347],[-92.9524,29.7142],[-93.1757,29.779],[-93.2832,29.7894],[-93.3885,29.7766],[-93.6948,29.7699],[-93.7659,29.7527],[-93.8265,29.7251],[-93.8657,29.7556],[-93.8839,29.81],[-93.8483,29.8188],[-93.8088,29.8508],[-93.7731,29.9141],[-93.769,29.9523],[-93.794,29.9772],[-93.8415,29.9797],[-93.9463,29.815],[-93.8864,29.7227],[-93.8905,29.6894],[-94.0997,29.6704],[-94.5745,29.4845],[-94.7596,29.3843],[-94.7501,29.418],[-94.5263,29.5479],[-94.6053,29.5678],[-94.7326,29.5354],[-94.7783,29.5479],[-94.7244,29.6553],[-94.7419,29.75],[-94.8323,29.7526],[-94.8899,29.677],[-94.9299,29.6802],[-94.9823,29.7126],[-95.0229,29.7023],[-94.9928,29.531],[-94.9359,29.4604],[-94.8883,29.3706],[-95.0183,29.2595],[-95.1391,29.1678],[-95.1521,29.0792],[-95.2735,28.9639],[-95.3876,28.8984],[-95.6559,28.7446],[-95.7324,28.7117],[-95.8534,28.6403],[-96.0204,28.5868],[-96.1805,28.5019],[-96.2345,28.489],[-96.1323,28.5609],[-96.011,28.6319],[-96.115,28.6222],[-96.2753,28.6551],[-96.3734,28.657],[-96.3741,28.6311],[-96.4487,28.5945],[-96.526,28.6483],[-96.5597,28.6845],[-96.5757,28.7157],[-96.6085,28.7233],[-96.64,28.7088],[-96.5247,28.4887],[-96.4755,28.4792],[-96.4211,28.4573],[-96.4888,28.4061],[-96.5617,28.3671],[-96.6764,28.3413],[-96.7735,28.4216],[-96.7946,28.3209],[-96.8069,28.2202],[-96.8395,28.1944],[-96.8916,28.1576],[-96.9199,28.1854],[-96.9333,28.2243],[-96.9667,28.1896],[-97.0155,28.1635],[-97.096,28.1583],[-97.1565,28.1443],[-97.1551,28.1026],[-97.1413,28.0607],[-97.0343,28.0938],[-97.0731,27.9861],[-97.1714,27.8796],[-97.2516,27.8544],[-97.3741,27.87],[-97.4044,27.8593],[-97.4315,27.8372],[-97.2887,27.6706],[-97.3805,27.4193],[-97.4391,27.3283],[-97.4798,27.3166],[-97.5239,27.314],[-97.6821,27.3949],[-97.7685,27.4575],[-97.6924,27.2872],[-97.4851,27.2374],[-97.4745,27.1729],[-97.4757,27.1179],[-97.5165,27.0532],[-97.5547,26.9673],[-97.5265,26.9075],[-97.4938,26.7596],[-97.4658,26.6917],[-97.4351,26.4858],[-97.4023,26.3965],[-97.2139,26.0679],[-97.1504,26.0653],[-97.1402,26.0297],[-97.1462,25.9615],[-97.1645,25.7549],[-97.2249,25.5854],[-97.4241,25.2331],[-97.5071,25.0146],[-97.6677,24.39],[-97.717,23.9806],[-97.7286,23.7879],[-97.7427,23.7606],[-97.7274,23.7322],[-97.7659,23.3062],[-97.7452,22.9424],[-97.7583,22.886],[-97.8167,22.7763],[-97.8578,22.6245],[-97.8416,22.5571],[-97.8425,22.5103],[-97.7824,22.2793],[-97.7633,22.1059],[-97.5848,21.8085],[-97.4845,21.7048],[-97.3602,21.6149],[-97.3145,21.5642],[-97.3369,21.4379],[-97.3875,21.3739],[-97.4092,21.2726],[-97.4341,21.3565],[-97.4244,21.4653],[-97.3848,21.5238],[-97.3834,21.5667],[-97.4566,21.6124],[-97.5904,21.762],[-97.7538,22.0267],[-97.6375,21.6037],[-97.5976,21.5359],[-97.5666,21.5077],[-97.5146,21.478],[-97.5011,21.432],[-97.5006,21.398],[-97.3571,21.104],[-97.195,20.8001],[-97.1863,20.717],[-97.1214,20.615],[-96.7087,20.1883],[-96.4561,19.8698],[-96.3684,19.5672],[-96.3153,19.4729],[-96.2896,19.3438],[-96.124,19.1991],[-96.0734,19.1057],[-95.9847,19.0538],[-95.913,18.8972],[-95.7781,18.8055],[-95.8104,18.8039],[-95.9282,18.8501],[-95.9204,18.8196],[-95.8211,18.7546],[-95.6268,18.6906],[-95.5783,18.6904],[-95.6549,18.7237],[-95.7198,18.7684],[-95.6971,18.7749],[-95.5614,18.7191],[-95.1818,18.7007],[-95.0147,18.5706],[-94.7981,18.5146],[-94.6816,18.3485],[-94.5462,18.1749],[-94.4598,18.1667],[-94.3923,18.166],[-94.189,18.1953],[-93.8731,18.3044],[-93.7644,18.3579],[-93.5523,18.4305],[-93.2279,18.4438],[-93.1273,18.4234],[-92.8848,18.4687],[-92.7691,18.5241],[-92.729,18.5745],[-92.7101,18.6117],[-92.4853,18.6648],[-92.441,18.6753],[-92.2132,18.6849],[-92.1032,18.7044],[-91.9738,18.7159],[-91.8804,18.6378],[-91.8805,18.5997],[-91.9427,18.5634],[-91.9136,18.5285],[-91.803,18.4706],[-91.5997,18.4472],[-91.534,18.4565],[-91.4405,18.5418],[-91.2752,18.6245],[-91.2788,18.7207],[-91.3083,18.7733],[-91.3563,18.7766],[-91.3678,18.8061],[-91.3342,18.8768],[-91.3431,18.9006],[-91.4456,18.8328],[-91.4692,18.833],[-91.4579,18.8646],[-91.4367,18.8898],[-91.1359,19.0375],[-91.0589,19.0982],[-90.955,19.1517],[-90.7393,19.3522],[-90.6932,19.7299],[-90.6501,19.7959],[-90.5071,19.9119],[-90.4917,19.9468],[-90.4824,20.0257],[-90.4864,20.224],[-90.4783,20.38],[-90.4841,20.5563],[-90.4584,20.7137],[-90.4352,20.7575],[-90.3531,21.0094],[-90.1829,21.1209],[-89.8876,21.2526],[-89.8198,21.2746],[-88.8787,21.4141],[-88.7467,21.4481],[-88.5849,21.5387],[-88.4667,21.5694],[-88.251,21.5669],[-88.1848,21.579],[-88.1717,21.5915],[-88.1714,21.6035],[-88.1316,21.6159],[-88.0068,21.6041],[-87.7737,21.5495],[-87.6888,21.5358],[-87.4805,21.4725],[-87.2509,21.447],[-87.2179,21.458],[-87.1876,21.4773],[-87.1643,21.5142],[-87.1883,21.5464],[-87.2106,21.5439],[-87.2495,21.5266],[-87.2958,21.525],[-87.3867,21.5515],[-87.3685,21.5737],[-87.2757,21.5716],[-87.2165,21.5824],[-87.1285,21.6215],[-87.0348,21.5922],[-86.9117,21.4628],[-86.8241,21.4217],[-86.8171,21.2342],[-86.8039,21.2],[-86.7718,21.1505],[-86.8155,21.0052],[-86.8647,20.8851],[-86.9262,20.7865],[-87.0596,20.6313],[-87.2212,20.5073],[-87.4214,20.2314],[-87.4672,20.1021],[-87.4658,19.9985],[-87.4319,19.8985],[-87.4417,19.8615],[-87.4662,19.8242],[-87.5069,19.8275],[-87.5858,19.7795],[-87.6877,19.6371],[-87.6901,19.5937],[-87.6453,19.5539],[-87.5873,19.573],[-87.5117,19.5747],[-87.4694,19.5865],[-87.4248,19.5833],[-87.4347,19.5017],[-87.4827,19.4438],[-87.5129,19.4256],[-87.567,19.4157],[-87.6275,19.3827],[-87.6587,19.3523],[-87.6558,19.2579],[-87.6221,19.2505],[-87.5508,19.3209],[-87.5095,19.3175],[-87.5011,19.2878],[-87.5936,19.0464],[-87.653,18.7985],[-87.7335,18.655],[-87.7618,18.4461],[-87.8041,18.3571],[-87.8532,18.269],[-87.882,18.2739],[-87.9597,18.4409],[-88.0391,18.4839],[-88.0564,18.5245],[-88.0111,18.7269],[-88.0317,18.8389],[-88.0738,18.8345],[-88.1268,18.773],[-88.1968,18.7197],[-88.1953,18.6426],[-88.2757,18.5146],[-88.2957,18.4724],[-88.3493,18.3588],[-88.2957,18.3441],[-88.2473,18.3547],[-88.1303,18.3507],[-88.0853,18.2261],[-88.0972,18.1216],[-88.2075,17.8461],[-88.2214,17.7514],[-88.2717,17.6099],[-88.2035,17.5166],[-88.2672,17.3926],[-88.2888,17.3127],[-88.294,17.1921],[-88.2618,16.963],[-88.3134,16.6328],[-88.4045,16.4886],[-88.4611,16.4338],[-88.5623,16.2904],[-88.6952,16.2477],[-88.8791,16.0166],[-88.9117,15.956],[-88.894,15.8906],[-88.84,15.869],[-88.7983,15.8625],[-88.7086,15.8065],[-88.6034,15.7642],[-88.5362,15.8496],[-88.5716,15.9011],[-88.598,15.9273],[-88.5939,15.9503],[-88.2283,15.729],[-88.1311,15.701],[-88.0546,15.7648],[-88.0104,15.7862],[-87.907,15.8626],[-87.875,15.8793],[-87.7019,15.9106],[-87.6182,15.9099],[-87.545,15.8324],[-87.4869,15.7902],[-87.3775,15.8265],[-87.2859,15.8344],[-86.9072,15.7624],[-86.757,15.7942],[-86.4808,15.8011],[-86.3566,15.7832],[-86.1812,15.8852],[-86.0686,15.9057],[-85.9363,15.9534],[-85.9539,16.0022],[-85.9856,16.0242],[-85.784,16.0028],[-85.4837,15.8995],[-85.1637,15.9182],[-85.0482,15.974],[-84.9737,15.9899],[-84.6461,15.8836],[-84.5597,15.802],[-84.4923,15.7939],[-84.44,15.8126],[-84.426,15.8295],[-84.4904,15.8473],[-84.5196,15.8728],[-84.2614,15.8226],[-83.7755,15.4369],[-83.7653,15.4055],[-83.9728,15.5196],[-84.0828,15.5109],[-84.1113,15.4924],[-84.1052,15.4301],[-84.0951,15.4009],[-84.0479,15.3976],[-84.0132,15.4144],[-83.9274,15.394],[-83.8707,15.3527],[-83.8017,15.2893],[-83.7604,15.2204],[-83.7159,15.2192],[-83.6722,15.2607],[-83.5896,15.2658],[-83.5359,15.2194],[-83.4979,15.2221],[-83.5511,15.294],[-83.6761,15.3654],[-83.6464,15.3684],[-83.3692,15.24],[-83.2909,15.0789],[-83.2256,15.0423],[-83.1575,14.9931],[-83.1854,14.9564],[-83.2159,14.9324],[-83.2799,14.8128],[-83.302,14.8021],[-83.3063,14.8905],[-83.3444,14.9021],[-83.389,14.8707],[-83.4137,14.8253],[-83.3749,14.7661],[-83.3407,14.7653],[-83.2992,14.749],[-83.1877,14.3401],[-83.2117,14.2671],[-83.2808,14.1536],[-83.3466,14.057],[-83.4123,13.9965],[-83.4938,13.7388],[-83.5673,13.3203],[-83.5145,12.9439],[-83.5412,12.5963],[-83.518,12.5141],[-83.5109,12.4118],[-83.5652,12.3934],[-83.5959,12.3965],[-83.6272,12.4593],[-83.6237,12.5146],[-83.5912,12.5793],[-83.5781,12.6671],[-83.5934,12.7131],[-83.6253,12.6129],[-83.6816,12.5681],[-83.7184,12.5526],[-83.7542,12.502],[-83.7162,12.4067],[-83.6673,12.3371],[-83.6513,12.2871],[-83.6692,12.2275],[-83.6804,12.0243],[-83.6977,12.03],[-83.7156,12.0574],[-83.7672,12.0593],[-83.7733,11.9774],[-83.7693,11.9316],[-83.8132,11.8964],[-83.8289,11.861],[-83.793,11.8362],[-83.7534,11.8213],[-83.7046,11.8246],[-83.6643,11.7239],[-83.6518,11.642],[-83.745,11.5665],[-83.7766,11.504],[-83.8294,11.4282],[-83.8591,11.3537],[-83.8679,11.3],[-83.8318,11.1305],[-83.7679,11.0103],[-83.7141,10.9338],[-83.642,10.9172],[-83.6173,10.8775],[-83.5882,10.815],[-83.5753,10.7347],[-83.4482,10.4659],[-83.3468,10.3154],[-83.1246,10.0416],[-83.0285,9.9913],[-82.8663,9.7709],[-82.8103,9.7346],[-82.7784,9.6695],[-82.6102,9.616],[-82.5636,9.5767],[-82.5003,9.5232],[-82.3708,9.4286],[-82.3632,9.3819],[-82.3754,9.3373],[-82.3397,9.2092],[-82.2725,9.1906],[-82.2049,9.2154],[-82.1881,9.1917],[-82.2007,9.1681],[-82.2354,9.1417],[-82.2442,9.0315],[-82.1333,8.9801],[-82.0779,8.9349],[-81.8941,8.9561],[-81.8264,8.9441],[-81.7802,8.9572],[-81.8315,9.0456],[-81.9001,9.111],[-81.8945,9.1404],[-81.8424,9.1187],[-81.8026,9.0741],[-81.7122,9.0189],[-81.5456,8.827],[-81.3548,8.7806],[-81.2038,8.7867],[-81.0631,8.8126],[-80.8387,8.8872],[-80.6765,9.0219],[-80.5469,9.0819],[-80.1271,9.2099],[-79.978,9.3437],[-79.9151,9.3613],[-79.8551,9.3781],[-79.7231,9.4793],[-79.6522,9.5582],[-79.5773,9.5979],[-79.3555,9.5692],[-79.2116,9.5319],[-79.1123,9.5368],[-79.0167,9.5104],[-78.975,9.453],[-78.9316,9.4285],[-78.6969,9.4348],[-78.5043,9.4063],[-78.0828,9.2363],[-77.8308,9.0681],[-77.6972,8.8895],[-77.3742,8.6583],[-77.3441,8.6367],[-77.2616,8.4937],[-77.1301,8.4006],[-76.9923,8.2503],[-76.9358,8.1468],[-76.891,8.128],[-76.8519,8.0905],[-76.8691,8.0627],[-76.9122,8.0334],[-76.9247,7.9732],[-76.8966,7.9395],[-76.8669,7.918],[-76.7866,7.9316],[-76.7423,8.0021],[-76.7721,8.3105],[-76.8186,8.4647],[-76.8722,8.5127],[-76.9205,8.5737],[-76.888,8.6199],[-76.8022,8.6407],[-76.6894,8.6947],[-76.2769,8.9891],[-76.1355,9.2656],[-76.0272,9.3658],[-75.905,9.4309],[-75.7556,9.4156],[-75.6394,9.4504],[-75.6036,9.5385],[-75.6354,9.6578],[-75.68,9.7298],[-75.6371,9.8343],[-75.5927,9.9927],[-75.5959,10.1258],[-75.5386,10.2052],[-75.5584,10.2364],[-75.6422,10.1722],[-75.7083,10.1434],[-75.6709,10.1963],[-75.5537,10.3277],[-75.4928,10.5276],[-75.446,10.6109],[-75.2806,10.7272],[-75.2479,10.7833],[-75.123,10.8704],[-74.9216,11.0576],[-74.8446,11.1097],[-74.4542,10.9891],[-74.3302,10.9967],[-74.3524,10.9747],[-74.4096,10.9672],[-74.4923,10.9345],[-74.5163,10.8625],[-74.4603,10.7871],[-74.4009,10.7652],[-74.3502,10.8137],[-74.3,10.9522],[-74.2191,11.1053],[-74.2002,11.2657],[-74.1429,11.3209],[-74.0591,11.3406],[-73.9096,11.3089],[-73.7957,11.2757],[-73.6769,11.2715],[-73.3134,11.2958],[-72.7218,11.7122],[-72.4471,11.8017],[-72.275,11.8893],[-72.1652,12.0602],[-72.1357,12.1886],[-72.0551,12.2384],[-71.9701,12.2383],[-71.9313,12.2695],[-71.9191,12.3091],[-71.7146,12.42],[-71.5975,12.4344],[-71.494,12.4323],[-71.2621,12.3353],[-71.155,12.1642],[-71.1373,12.0463],[-71.2842,11.9183],[-71.3197,11.8619],[-71.3494,11.8149],[-71.4146,11.7552],[-71.4884,11.7188],[-71.8687,11.6273],[-71.9075,11.608],[-71.9569,11.5699],[-71.9572,11.4828],[-71.947,11.4145],[-71.8351,11.1903],[-71.7915,11.1351],[-71.6416,11.0135],[-71.6757,10.9967],[-71.7309,10.9947],[-71.6904,10.8355],[-71.5984,10.7262],[-71.5943,10.6574],[-71.6648,10.4437],[-71.7935,10.316],[-71.8848,10.1672],[-71.9557,10.1081],[-72.1128,9.8156],[-71.9933,9.6415],[-71.9763,9.5532],[-71.873,9.4276],[-71.8057,9.3864],[-71.7607,9.3357],[-71.7813,9.25],[-71.7401,9.1339],[-71.6867,9.0725],[-71.6195,9.0479],[-71.5366,9.0483],[-71.2979,9.1256],[-71.2414,9.1604],[-71.2054,9.2225],[-71.0858,9.3482],[-71.0784,9.5108],[-71.0527,9.7058],[-71.0817,9.8332],[-71.2072,10.0146],[-71.2622,10.1436],[-71.3866,10.2638],[-71.4628,10.4692],[-71.4942,10.5332],[-71.5179,10.6218],[-71.5446,10.7787],[-71.4611,10.8356],[-71.4695,10.9642],[-71.2644,10.9995],[-70.8205,11.2084],[-70.5456,11.2614],[-70.2325,11.373],[-70.16,11.4281],[-70.0971,11.5198],[-70.0485,11.5303],[-69.8854,11.4443],[-69.8048,11.4742],[-69.7729,11.5413],[-69.8173,11.6721],[-69.9109,11.6721],[-70.1926,11.6246],[-70.2201,11.6809],[-70.22,11.7301],[-70.2865,11.886],[-70.2451,12.0035],[-70.2028,12.0984],[-70.122,12.1366],[-70.004,12.1779],[-69.9144,12.1146],[-69.8601,12.0542],[-69.8306,11.9956],[-69.8105,11.8369],[-69.7624,11.676],[-69.7119,11.5642],[-69.6316,11.4799],[-69.5698,11.4854],[-69.5257,11.4995],[-69.2326,11.5185],[-69.0546,11.461],[-68.828,11.4317],[-68.6162,11.3094],[-68.3986,11.161],[-68.3432,11.0528],[-68.3248,10.9493],[-68.2721,10.88],[-68.3247,10.8087],[-68.2963,10.6894],[-68.2341,10.5691],[-68.1399,10.4927],[-67.8716,10.4721],[-67.5813,10.5237],[-67.1333,10.5704],[-66.9891,10.6106],[-66.2472,10.6322],[-66.1059,10.5746],[-66.0921,10.5171],[-66.0905,10.4729],[-65.8518,10.2578],[-65.6559,10.2285],[-65.4894,10.1594],[-65.3174,10.1224],[-65.1291,10.0701],[-65.0233,10.0767],[-64.944,10.095],[-64.8505,10.0981],[-64.1883,10.4578],[-63.8337,10.4485],[-63.7791,10.4719],[-63.7319,10.5034],[-63.8627,10.5582],[-64.1579,10.5792],[-64.2475,10.5426],[-64.2982,10.6352],[-64.202,10.6327],[-63.8734,10.6638],[-63.4968,10.6433],[-63.1899,10.7092],[-63.0355,10.7201],[-62.9467,10.7071],[-62.7023,10.7498],[-62.2423,10.6996],[-61.8795,10.741],[-61.9214,10.6814],[-62.0404,10.6454],[-62.2329,10.634],[-62.38,10.5469],[-62.6936,10.563],[-62.9136,10.5315],[-62.843,10.5072],[-62.843,10.4179],[-62.8129,10.3999],[-62.7812,10.3992],[-62.7063,10.3331],[-62.6858,10.2898],[-62.6616,10.1986],[-62.6947,10.1001],[-62.7406,10.0562],[-62.6512,10.0707],[-62.6005,10.1169],[-62.6079,10.1634],[-62.6005,10.2173],[-62.5503,10.2004],[-62.5151,10.1761],[-62.4009,9.9184],[-62.3204,9.7831],[-62.2998,9.7882],[-62.2807,9.793],[-62.2567,9.8189],[-62.2211,9.8826],[-62.1904,9.8422],[-62.172,9.8267],[-62.1534,9.8218],[-62.1703,9.8795],[-62.1475,9.9534],[-62.1553,9.9792],[-62.1196,9.9849],[-62.0771,9.975],[-62.0165,9.9547],[-61.9086,9.8699],[-61.8373,9.7821],[-61.8312,9.7331],[-61.8054,9.7055],[-61.7587,9.6765],[-61.7359,9.6312],[-61.7317,9.7025],[-61.7592,9.7544],[-61.7659,9.8138],[-61.6254,9.8165],[-61.5889,9.8945],[-61.5123,9.8475],[-61.3094,9.6331],[-61.2344,9.5976],[-61.0134,9.5564],[-60.8741,9.4533],[-60.7925,9.3607],[-60.841,9.2637],[-60.971,9.2152],[-61.0231,9.1546],[-61.0531,9.0951],[-61.0536,9.0353],[-61.093,8.9658],[-61.0988,8.9413],[-61.1224,8.8434],[-61.1759,8.7254],[-61.2473,8.6003],[-61.6187,8.5975],[-61.5269,8.5461],[-61.4426,8.5087],[-61.304,8.4104],[-61.1938,8.4876],[-61.036,8.4931],[-60.8652,8.5788],[-60.801,8.5921],[-60.4815,8.5473],[-60.4045,8.6103],[-60.3402,8.6288],[-60.1675,8.617],[-60.0175,8.5493],[-59.9806,8.5326],[-59.8365,8.3738],[-59.7567,8.3395],[-59.7399,8.3387],[-59.7393,8.38],[-59.6661,8.3626],[-59.4769,8.254],[-59.2002,8.0746],[-58.8116,7.7356],[-58.7011,7.6066],[-58.6266,7.5459],[-58.5111,7.398],[-58.4773,7.3258],[-58.4806,7.0381],[-58.5829,6.8437],[-58.6079,6.6973],[-58.6135,6.5025],[-58.6729,6.3908],[-58.594,6.4515],[-58.5695,6.6272],[-58.5023,6.734],[-58.415,6.8512],[-58.2984,6.8793],[-58.1729,6.8294],[-58.0718,6.8206],[-57.9826,6.7859],[-57.7929,6.5985],[-57.6076,6.4504],[-57.5401,6.3315],[-57.3437,6.2721],[-57.2275,6.1784],[-57.1902,6.0973],[-57.1672,5.885],[-57.2053,5.5646],[-57.1948,5.5484],[-57.1821,5.5289],[-57.1408,5.6438],[-57.136,5.7372],[-57.1046,5.8294],[-57.0566,5.9387],[-56.9698,5.9929],[-56.466,5.9377],[-56.2356,5.8854],[-55.9396,5.7955],[-55.8976,5.6993],[-55.8955,5.7955],[-55.9099,5.8926],[-55.8282,5.9617],[-55.6483,5.9859],[-55.3793,5.9526],[-55.1483,5.9935],[-54.8337,5.9883],[-54.3562,5.9099],[-54.1423,5.8563],[-54.0542,5.8079],[-54.0374,5.7205],[-54.0459,5.6089],[-54.0805,5.5022],[-54.156,5.359],[-54.0853,5.4118],[-53.9896,5.676],[-53.9199,5.769],[-53.8472,5.7822],[-53.4544,5.5635],[-53.2704,5.5433],[-52.8993,5.425],[-52.765,5.2735],[-52.454,5.0213],[-52.2905,4.9422],[-52.2889,4.8761],[-52.3246,4.7709],[-52.22,4.8628],[-52.0581,4.7174],[-52.0123,4.646],[-51.9619,4.5144],[-51.9793,4.4299],[-52.0017,4.3862],[-52.0029,4.3523],[-51.9548,4.3991],[-51.9277,4.4361],[-51.9196,4.5243],[-51.8803,4.6337],[-51.8275,4.6357],[-51.7856,4.5705],[-51.6986,4.2868],[-51.6658,4.2288],[-51.6533,4.1388],[-51.6581,4.0985],[-51.6525,4.0613],[-51.5578,4.2338],[-51.5471,4.3109],[-51.4615,4.3138],[-51.3271,4.2248],[-51.2199,4.0936],[-51.0763,3.6717],[-51.0524,3.2818],[-50.9941,3.0775],[-50.8272,2.6519],[-50.8165,2.573],[-50.7897,2.4778],[-50.737,2.3768],[-50.6788,2.2104],[-50.6766,2.1794],[-50.7144,2.134],[-50.6589,2.131],[-50.6087,2.1041],[-50.5759,1.9986],[-50.5344,1.9272],[-50.4589,1.8296],[-50.3043,1.7977],[-50.1876,1.786],[-50.0547,1.7307],[-49.9571,1.6599],[-49.8816,1.4199],[-49.9062,1.269],[-49.8989,1.163],[-49.9379,1.1214],[-50.0472,1.052],[-50.071,1.0151],[-50.2944,0.8357],[-50.3433,0.751],[-50.463,0.6373],[-50.5815,0.4205],[-50.7551,0.2226],[-50.8164,0.1726],[-50.9102,0.161],[-50.9671,0.1303],[-51.102,-0.0312],[-51.2829,-0.0852],[-51.2996,-0.1788],[-51.4042,-0.3927],[-51.4963,-0.5095],[-51.555,-0.5491],[-51.7026,-0.7623],[-51.7215,-0.8555],[-51.7206,-1.0185],[-51.8191,-1.1178],[-51.9216,-1.1809],[-51.9345,-1.3203],[-51.9808,-1.368],[-52.0205,-1.399],[-52.2292,-1.3625],[-52.5534,-1.5141],[-52.6642,-1.5518],[-52.3103,-1.5596],[-52.1967,-1.6401],[-51.9476,-1.5867],[-51.6463,-1.3943],[-51.5312,-1.3541],[-51.2974,-1.2235],[-51.2023,-1.1365],[-51.029,-1.0321],[-50.992,-0.9863],[-50.8949,-0.9376],[-50.8423,-0.9996],[-50.8382,-1.0389],[-50.9179,-1.1152],[-50.8972,-1.1645],[-50.8446,-1.2263],[-50.8255,-1.3114],[-50.8187,-1.3763],[-50.7861,-1.4899],[-50.679,-1.6438],[-50.6753,-1.6947],[-50.69,-1.7617],[-50.6388,-1.8171],[-50.5856,-1.8499],[-50.4032,-2.0155],[-50.2604,-1.9229],[-50.1727,-1.8962],[-50.1166,-1.8575],[-49.9992,-1.8318],[-49.903,-1.8706],[-49.7195,-1.9264],[-49.5854,-1.8672],[-49.3137,-1.7317],[-49.3986,-1.9716],[-49.4602,-2.1915],[-49.507,-2.2803],[-49.5534,-2.5199],[-49.5993,-2.5839],[-49.6365,-2.6569],[-49.5759,-2.6314],[-49.5239,-2.5969],[-49.4575,-2.5046],[-49.4077,-2.3443],[-49.211,-1.9165],[-49.1548,-1.8785],[-48.9913,-1.8298],[-48.71,-1.4877],[-48.6,-1.4888],[-48.5296,-1.5675],[-48.4629,-1.614],[-48.4459,-1.5204],[-48.3498,-1.4821],[-48.4515,-1.4358],[-48.4681,-1.3938],[-48.4777,-1.3238],[-48.4086,-1.2292],[-48.4498,-1.1455],[-48.3065,-1.0398],[-48.3176,-0.9605],[-48.2665,-0.8951],[-48.2018,-0.8279],[-48.1285,-0.7952],[-48.1151,-0.7375],[-48.0688,-0.7137],[-48.0326,-0.7051],[-47.9609,-0.7696],[-47.8834,-0.6934],[-47.8077,-0.6635],[-47.7737,-0.6768],[-47.7315,-0.7104],[-47.6871,-0.7248],[-47.6511,-0.7188],[-47.5573,-0.6699],[-47.4707,-0.7485],[-47.4187,-0.7659],[-47.4329,-0.7219],[-47.4604,-0.681],[-47.4391,-0.6477],[-47.3981,-0.6267],[-47.2686,-0.6454],[-47.2005,-0.6805],[-47.1269,-0.7454],[-47.0246,-0.7502],[-46.9443,-0.7434],[-46.8937,-0.7799],[-46.8112,-0.7797],[-46.7699,-0.8365],[-46.6444,-0.9164],[-46.6172,-0.9706],[-46.5163,-0.9969],[-46.4217,-1.0301],[-46.3209,-1.0392],[-46.2191,-1.0312],[-46.215,-1.0998],[-46.1404,-1.1184],[-46.0446,-1.103],[-45.9723,-1.1874],[-45.7788,-1.2508],[-45.6448,-1.3479],[-45.5569,-1.3307],[-45.4586,-1.3562],[-45.353,-1.5674],[-45.3291,-1.7173],[-45.2821,-1.6966],[-45.2386,-1.6295],[-45.1821,-1.507],[-45.0764,-1.4664],[-45.0258,-1.5135],[-44.9198,-1.5889],[-44.8284,-1.6717],[-44.7898,-1.7248],[-44.7211,-1.7335],[-44.7785,-1.7988],[-44.7209,-1.7923],[-44.6513,-1.7458],[-44.5917,-1.8418],[-44.5468,-1.9463],[-44.5378,-2.0527],[-44.58,-2.1139],[-44.6173,-2.1521],[-44.6586,-2.2275],[-44.7075,-2.2411],[-44.7563,-2.2655],[-44.7006,-2.3204],[-44.6624,-2.3732],[-44.579,-2.2305],[-44.5204,-2.1903],[-44.4354,-2.1681],[-44.3913,-2.2696],[-44.3818,-2.3655],[-44.5201,-2.4055],[-44.5207,-2.4813],[-44.562,-2.5242],[-44.589,-2.5734],[-44.6108,-2.6769],[-44.639,-2.7625],[-44.7214,-3.1423],[-44.723,-3.2048],[-44.6227,-3.1379],[-44.4375,-2.9444],[-44.3812,-2.7384],[-44.3082,-2.5352],[-44.2286,-2.4713],[-44.1794,-2.4712],[-44.1056,-2.4935],[-44.1014,-2.5601],[-44.1126,-2.5985],[-44.1916,-2.6996],[-44.2252,-2.755],[-44.1927,-2.8096],[-44.0132,-2.6422],[-43.9329,-2.5835],[-43.8645,-2.5954],[-43.7286,-2.5182],[-43.4551,-2.5021],[-43.4346,-2.4137],[-43.3801,-2.3761],[-43.2297,-2.386],[-42.9367,-2.465],[-42.8323,-2.5296],[-42.6759,-2.5896],[-42.5936,-2.661],[-42.2496,-2.792],[-41.9999,-2.8061],[-41.8762,-2.7466],[-41.7219,-2.8089],[-41.6401,-2.8786],[-41.4799,-2.9165],[-41.3182,-2.9362],[-41.1945,-2.8861],[-40.8756,-2.8696],[-40.4746,-2.7956],[-40.2354,-2.8132],[-39.9647,-2.8615],[-39.7718,-2.9858],[-39.6094,-3.0562],[-39.5112,-3.1256],[-39.3527,-3.1974],[-39.0144,-3.3902],[-38.896,-3.5018],[-38.6862,-3.6537],[-38.4758,-3.7175],[-38.3619,-3.8765],[-38.2719,-3.948],[-38.0488,-4.2164],[-37.7957,-4.4043],[-37.6263,-4.5921],[-37.3015,-4.7131],[-37.1747,-4.9124],[-36.9549,-4.9367],[-36.8611,-4.9666],[-36.7474,-5.0507],[-36.5907,-5.0976],[-36.3867,-5.0843],[-36.1618,-5.0938],[-35.9799,-5.0544],[-35.5494,-5.1294],[-35.4817,-5.166],[-35.3926,-5.2509],[-35.2354,-5.5667],[-35.1417,-5.9172],[-35.0955,-6.1854],[-34.9882,-6.3937],[-34.9296,-6.7851],[-34.8799,-6.9082],[-34.876,-7.0029],[-34.8339,-7.0244],[-34.8055,-7.2884],[-34.8166,-7.3948],[-34.8578,-7.5333],[-34.8608,-7.595],[-34.8548,-7.6343],[-34.873,-7.6921],[-34.8786,-7.7475],[-34.8369,-7.8718],[-34.8347,-7.9715],[-34.8905,-8.0922],[-34.9667,-8.4076],[-35.1578,-8.9306],[-35.3409,-9.2307],[-35.5971,-9.5406],[-35.764,-9.7025],[-35.8301,-9.719],[-35.8908,-9.687],[-35.8478,-9.7725],[-35.8854,-9.8477],[-36.055,-10.0758],[-36.2235,-10.2251],[-36.3983,-10.4841],[-36.4116,-10.4899],[-36.6357,-10.5899],[-36.7683,-10.6717],[-36.9378,-10.8204],[-37.0934,-11.0548],[-37.1255,-11.085],[-37.1828,-11.0685],[-37.1812,-11.1875],[-37.3151,-11.376],[-37.356,-11.4039],[-37.3549,-11.3505],[-37.3316,-11.3099],[-37.3208,-11.2666],[-37.3218,-11.2151],[-37.3592,-11.2525],[-37.4385,-11.3938],[-37.4118,-11.4973],[-37.4693,-11.6536],[-37.6887,-12.1],[-37.9573,-12.4755],[-38.0192,-12.5913],[-38.2397,-12.8442],[-38.4018,-12.9662],[-38.4473,-12.9671],[-38.4989,-12.9566],[-38.5249,-12.7623],[-38.654,-12.6446],[-38.691,-12.6239],[-38.7439,-12.7485],[-38.788,-12.7827],[-38.8518,-12.7901],[-38.7836,-12.8444],[-38.7637,-12.9072],[-38.8332,-13.0329],[-38.8353,-13.1472],[-38.9592,-13.273],[-39.0309,-13.3651],[-39.0674,-13.4805],[-39.0894,-13.5882],[-39.0349,-13.5588],[-39.0091,-13.5814],[-38.9886,-13.615],[-39.0012,-13.6646],[-39.0411,-13.7581],[-39.0349,-13.991],[-39.0481,-14.0439],[-39.0085,-14.1012],[-38.9665,-14.0034],[-38.9423,-14.0307],[-39.0596,-14.6548],[-39.0134,-14.9356],[-38.9962,-15.2538],[-38.9432,-15.5644],[-38.8853,-15.842],[-38.8806,-15.8643],[-38.9608,-16.1865],[-39.0632,-16.5044],[-39.125,-16.7636],[-39.164,-17.0436],[-39.2029,-17.1781],[-39.2152,-17.3158],[-39.1706,-17.6421],[-39.154,-17.7039],[-39.2784,-17.8494],[-39.4126,-17.92],[-39.4868,-17.9901],[-39.6508,-18.2523],[-39.7398,-18.6398],[-39.7419,-18.846],[-39.6999,-19.2778],[-39.7314,-19.4539],[-39.7833,-19.5718],[-39.8447,-19.6491],[-40.0014,-19.742],[-40.1417,-19.9683],[-40.2027,-20.2061],[-40.2989,-20.2927],[-40.3186,-20.4258],[-40.3959,-20.5694],[-40.5966,-20.7838],[-40.7271,-20.8462],[-40.7893,-20.9061],[-40.8288,-21.0313],[-40.9545,-21.2379],[-41.0473,-21.5057],[-41.0231,-21.5969],[-41.0216,-21.6108],[-40.9878,-21.9203],[-41.0003,-21.999],[-41.1225,-22.0844],[-41.5829,-22.2437],[-41.7055,-22.3097],[-41.9804,-22.5807],[-41.9976,-22.6446],[-41.9861,-22.7358],[-41.9409,-22.7883],[-41.9875,-22.8451],[-42.0424,-22.9471],[-42.1225,-22.9408],[-42.5811,-22.941],[-42.8293,-22.9733],[-42.9583,-22.9671],[-43.0162,-22.9426],[-43.0812,-22.9025],[-43.1007,-22.8501],[-43.0654,-22.7707],[-43.0863,-22.7233],[-43.1543,-22.7252],[-43.229,-22.7477],[-43.2419,-22.7951],[-43.2366,-22.8288],[-43.2088,-22.8781],[-43.1936,-22.9386],[-43.2242,-22.9912],[-43.3695,-22.998],[-43.5328,-23.0464],[-43.7365,-23.0666],[-43.8988,-23.1015],[-43.9738,-23.0573],[-43.8988,-23.0353],[-43.7914,-23.046],[-43.676,-23.0095],[-43.7029,-22.9663],[-43.8662,-22.9105],[-44.0475,-22.9447],[-44.148,-23.011],[-44.3679,-23.005],[-44.6373,-23.0555],[-44.6812,-23.1069],[-44.6738,-23.2066],[-44.6211,-23.2285],[-44.5697,-23.274],[-44.6191,-23.3164],[-44.6672,-23.3352],[-44.9517,-23.3814],[-45.2154,-23.5756],[-45.3254,-23.5997],[-45.4233,-23.6854],[-45.4334,-23.7585],[-45.4643,-23.8025],[-45.5271,-23.8048],[-45.6646,-23.7648],[-45.8432,-23.7637],[-45.9721,-23.7955],[-46.6308,-24.1104],[-46.8673,-24.2363],[-47.1372,-24.4932],[-47.5922,-24.7811],[-47.8312,-24.9529],[-47.8766,-24.9975],[-47.9143,-24.9999],[-47.9892,-25.0357],[-47.9594,-25.0654],[-47.9083,-25.0682],[-47.9294,-25.1683],[-48.0244,-25.2367],[-48.2027,-25.4165],[-48.2424,-25.4033],[-48.1859,-25.3099],[-48.2735,-25.3063],[-48.4025,-25.2721],[-48.4585,-25.3107],[-48.4276,-25.4033],[-48.4761,-25.443],[-48.5642,-25.4475],[-48.644,-25.4365],[-48.7317,-25.3687],[-48.6922,-25.4915],[-48.507,-25.5213],[-48.4299,-25.5502],[-48.4012,-25.5974],[-48.5452,-25.8159],[-48.6658,-25.8443],[-48.679,-25.8752],[-48.6128,-25.875],[-48.5763,-25.9354],[-48.6194,-26.1794],[-48.679,-26.2258],[-48.7138,-26.227],[-48.7483,-26.2687],[-48.7007,-26.3483],[-48.6516,-26.4064],[-48.6582,-26.5191],[-48.6765,-26.6124],[-48.6777,-26.7029],[-48.6157,-26.8781],[-48.5934,-27.058],[-48.5684,-27.1234],[-48.5541,-27.196],[-48.5955,-27.2639],[-48.572,-27.3728],[-48.6426,-27.5579],[-48.6057,-27.8252],[-48.6208,-28.0756],[-48.6484,-28.2072],[-48.6932,-28.3102],[-48.7973,-28.4427],[-48.7997,-28.5753],[-49.0236,-28.6986],[-49.2713,-28.8712],[-49.4999,-29.0754],[-49.746,-29.3632],[-50.0333,-29.801],[-50.2995,-30.4258],[-50.62,-30.8977],[-50.7481,-31.0681],[-50.9214,-31.2584],[-51.1518,-31.4804],[-51.4604,-31.7024],[-51.7981,-31.9003],[-51.9202,-31.9896],[-52.0392,-32.1148],[-52.0689,-32.0631],[-52.0432,-31.9775],[-52.0596,-31.9135],[-52.0632,-31.8304],[-51.9951,-31.815],[-51.8932,-31.8678],[-51.8412,-31.832],[-51.8034,-31.7967],[-51.6807,-31.7746],[-51.4462,-31.5573],[-51.2722,-31.477],[-51.1743,-31.3397],[-51.1575,-31.2668],[-51.1614,-31.1188],[-51.106,-31.0813],[-50.9801,-31.0942],[-50.9544,-31.0521],[-50.9653,-31.0055],[-50.9408,-30.9037],[-50.7702,-30.8134],[-50.6893,-30.7042],[-50.7163,-30.426],[-50.6851,-30.4135],[-50.6148,-30.4568],[-50.5819,-30.4389],[-50.5465,-30.3169],[-50.5635,-30.2536],[-50.6462,-30.2368],[-50.9319,-30.3743],[-51.025,-30.3687],[-51.0404,-30.2606],[-51.1793,-30.211],[-51.2336,-30.1214],[-51.2499,-30.06],[-51.298,-30.0349],[-51.295,-30.141],[-51.2818,-30.2441],[-51.1573,-30.3643],[-51.1875,-30.4119],[-51.2466,-30.4676],[-51.2877,-30.5912],[-51.2831,-30.7516],[-51.3164,-30.7027],[-51.3591,-30.6745],[-51.3765,-30.8469],[-51.4591,-30.9128],[-51.4853,-30.9775],[-51.4637,-31.0526],[-51.5063,-31.1045],[-51.7169,-31.2437],[-51.9268,-31.3389],[-51.9725,-31.3838],[-51.9949,-31.4899],[-52.027,-31.599],[-52.1198,-31.6949],[-52.1936,-31.8855],[-52.1916,-31.9676],[-52.1671,-32.0885],[-52.1274,-32.1678],[-52.1902,-32.2208],[-52.2746,-32.3237],[-52.3417,-32.4397],[-52.5085,-32.8753],[-52.6522,-33.1378],[-52.7629,-33.2664],[-52.9209,-33.402],[-53.3706,-33.7422],[-53.4196,-33.7792],[-53.4725,-33.8493],[-53.5345,-34.0175],[-53.7429,-34.2495],[-53.7853,-34.3804],[-54.0103,-34.517],[-54.1686,-34.6707],[-54.2721,-34.6669],[-54.3653,-34.7327],[-54.9023,-34.9328],[-55.0951,-34.8951],[-55.2379,-34.8958],[-55.3706,-34.8076],[-55.6731,-34.7757],[-55.8629,-34.8109],[-56.1179,-34.9079],[-56.1946,-34.9064],[-56.25,-34.9013],[-56.3878,-34.861],[-56.4631,-34.7754],[-56.8552,-34.6767],[-57.1707,-34.4523],[-57.5435,-34.448],[-57.8291,-34.4773],[-57.8732,-34.4477],[-57.9021,-34.3901],[-57.9612,-34.3069],[-58.207,-34.1091],[-58.4002,-33.9124],[-58.4381,-33.7191],[-58.4113,-33.5089],[-58.3534,-33.2601],[-58.3635,-33.1823],[-58.2922,-33.138],[-58.2216,-33.1291],[-58.1536,-33.0646],[-58.0927,-32.9674],[-58.0823,-32.8937],[-58.1296,-32.7572],[-58.1622,-32.5665],[-58.2012,-32.4717],[-58.22,-32.564],[-58.171,-32.9593],[-58.2008,-33.0146],[-58.2504,-33.0783],[-58.3089,-33.0829],[-58.376,-33.0719],[-58.4245,-33.1115],[-58.4548,-33.2859],[-58.5472,-33.6635],[-58.5306,-33.753],[-58.4566,-33.8983],[-58.4295,-33.9909],[-58.409,-34.0607],[-58.3925,-34.193],[-58.4355,-34.2525],[-58.4752,-34.263],[-58.5255,-34.2962],[-58.4662,-34.4574],[-58.4189,-34.5316],[-58.2833,-34.6835],[-57.7636,-34.8945],[-57.5479,-35.0189],[-57.3037,-35.1885],[-57.1707,-35.3625],[-57.1589,-35.506],[-57.3539,-35.7203],[-57.3755,-35.9003],[-57.3354,-36.0268],[-57.265,-36.1441],[-57.0762,-36.2968],[-56.9372,-36.3525],[-56.7495,-36.3465],[-56.7174,-36.3891],[-56.6981,-36.4265],[-56.6683,-36.7353],[-56.672,-36.8513],[-56.7271,-36.9577],[-57.0877,-37.4464],[-57.3958,-37.7446],[-57.5073,-37.9093],[-57.547,-38.0856],[-57.6456,-38.1696],[-58.1792,-38.4358],[-59.0072,-38.6733],[-59.6763,-38.7967],[-59.8283,-38.8382],[-60.904,-38.9739],[-61.1122,-38.993],[-61.3829,-38.9809],[-61.6025,-38.9988],[-61.8479,-38.9618],[-62.0669,-38.9191],[-62.1893,-38.8133],[-62.3348,-38.8001],[-62.3745,-38.8529],[-62.3036,-38.9881],[-62.3381,-39.1506],[-62.2951,-39.2433],[-62.2091,-39.2618],[-62.1265,-39.3098],[-62.0537,-39.3738],[-62.1793,-39.3805],[-62.1306,-39.4315],[-62.0768,-39.4615],[-62.0828,-39.5684],[-62.1315,-39.8254],[-62.254,-39.8805],[-62.2869,-39.8953],[-62.324,-39.9507],[-62.4019,-40.1966],[-62.427,-40.356],[-62.3936,-40.4588],[-62.2463,-40.6746],[-62.3019,-40.8146],[-62.395,-40.8908],[-62.798,-41.0472],[-62.959,-41.1097],[-63.2128,-41.1524],[-63.6218,-41.1598],[-63.773,-41.15],[-64.1232,-41.0078],[-64.3834,-40.9225],[-64.6215,-40.8545],[-64.853,-40.8138],[-64.8199,-40.7933],[-64.8044,-40.7565],[-64.8695,-40.7358],[-64.9169,-40.7313],[-65.0694,-40.8053],[-65.1334,-40.8807],[-65.1519,-40.947],[-65.155,-41.1057],[-65.1279,-41.2388],[-65.0183,-41.5669],[-65.007,-41.7451],[-65.0591,-41.9699],[-64.9864,-42.1021],[-64.898,-42.1618],[-64.6995,-42.2208],[-64.6225,-42.261],[-64.5377,-42.2546],[-64.5117,-42.2702],[-64.5242,-42.2992],[-64.5741,-42.356],[-64.571,-42.416],[-64.4204,-42.4338],[-64.2646,-42.4217],[-64.1009,-42.3951],[-64.0622,-42.3534],[-64.0612,-42.2661],[-64.2529,-42.2508],[-64.2285,-42.2183],[-64.0833,-42.1828],[-63.8929,-42.1246],[-63.7956,-42.1139],[-63.7295,-42.1529],[-63.6848,-42.1887],[-63.6299,-42.2827],[-63.5959,-42.4065],[-63.5944,-42.5556],[-63.6173,-42.6958],[-63.6445,-42.7457],[-63.6925,-42.8053],[-64.0348,-42.8813],[-64.1307,-42.8614],[-64.2199,-42.7556],[-64.2479,-42.6461],[-64.3243,-42.5723],[-64.4878,-42.5135],[-64.6505,-42.5314],[-64.812,-42.6332],[-64.9707,-42.6663],[-65.0269,-42.7589],[-64.6292,-42.909],[-64.4416,-42.9507],[-64.3804,-42.9492],[-64.3191,-42.9689],[-64.3757,-43.0246],[-64.4322,-43.0592],[-64.7152,-43.1355],[-64.8399,-43.1889],[-64.9855,-43.2936],[-65.1897,-43.5221],[-65.2523,-43.5719],[-65.2836,-43.63],[-65.3047,-43.7875],[-65.2386,-44.0487],[-65.3084,-44.1582],[-65.2655,-44.2797],[-65.2898,-44.3607],[-65.3613,-44.4773],[-65.6476,-44.6614],[-65.6983,-44.7962],[-65.5991,-44.8756],[-65.6057,-44.945],[-65.6388,-45.0078],[-65.7577,-45.0071],[-66.1901,-44.9647],[-66.3478,-45.0336],[-66.4936,-45.1176],[-66.5334,-45.1578],[-66.5851,-45.1829],[-66.8825,-45.2276],[-66.9414,-45.2573],[-67.2576,-45.5772],[-67.393,-45.7756],[-67.5566,-45.9701],[-67.5996,-46.0525],[-67.6089,-46.1668],[-67.5861,-46.2695],[-67.5634,-46.3454],[-67.5064,-46.4428],[-67.3866,-46.5538],[-66.7769,-47.0059],[-66.6504,-47.0453],[-65.9985,-47.0938],[-65.8537,-47.1567],[-65.7691,-47.2567],[-65.7381,-47.3449],[-65.7754,-47.5684],[-65.8143,-47.6382],[-65.8863,-47.7016],[-66.0406,-47.7833],[-66.2252,-47.8268],[-66.1724,-47.8576],[-66.0974,-47.8532],[-65.9342,-47.8268],[-65.8637,-47.8532],[-65.8101,-47.9411],[-65.9122,-47.9768],[-65.9434,-48.0193],[-66.0172,-48.0843],[-66.3934,-48.3424],[-66.5963,-48.4195],[-66.7828,-48.5229],[-67.0331,-48.6277],[-67.131,-48.6879],[-67.2633,-48.8143],[-67.4663,-48.9518],[-67.6849,-49.2467],[-67.6937,-49.304],[-67.662,-49.3422],[-67.7835,-49.8589],[-67.826,-49.9196],[-67.914,-49.9845],[-68.1457,-50.0914],[-68.2572,-50.1046],[-68.4046,-50.0427],[-68.4879,-49.9779],[-68.5693,-49.867],[-68.6676,-49.7525],[-68.6727,-49.7935],[-68.6385,-49.863],[-68.6616,-49.9357],[-68.913,-49.9688],[-68.9796,-50.003],[-68.7527,-49.9877],[-68.5979,-50.0095],[-68.5326,-50.0361],[-68.4737,-50.0914],[-68.4219,-50.1579],[-68.4654,-50.1947],[-68.5894,-50.2252],[-68.7499,-50.2812],[-68.9395,-50.3823],[-69.0448,-50.4991],[-69.0902,-50.5831],[-69.1414,-50.7525],[-69.155,-50.8645],[-69.2352,-50.9506],[-69.3586,-51.0281],[-69.3518,-51.0458],[-69.268,-51.0062],[-69.201,-50.9937],[-69.1435,-51.097],[-69.0657,-51.3035],[-69.0296,-51.4465],[-69.0353,-51.489],[-69.0583,-51.5472],[-69.2181,-51.5612],[-69.3605,-51.5595],[-69.4654,-51.5845],[-69.4091,-51.6103],[-69.313,-51.6011],[-69.1801,-51.6623],[-69.0325,-51.6362],[-68.9653,-51.6771],[-68.9168,-51.7146],[-68.6908,-52.0131],[-68.4935,-52.1976],[-68.3937,-52.307],[-68.4434,-52.3566],[-69.0072,-52.2627],[-69.1338,-52.2114],[-69.241,-52.2055],[-69.4469,-52.2694],[-69.5606,-52.4216],[-69.6203,-52.4647],[-69.7633,-52.5056],[-69.9072,-52.5136],[-70.391,-52.6608],[-70.5629,-52.6734],[-70.6803,-52.7125],[-70.7951,-52.7687],[-70.8391,-52.8896],[-70.8212,-52.9631],[-70.9521,-53.227],[-70.9843,-53.3736],[-70.9851,-53.4483],[-70.9478,-53.5704],[-70.9959,-53.7793],[-71.0828,-53.825],[-71.2978,-53.8834],[-71.4439,-53.8409],[-71.6938,-53.8031],[-71.8719,-53.7227],[-72.1009,-53.6658],[-72.1744,-53.6323],[-72.3768,-53.4712],[-72.3982,-53.4178],[-72.4129,-53.3502],[-72.3061,-53.2537],[-72.2486,-53.2467],[-72.0812,-53.2496],[-71.9417,-53.2341],[-71.8527,-53.2857],[-71.8282,-53.3983],[-71.8673,-53.4584],[-71.9028,-53.4955],[-71.8917,-53.5235],[-71.7915,-53.4846],[-71.7405,-53.2326],[-71.4003,-53.107],[-71.289,-53.0337],[-71.1802,-52.9205],[-71.1633,-52.8881],[-71.1551,-52.8456],[-71.2271,-52.8106],[-71.3877,-52.7643],[-71.898,-53.0018],[-72.1291,-53.0644],[-72.278,-53.1323],[-72.4583,-53.2545],[-72.4926,-53.2906],[-72.5308,-53.3717],[-72.5489,-53.4607],[-72.7268,-53.42],[-72.9984,-53.2907],[-73.0527,-53.2435],[-72.9982,-53.1772],[-72.9155,-53.122],[-72.9099,-52.9365],[-72.8892,-52.8716],[-72.8319,-52.8195],[-72.7277,-52.7623],[-72.676,-52.749],[-72.6321,-52.7738],[-72.6266,-52.8176],[-72.4535,-52.8145],[-72.1176,-52.65],[-71.9793,-52.6461],[-71.7971,-52.6828],[-71.5912,-52.6607],[-71.5542,-52.6439],[-71.5113,-52.6054],[-71.6647,-52.5601],[-71.8119,-52.537],[-72.2257,-52.521],[-72.3154,-52.5386],[-72.4377,-52.6258],[-72.4783,-52.604],[-72.5044,-52.5601],[-72.6448,-52.5291],[-72.7121,-52.5355],[-72.7766,-52.5774],[-72.766,-52.6426],[-72.8019,-52.7124],[-72.9319,-52.7816],[-73.0203,-52.8918],[-73.0161,-52.9774],[-73.023,-53.0221],[-73.0555,-53.0456],[-73.1225,-53.0739],[-73.3382,-53.0547],[-73.4599,-52.9648],[-73.5075,-52.9035],[-73.6452,-52.837],[-73.3459,-52.7543],[-73.2408,-52.7071],[-73.1448,-52.602],[-73.0732,-52.5351],[-73.1239,-52.488],[-73.1838,-52.4879],[-73.1782,-52.5627],[-73.2441,-52.624],[-73.3821,-52.5951],[-73.5857,-52.6857],[-73.7108,-52.6615],[-73.9147,-52.6882],[-74.0145,-52.6394],[-74.0358,-52.5772],[-73.9999,-52.5126],[-74.0374,-52.4029],[-74.0935,-52.3763],[-74.1508,-52.3825],[-74.1766,-52.3172],[-74.2385,-52.2023],[-74.266,-52.1713],[-74.2957,-52.1179],[-74.2649,-52.1049],[-74.1949,-52.1202],[-74.1335,-52.1548],[-74.0402,-52.1592],[-73.8345,-52.234],[-73.7491,-52.216],[-73.7028,-52.1988],[-73.6854,-52.1367],[-73.6843,-52.0777],[-73.649,-52.0777],[-73.5322,-52.1531],[-73.458,-52.146],[-73.3268,-52.1659],[-73.2604,-52.1578],[-73.1374,-52.1297],[-72.9437,-52.0469],[-72.8432,-51.9611],[-72.795,-51.9495],[-72.7354,-51.9605],[-72.6955,-51.9852],[-72.6948,-52.0447],[-72.6496,-52.0999],[-72.588,-52.1451],[-72.5708,-52.2001],[-72.5834,-52.2542],[-72.6936,-52.3303],[-72.714,-52.3567],[-72.6771,-52.3847],[-72.6315,-52.3716],[-72.5687,-52.334],[-72.5329,-52.2823],[-72.5233,-52.2555],[-72.5193,-52.2171],[-72.5241,-52.1703],[-72.6136,-52.037],[-72.6248,-52.0069],[-72.6246,-51.9465],[-72.5229,-51.8909],[-72.4941,-51.8476],[-72.4896,-51.7637],[-72.5425,-51.7062],[-72.7612,-51.5732],[-73.1268,-51.4399],[-73.1688,-51.4539],[-73.197,-51.478],[-73.1634,-51.4956],[-73.115,-51.5045],[-72.7894,-51.6143],[-72.7046,-51.6779],[-72.6491,-51.695],[-72.5833,-51.7373],[-72.6,-51.7991],[-72.9284,-51.8599],[-73.1887,-51.9906],[-73.3833,-52.07],[-73.5182,-52.041],[-73.5823,-51.9604],[-73.6503,-51.8563],[-73.7526,-51.7955],[-73.8106,-51.8012],[-73.8576,-51.7899],[-73.8944,-51.7578],[-73.9732,-51.7845],[-74.1464,-51.7121],[-74.1967,-51.6806],[-74.0696,-51.5787],[-73.9298,-51.6179],[-73.8959,-51.3314],[-73.9395,-51.2663],[-74.1212,-51.1954],[-74.2105,-51.2046],[-74.3323,-51.195],[-74.4144,-51.1625],[-74.5079,-51.1496],[-74.5869,-51.1307],[-74.6901,-51.0865],[-74.8147,-51.0629],[-74.9831,-50.8811],[-75.0553,-50.7855],[-75.0947,-50.6812],[-74.8366,-50.6789],[-74.6857,-50.662],[-74.6489,-50.6185],[-74.7021,-50.5354],[-74.7759,-50.4699],[-74.7217,-50.4085],[-74.6445,-50.3609],[-74.5641,-50.382],[-74.3656,-50.4879],[-74.3314,-50.5596],[-74.1902,-50.778],[-74.1561,-50.7975],[-74.1394,-50.8178],[-73.8475,-50.94],[-73.8065,-50.9384],[-73.8246,-50.8358],[-73.7406,-50.6967],[-73.659,-50.6507],[-73.6182,-50.6512],[-73.614,-50.6279],[-73.6933,-50.57],[-73.6544,-50.4927],[-73.6799,-50.4902],[-73.7502,-50.5398],[-73.8915,-50.7827],[-73.978,-50.8271],[-74.0967,-50.7171],[-74.1641,-50.6379],[-74.1972,-50.6098],[-74.1856,-50.4854],[-73.9503,-50.5105],[-74.0311,-50.4698],[-74.3056,-50.398],[-74.3741,-50.363],[-74.4251,-50.3502],[-74.5164,-50.2656],[-74.6296,-50.194],[-74.4343,-50.0652],[-74.3337,-49.9746],[-74.0194,-50.0228],[-73.9586,-49.9947],[-74.0112,-49.9285],[-74.0733,-49.9485],[-74.1713,-49.9073],[-74.3239,-49.7834],[-74.3187,-49.7201],[-74.2908,-49.6041],[-74.2304,-49.5793],[-74.102,-49.5554],[-73.9555,-49.5931],[-73.8916,-49.6237],[-73.8364,-49.6094],[-73.8925,-49.5234],[-73.988,-49.4909],[-74.0944,-49.4297],[-74.0835,-49.3618],[-74.0492,-49.3057],[-74.0234,-49.2441],[-74.0056,-49.158],[-74.0154,-49.0909],[-73.9848,-49.06],[-73.9379,-49.0461],[-73.935,-49.0209],[-74.0277,-49.0262],[-74.0613,-49.111],[-74.0739,-49.1884],[-74.1398,-49.2505],[-74.1679,-49.3205],[-74.1846,-49.4044],[-74.2213,-49.5006],[-74.3015,-49.464],[-74.3485,-49.4263],[-74.3666,-49.4005],[-74.3582,-49.3514],[-74.38,-49.0479],[-74.3821,-48.7937],[-74.341,-48.5957],[-74.2277,-48.517],[-74.1762,-48.4941],[-74.1293,-48.5042],[-74.0569,-48.5036],[-74.0091,-48.475],[-74.1715,-48.4274],[-74.2701,-48.4546],[-74.343,-48.4926],[-74.4744,-48.464],[-74.4994,-48.3623],[-74.5772,-48.2744],[-74.5907,-48.1619],[-74.5847,-47.999],[-74.4005,-48.0131],[-74.2504,-48.0449],[-73.8538,-48.0422],[-73.5282,-48.1982],[-73.3845,-48.1773],[-73.3911,-48.1459],[-73.501,-48.1066],[-73.5696,-48.0193],[-73.6099,-47.9939],[-73.6289,-47.9415],[-73.6351,-47.8804],[-73.7159,-47.6555],[-73.7482,-47.6613],[-73.7792,-47.7385],[-73.8467,-47.867],[-73.9409,-47.9294],[-74.0848,-47.9547],[-74.2271,-47.9689],[-74.3506,-47.9443],[-74.3793,-47.8912],[-74.3762,-47.8297],[-74.4297,-47.7996],[-74.5692,-47.7729],[-74.6089,-47.758],[-74.6549,-47.7022],[-74.5884,-47.618],[-74.5338,-47.5677],[-74.4669,-47.5776],[-74.4036,-47.6004],[-74.3226,-47.6667],[-74.243,-47.6793],[-74.152,-47.6267],[-74.1341,-47.5908],[-74.191,-47.5684],[-74.2429,-47.5597],[-74.3237,-47.5314],[-74.4827,-47.4305],[-74.4033,-47.3275],[-74.2157,-47.2096],[-74.1584,-47.1825],[-74.2081,-47.0831],[-74.1519,-46.9744],[-74.2095,-46.8848],[-74.3136,-46.7882],[-74.4542,-46.7668],[-74.4844,-46.795],[-74.4894,-46.8346],[-74.467,-46.8644],[-74.4802,-46.8858],[-74.5123,-46.8852],[-74.6908,-46.864],[-74.8106,-46.7997],[-75.006,-46.7411],[-75.0314,-46.6953],[-75.0525,-46.628],[-74.9842,-46.5121],[-75.0187,-46.5105],[-75.1458,-46.6001],[-75.3374,-46.6471],[-75.4784,-46.6624],[-75.5403,-46.6987],[-75.5651,-46.7287],[-75.5276,-46.7464],[-75.446,-46.7508],[-75.3864,-46.8627],[-75.4012,-46.9057],[-75.4304,-46.9346],[-75.4966,-46.9401],[-75.6353,-46.8628],[-75.7081,-46.775],[-75.7064,-46.7053],[-75.6568,-46.6104],[-75.4369,-46.483],[-75.376,-46.4291],[-75.247,-46.3693],[-75.0749,-46.2346],[-74.9245,-46.1597],[-74.9977,-46.0977],[-75.0745,-46.0045],[-75.0667,-45.8749],[-74.7631,-45.8236],[-74.6307,-45.8447],[-74.4628,-45.8407],[-74.3691,-45.8097],[-74.3012,-45.803],[-74.1579,-45.7672],[-74.0962,-45.7168],[-74.0818,-45.6783],[-74.0825,-45.6447],[-74.0993,-45.6034],[-74.1227,-45.4962],[-74.0989,-45.4604],[-74.0375,-45.4177],[-73.9572,-45.4044],[-73.9203,-45.4077],[-73.825,-45.4469],[-73.8441,-45.5024],[-73.8823,-45.5693],[-73.9603,-45.8353],[-73.9995,-45.8953],[-74.061,-45.9474],[-74.0199,-46.0559],[-74.0815,-46.1318],[-74.3568,-46.2127],[-74.393,-46.2174],[-74.3725,-46.2463],[-74.2131,-46.2395],[-74.0897,-46.2224],[-73.9676,-46.1541],[-73.9292,-46.0499],[-73.8787,-45.8469],[-73.8125,-45.8182],[-73.7353,-45.8117],[-73.6949,-45.8596],[-73.7079,-45.9667],[-73.7082,-46.0703],[-73.8106,-46.3773],[-73.9348,-46.5007],[-73.9486,-46.5331],[-73.9437,-46.5716],[-73.8454,-46.566],[-73.7703,-46.4998],[-73.7162,-46.4152],[-73.6621,-46.2975],[-73.6682,-46.2121],[-73.6517,-46.1593],[-73.6294,-45.9865],[-73.5918,-45.8991],[-73.5943,-45.7769],[-73.662,-45.7308],[-73.7566,-45.7028],[-73.7804,-45.6279],[-73.7308,-45.48],[-73.5499,-45.4838],[-73.3786,-45.3828],[-73.2662,-45.3462],[-73.2023,-45.3538],[-72.9782,-45.4512],[-72.9338,-45.4523],[-72.9408,-45.4173],[-72.9755,-45.3926],[-73.0639,-45.3598],[-73.2264,-45.2552],[-73.445,-45.2382],[-73.4049,-45.1023],[-73.3625,-44.9782],[-73.2564,-44.961],[-73.0784,-44.9202],[-72.739,-44.7342],[-72.6801,-44.5939],[-72.6639,-44.4364],[-72.8275,-44.3954],[-73.001,-44.2924],[-73.141,-44.2375],[-73.2651,-44.1687],[-73.2407,-44.0657],[-73.2245,-43.8979],[-73.0688,-43.862],[-72.9966,-43.6315],[-73.101,-43.4552],[-73.076,-43.3236],[-72.94,-43.2113],[-72.9155,-43.1336],[-72.878,-43.0481],[-72.758,-43.0395],[-72.7554,-42.993],[-72.766,-42.9082],[-72.845,-42.808],[-72.848,-42.6691],[-72.7739,-42.5052],[-72.6548,-42.5166],[-72.6318,-42.5097],[-72.7163,-42.4104],[-72.7852,-42.3013],[-72.7732,-42.2577],[-72.7074,-42.2205],[-72.6311,-42.1998],[-72.5484,-42.2558],[-72.4303,-42.4339],[-72.4124,-42.3882],[-72.4601,-42.2066],[-72.4994,-41.9809],[-72.624,-42.0105],[-72.7382,-41.9946],[-72.7812,-41.9596],[-72.8241,-41.9088],[-72.7838,-41.8468],[-72.7437,-41.8006],[-72.6599,-41.7425],[-72.486,-41.7221],[-72.3604,-41.6491],[-72.3183,-41.499],[-72.3595,-41.5139],[-72.4277,-41.6459],[-72.5424,-41.6906],[-72.6008,-41.6841],[-72.6698,-41.6594],[-72.8051,-41.5443],[-72.88,-41.5176],[-72.9528,-41.5147],[-73.015,-41.5438],[-73.1741,-41.7466],[-73.2418,-41.7809],[-73.5213,-41.7971],[-73.624,-41.7736],[-73.7352,-41.7425],[-73.7219,-41.6925],[-73.6881,-41.6393],[-73.625,-41.6119],[-73.6239,-41.5813],[-73.7106,-41.5736],[-73.8107,-41.5175],[-73.855,-41.4464],[-73.8762,-41.3193],[-73.9659,-41.1183],[-73.9836,-40.9743],[-73.9203,-40.8716],[-73.784,-40.4685],[-73.7425,-40.263],[-73.6694,-40.0823],[-73.671,-39.9632],[-73.4822,-39.8543],[-73.4104,-39.7892],[-73.2499,-39.4224],[-73.2265,-39.2244],[-73.4808,-38.624],[-73.5202,-38.5094],[-73.5326,-38.3668],[-73.4719,-38.1301],[-73.4648,-38.0403],[-73.5167,-37.9105],[-73.6618,-37.6985],[-73.6646,-37.5904],[-73.6034,-37.4791],[-73.6624,-37.341],[-73.6336,-37.2555],[-73.6017,-37.1885],[-73.3746,-37.2243],[-73.2711,-37.2074],[-73.216,-37.1669],[-73.1729,-37.0535],[-73.1513,-36.8762],[-73.1378,-36.7999],[-73.1181,-36.6884],[-73.0066,-36.6435],[-72.9678,-36.5378],[-72.8746,-36.3904],[-72.7784,-35.9785],[-72.6834,-35.877],[-72.5874,-35.7597],[-72.6239,-35.5857],[-72.5621,-35.5054],[-72.5052,-35.447],[-72.455,-35.3408],[-72.3867,-35.2404],[-72.2238,-35.0962],[-72.1824,-34.9202],[-72.056,-34.6158],[-72.0308,-34.4205],[-71.9915,-34.2885],[-72.0028,-34.1653],[-71.9269,-34.0156],[-71.854,-33.8896],[-71.831,-33.8195],[-71.6644,-33.6526],[-71.6363,-33.5192],[-71.6955,-33.429],[-71.6966,-33.2891],[-71.743,-33.0951],[-71.6355,-33.0226],[-71.592,-32.9695],[-71.4522,-32.6596],[-71.4614,-32.5379],[-71.4213,-32.3868],[-71.513,-32.2079],[-71.5259,-31.8059],[-71.5773,-31.4964],[-71.662,-31.1695],[-71.6539,-30.9866],[-71.7057,-30.7593],[-71.7089,-30.628],[-71.6695,-30.3304],[-71.4004,-30.143],[-71.348,-29.9332],[-71.3157,-29.6497],[-71.3267,-29.4432],[-71.3533,-29.3504],[-71.4858,-29.1982],[-71.5192,-28.9265],[-71.4936,-28.8553],[-71.3841,-28.7787],[-71.3067,-28.6725],[-71.2668,-28.5075],[-71.1864,-28.3778],[-71.1545,-28.0641],[-71.0865,-27.8145],[-71.0526,-27.7273],[-70.9458,-27.6179],[-70.9258,-27.5887],[-70.9093,-27.5052],[-70.9143,-27.3079],[-70.8979,-27.1875],[-70.8127,-26.9506],[-70.8029,-26.8409],[-70.7084,-26.597],[-70.687,-26.4218],[-70.6466,-26.3294],[-70.6623,-26.2254],[-70.6354,-25.9927],[-70.6996,-25.8611],[-70.7137,-25.7842],[-70.633,-25.5456],[-70.5781,-25.4875],[-70.4895,-25.3765],[-70.4522,-25.2519],[-70.4454,-25.1727],[-70.5586,-24.7785],[-70.5741,-24.6443],[-70.5464,-24.3316],[-70.5074,-24.1297],[-70.5201,-23.9686],[-70.5074,-23.8857],[-70.4878,-23.7817],[-70.41,-23.6556],[-70.3923,-23.5659],[-70.4196,-23.5285],[-70.512,-23.4828],[-70.5881,-23.3684],[-70.5934,-23.2555],[-70.5688,-23.1733],[-70.5632,-23.057],[-70.4497,-23.0342],[-70.3892,-22.9696],[-70.3317,-22.8486],[-70.2595,-22.5561],[-70.2285,-22.1932],[-70.1854,-21.9746],[-70.1551,-21.8666],[-70.1296,-21.6408],[-70.0875,-21.4931],[-70.08,-21.3568],[-70.0884,-21.2532],[-70.197,-20.7254],[-70.1937,-20.5314],[-70.1475,-20.2298],[-70.1481,-19.8051],[-70.1574,-19.7059],[-70.1983,-19.613],[-70.2104,-19.4869],[-70.2758,-19.2676],[-70.3349,-18.8275],[-70.3361,-18.5952],[-70.3616,-18.398],[-70.4183,-18.3456],[-70.4916,-18.2777],[-70.8175,-18.0525],[-70.9417,-17.932],[-71.0566,-17.8757],[-71.337,-17.6825],[-71.3649,-17.6205],[-71.3994,-17.422],[-71.4359,-17.366],[-71.5322,-17.2943],[-71.7745,-17.1988],[-71.8684,-17.1511],[-71.9669,-17.0641],[-72.1113,-17.0025],[-72.2686,-16.8762],[-72.3625,-16.775],[-72.4677,-16.7081],[-72.7939,-16.6146],[-72.9577,-16.5209],[-73.2638,-16.3886],[-73.4,-16.3043],[-73.7277,-16.2017],[-73.825,-16.1528],[-74.1471,-15.9125],[-74.3729,-15.834],[-74.5549,-15.699],[-75.1042,-15.4119],[-75.1905,-15.3201],[-75.2746,-15.1781],[-75.3966,-15.0936],[-75.5336,-14.8992],[-75.7377,-14.785],[-75.9339,-14.6336],[-76.0063,-14.4958],[-76.1365,-14.3203],[-76.1751,-14.2267],[-76.289,-14.1331],[-76.297,-13.9484],[-76.3765,-13.8631],[-76.3195,-13.8215],[-76.2592,-13.8028],[-76.1839,-13.5152],[-76.2236,-13.3712],[-76.4273,-13.11],[-76.5021,-12.9844],[-76.5552,-12.8234],[-76.6371,-12.728],[-76.758,-12.5271],[-76.8321,-12.3487],[-76.9941,-12.2192],[-77.0381,-12.1728],[-77.0627,-12.1068],[-77.1527,-12.0604],[-77.1576,-11.9234],[-77.2203,-11.6634],[-77.3099,-11.5324],[-77.6332,-11.2878],[-77.6386,-11.1936],[-77.6643,-11.0221],[-77.7361,-10.8367],[-78.0955,-10.2606],[-78.1856,-10.0891],[-78.2756,-9.8104],[-78.3565,-9.6521],[-78.4457,-9.3706],[-78.5801,-9.1566],[-78.6646,-8.9711],[-78.7546,-8.7404],[-78.7623,-8.617],[-78.9254,-8.4046],[-79.0123,-8.2102],[-79.1644,-8.0472],[-79.3128,-7.9232],[-79.3772,-7.8355],[-79.5889,-7.4189],[-79.6177,-7.2956],[-79.762,-7.0665],[-79.9047,-6.9017],[-79.995,-6.7689],[-80.1103,-6.6496],[-80.8116,-6.2822],[-81.0584,-6.1294],[-81.142,-6.0567],[-81.1805,-5.9424],[-81.1643,-5.8753],[-81.0918,-5.8124],[-80.9917,-5.8609],[-80.9307,-5.8408],[-80.8827,-5.759],[-80.8819,-5.6351],[-80.9431,-5.4754],[-81.1677,-5.1671],[-81.1507,-5.1019],[-81.1085,-5.0278],[-81.1951,-4.8795],[-81.2894,-4.7607],[-81.3366,-4.6695],[-81.2832,-4.3223],[-81.232,-4.2343],[-80.8919,-3.8816],[-80.7986,-3.7311],[-80.6527,-3.6382],[-80.5037,-3.4961],[-80.3247,-3.3879],[-80.3031,-3.3748],[-80.1599,-3.3243],[-80.1003,-3.274],[-80.0267,-3.2281],[-79.9633,-3.1577],[-79.9216,-3.0901],[-79.8227,-2.777],[-79.7299,-2.5791],[-79.7455,-2.4847],[-79.8224,-2.3565],[-79.8397,-2.1679],[-79.8326,-2.1105],[-79.8421,-2.0674],[-79.8934,-2.1457],[-79.8803,-2.4236],[-79.9256,-2.5485],[-79.989,-2.5787],[-80.0302,-2.5567],[-80.0066,-2.3538],[-80.0531,-2.3907],[-80.1271,-2.5284],[-80.2486,-2.6306],[-80.2553,-2.6646],[-80.2847,-2.7067],[-80.3786,-2.668],[-80.4501,-2.626],[-80.6849,-2.3969],[-80.8391,-2.349],[-80.9322,-2.2691],[-80.9516,-2.2354],[-80.9628,-2.1893],[-80.8676,-2.1412],[-80.7704,-2.0767],[-80.7606,-1.9346],[-80.7631,-1.8229],[-80.835,-1.6324],[-80.8014,-1.3834],[-80.82,-1.2858],[-80.9024,-1.0789],[-80.8414,-0.9747],[-80.6237,-0.8987],[-80.5539,-0.8479],[-80.5051,-0.6838],[-80.4555,-0.5854],[-80.3584,-0.6251],[-80.2824,-0.6205],[-80.3848,-0.584],[-80.4683,-0.436],[-80.4823,-0.3683],[-80.3213,-0.1658],[-80.237,-0.1131],[-80.1334,-0.0061],[-80.0461,0.1554],[-80.025,0.4102],[-80.061,0.5923],[-80.0883,0.7848],[-80.0359,0.8346],[-79.9035,0.8602],[-79.7959,0.9223],[-79.7412,0.9798],[-79.6132,0.9711],[-79.4654,1.0601],[-79.2291,1.1046],[-78.8997,1.2063],[-78.8271,1.2959],[-78.8597,1.4554],[-78.8885,1.5241],[-79.0254,1.6237],[-78.9577,1.7522],[-78.793,1.8487],[-78.5769,1.7738],[-78.5504,1.9236],[-78.6286,2.0562],[-78.617,2.3068],[-78.5917,2.3566],[-78.5347,2.4237],[-78.4604,2.4701],[-78.4169,2.4835],[-78.3429,2.4605],[-78.2961,2.5105],[-78.12,2.4882],[-78.0666,2.5091],[-78.0302,2.5431],[-77.9872,2.569],[-77.9323,2.6292],[-77.9008,2.6988],[-77.8745,2.7259],[-77.8136,2.7164],[-77.808,2.7464],[-77.7767,2.7873],[-77.67,2.8789],[-77.6711,2.9193],[-77.701,3.0076],[-77.6937,3.0399],[-77.632,3.0512],[-77.5591,3.076],[-77.5203,3.1603],[-77.4722,3.2338],[-77.4171,3.3418],[-77.3565,3.3486],[-77.3244,3.4748],[-77.2428,3.5854],[-77.0768,3.9133],[-77.1269,3.9061],[-77.1666,3.8623],[-77.212,3.8674],[-77.2635,3.8932],[-77.2484,4.041],[-77.278,4.0585],[-77.3582,3.9447],[-77.4273,4.0604],[-77.4335,4.131],[-77.4045,4.2008],[-77.4087,4.2478],[-77.5207,4.2128],[-77.5155,4.2563],[-77.4458,4.301],[-77.4143,4.3476],[-77.3535,4.3983],[-77.3283,4.475],[-77.3137,4.5938],[-77.2863,4.7217],[-77.3065,4.7847],[-77.3395,4.8385],[-77.3667,5.0766],[-77.3592,5.2152],[-77.3733,5.324],[-77.4018,5.4162],[-77.5344,5.5371],[-77.3246,5.6756],[-77.2493,5.7802],[-77.3447,5.9954],[-77.4694,6.1768],[-77.473,6.2856],[-77.4401,6.2717],[-77.3982,6.275],[-77.3599,6.5045],[-77.3688,6.5756],[-77.4389,6.6903],[-77.526,6.6931],[-77.6021,6.8373],[-77.6458,6.8696],[-77.681,6.9604],[-77.8037,7.1373],[-77.9012,7.2293],[-77.9298,7.2563],[-78.1701,7.5438],[-78.3782,7.8999],[-78.4216,8.061],[-78.3676,8.0706],[-78.3154,8.0669],[-78.2874,8.0918],[-78.2549,8.1386],[-78.2812,8.2476],[-78.18,8.3303],[-78.1419,8.3861],[-78.1139,8.3796],[-78.0478,8.2848],[-77.9517,8.2303],[-77.8336,8.1512],[-77.7605,8.1333],[-77.8529,8.2162],[-78.0125,8.3254],[-78.0572,8.3971],[-78.0995,8.497],[-78.1618,8.4537],[-78.1908,8.4173],[-78.223,8.3966],[-78.2511,8.4214],[-78.2561,8.4537],[-78.3501,8.46],[-78.3743,8.4893],[-78.3992,8.5057],[-78.3879,8.4434],[-78.3694,8.4049],[-78.3793,8.3586],[-78.4099,8.3553],[-78.436,8.4033],[-78.4694,8.4467],[-78.5141,8.6282],[-78.6209,8.7137],[-78.6698,8.7422],[-78.7102,8.7529],[-78.7697,8.8111],[-78.8482,8.8422],[-78.9552,8.9325],[-79.0864,8.9972],[-79.2467,9.0201],[-79.4415,9.006],[-79.5071,8.9701],[-79.5517,8.9245],[-79.5724,8.9033],[-79.6875,8.851],[-79.7311,8.7753],[-79.7585,8.7116],[-79.8159,8.6392],[-79.7504,8.5955],[-80.1258,8.3497],[-80.2001,8.314],[-80.3687,8.2888],[-80.4076,8.2625],[-80.459,8.2139],[-80.4659,8.1399],[-80.4581,8.0771],[-80.4091,8.0286],[-80.3656,7.998],[-80.2609,7.8517],[-80.0752,7.667],[-80.04,7.5998],[-80.0112,7.5],[-80.0673,7.4532],[-80.1106,7.4334],[-80.2873,7.4256],[-80.3482,7.3857],[-80.3729,7.3247],[-80.4389,7.275],[-80.6667,7.2257],[-80.8456,7.2201],[-80.9012,7.2771],[-80.9146,7.4375],[-81.0351,7.7111],[-81.0639,7.8998],[-81.0939,7.8763],[-81.1578,7.8544],[-81.1794,7.8075],[-81.1955,7.6684],[-81.219,7.6209],[-81.2684,7.6255],[-81.3696,7.6753],[-81.5041,7.7212],[-81.6757,8.0159],[-81.6943,8.0714],[-81.7276,8.1375],[-81.8603,8.1654],[-81.9733,8.2151],[-82.0967,8.2228],[-82.1599,8.1948],[-82.2243,8.2304],[-82.2354,8.311],[-82.3648,8.2749],[-82.531,8.2874],[-82.6795,8.322],[-82.7812,8.3035],[-82.8661,8.2463],[-82.8543,8.0995],[-82.8793,8.0707],[-82.9473,8.1817],[-83.0415,8.2877],[-83.1233,8.3531],[-83.1296,8.5055],[-83.1624,8.5882],[-83.2858,8.6644],[-83.3914,8.7177],[-83.4697,8.7068],[-83.4218,8.6192],[-83.2978,8.5069],[-83.2896,8.4638],[-83.2915,8.406],[-83.3768,8.4149],[-83.4521,8.4385],[-83.5438,8.4459],[-83.6047,8.4803],[-83.7341,8.6145],[-83.6422,8.7289],[-83.6137,8.8041],[-83.6162,8.9598],[-83.6373,9.0354],[-83.7369,9.1503],[-83.8956,9.2764],[-84.1179,9.3794],[-84.2224,9.4625],[-84.4827,9.5262],[-84.5816,9.5684],[-84.6589,9.6467],[-84.6705,9.7029],[-84.6431,9.7894],[-84.7149,9.8994],[-85.025,10.1157],[-85.1984,10.1953],[-85.2356,10.2421],[-85.2632,10.2566],[-85.2365,10.1074],[-85.1607,10.0174],[-84.9628,9.9334],[-84.9083,9.8846],[-84.8864,9.8209],[-85.0013,9.6993],[-85.0597,9.6683],[-85.0771,9.602],[-85.1145,9.5818],[-85.154,9.6201],[-85.3146,9.8109],[-85.6249,9.9024],[-85.681,9.9586],[-85.7965,10.1329],[-85.8497,10.292],[-85.8306,10.3981],[-85.7031,10.5635],[-85.6633,10.6354],[-85.6714,10.6798],[-85.6672,10.745],[-85.7148,10.7906],[-85.8329,10.85],[-85.908,10.8976],[-85.8874,10.9213],[-85.7522,10.9853],[-85.7437,11.043],[-85.7443,11.0621],[-85.7452,11.0886],[-85.8285,11.1987],[-85.9611,11.3313],[-86.4689,11.7383],[-86.6555,11.9815],[-86.7556,12.1566],[-86.851,12.2478],[-87.1252,12.4341],[-87.1884,12.5084],[-87.4602,12.7576],[-87.6675,12.9036],[-87.6702,12.9657],[-87.5851,13.0433],[-87.5433,13.0397],[-87.4979,12.9842],[-87.4244,12.9211],[-87.3896,12.9207],[-87.3386,12.95],[-87.3373,12.9792],[-87.3325,13.0847],[-87.4128,13.1274],[-87.4584,13.2154],[-87.4984,13.2749],[-87.4852,13.3106],[-87.4891,13.3529],[-87.6022,13.3856],[-87.7083,13.3601],[-87.7694,13.3767],[-87.8142,13.3992],[-87.8384,13.3858],[-87.8207,13.2852],[-87.8781,13.2244],[-87.9309,13.1807],[-88.0234,13.1687],[-88.1807,13.164],[-88.4171,13.2135],[-88.5916,13.2811],[-88.6856,13.2815],[-88.6559,13.2592],[-88.5815,13.245],[-88.4839,13.1972],[-88.512,13.1839],[-88.867,13.2833],[-89.2776,13.4781],[-89.5232,13.5091],[-89.8042,13.5601],[-89.9705,13.6832],[-90.0952,13.7365],[-90.4791,13.9009],[-90.6069,13.929],[-91.146,13.9256],[-91.3773,13.9902],[-91.6409,14.1149],[-91.8191,14.2282],[-92.2352,14.5454],[-92.2646,14.5678],[-92.531,14.8396],[-92.8089,15.1386],[-92.9184,15.2361],[-93.0244,15.3103],[-93.1669,15.448],[-93.5412,15.7504],[-93.7344,15.8885],[-93.9161,16.0536],[-94.079,16.1453],[-94.2399,16.2051],[-94.3113,16.2394],[-94.3742,16.2848],[-94.409,16.2874],[-94.4264,16.2263],[-94.3702,16.1954],[-94.3028,16.1693],[-94.2495,16.1675],[-94.1934,16.1456],[-94.0283,16.0621],[-94.0013,16.0189],[-94.4708,16.1866],[-94.6615,16.2019],[-94.6823,16.2282],[-94.5871,16.3158],[-94.6168,16.3476],[-94.6508,16.3518],[-94.7528,16.2912],[-94.7908,16.2872],[-94.7975,16.3271],[-94.7929,16.3646],[-94.8587,16.4197],[-94.9004,16.4175],[-94.9347,16.3791],[-95.0235,16.3062],[-95.0208,16.2776],[-94.846,16.2466],[-94.7858,16.2291],[-94.7994,16.2097],[-94.9493,16.21],[-95.1344,16.177],[-95.4644,15.9747],[-95.7718,15.8878],[-96.2136,15.6931],[-96.4086,15.6831],[-96.5108,15.6519],[-96.808,15.7264],[-97.1847,15.9093],[-97.7548,15.9668],[-98.139,16.2063],[-98.5203,16.3048],[-98.7622,16.5348],[-98.908,16.5446],[-99.0017,16.5814],[-99.348,16.6647],[-99.6907,16.7196],[-100.0245,16.9205],[-100.243,16.9842],[-100.4319,17.0641],[-100.8478,17.2005],[-101.002,17.2761],[-101.1479,17.3931],[-101.3855,17.5142],[-101.4871,17.6153],[-101.6003,17.6516],[-101.7624,17.842],[-101.8471,17.9223],[-101.9187,17.9598],[-101.9955,17.9727],[-102.2166,17.9574],[-102.547,18.0414],[-102.6996,18.0628],[-103.0185,18.1869],[-103.4416,18.3254],[-103.5803,18.4844],[-103.6989,18.633],[-103.9125,18.8285],[-104.0457,18.9118],[-104.277,19.011],[-104.4052,19.0912],[-104.603,19.1529],[-104.9385,19.3094],[-105.0452,19.4433],[-105.1077,19.5622],[-105.2864,19.7065],[-105.4821,19.9761],[-105.5324,20.0754],[-105.5704,20.2278],[-105.6159,20.3163],[-105.6694,20.3856],[-105.6421,20.436],[-105.5426,20.4979],[-105.3771,20.5119],[-105.2602,20.5791],[-105.2447,20.6342],[-105.2523,20.6685],[-105.3271,20.753],[-105.4201,20.7754],[-105.4924,20.7766],[-105.5108,20.8087],[-105.4563,20.8438],[-105.394,20.9261],[-105.302,21.0266],[-105.2371,21.1192],[-105.225,21.2497],[-105.2333,21.3804],[-105.2087,21.4908],[-105.4314,21.6183],[-105.4574,21.6725],[-105.5274,21.8185],[-105.6491,21.9881],[-105.6455,22.3269],[-105.7918,22.6275],[-105.9434,22.777],[-106.0217,22.8291],[-106.2346,23.0609],[-106.4022,23.1956],[-106.5665,23.4495],[-106.7288,23.6107],[-106.9355,23.8813],[-107.0849,24.0161],[-107.7649,24.4719],[-107.7266,24.4719],[-107.5272,24.3601],[-107.4937,24.3694],[-107.4889,24.424],[-107.5119,24.4892],[-107.5489,24.5048],[-107.602,24.4901],[-107.6737,24.5036],[-107.7095,24.525],[-107.8167,24.539],[-107.9512,24.6149],[-108.0088,24.6936],[-108.0151,24.7834],[-108.2077,24.9748],[-108.2808,25.0815],[-108.2433,25.0737],[-108.192,25.0307],[-108.1401,25.0184],[-108.0796,25.0181],[-108.0357,25.0354],[-108.0515,25.067],[-108.0928,25.0935],[-108.3737,25.1943],[-108.4663,25.2651],[-108.6964,25.3829],[-108.751,25.4242],[-108.7873,25.538],[-108.8436,25.5433],[-108.8932,25.5116],[-109.0288,25.4805],[-109.0635,25.5167],[-109.0685,25.5516],[-108.9728,25.5885],[-108.8849,25.696],[-108.8866,25.7334],[-108.9352,25.6903],[-109.0083,25.642],[-109.0841,25.615],[-109.1965,25.5925],[-109.254,25.6088],[-109.3043,25.6332],[-109.385,25.7271],[-109.4256,26.0326],[-109.3542,26.1385],[-109.2707,26.2431],[-109.1997,26.3052],[-109.1588,26.2584],[-109.1167,26.2527],[-109.1463,26.3057],[-109.216,26.3553],[-109.2406,26.4047],[-109.2433,26.45],[-109.2763,26.5339],[-109.4829,26.7104],[-109.6761,26.6968],[-109.7548,26.7029],[-109.8284,26.7701],[-109.8909,26.8834],[-109.9217,26.9782],[-109.9256,27.0287],[-109.944,27.0793],[-110.2771,27.1622],[-110.3773,27.2333],[-110.4778,27.3227],[-110.5194,27.3956],[-110.5606,27.4501],[-110.5927,27.5443],[-110.6155,27.6539],[-110.5783,27.7957],[-110.5299,27.8642],[-110.759,27.9152],[-110.8486,27.9176],[-110.9208,27.8889],[-110.9861,27.926],[-111.1214,27.967],[-111.2824,28.1152],[-111.4717,28.384],[-111.6801,28.4706],[-111.7472,28.564],[-111.8324,28.6481],[-111.907,28.7525],[-111.9186,28.7979],[-111.9408,28.8232],[-112.0449,28.8959],[-112.1618,29.0189],[-112.192,29.118],[-112.2235,29.2695],[-112.3014,29.3229],[-112.3782,29.3477],[-112.3932,29.4197],[-112.3887,29.4601],[-112.4146,29.5364],[-112.5729,29.7195],[-112.6531,29.8701],[-112.6972,29.9168],[-112.7384,29.9854],[-112.7592,30.1257],[-112.8248,30.3001],[-112.9518,30.51],[-113.0577,30.651],[-113.1104,30.7933],[-113.087,30.9381],[-113.105,31.0272],[-113.1186,31.0481],[-113.108,31.0773],[-113.0728,31.0609],[-113.0429,31.087],[-113.0467,31.1792],[-113.0836,31.2072],[-113.1862,31.236],[-113.2314,31.256],[-113.4808,31.2936],[-113.6235,31.3459],[-113.633,31.4676],[-113.7,31.5233],[-113.7594,31.5578],[-113.9478,31.6293],[-113.9775,31.5927],[-114.0027,31.5251],[-114.0809,31.5104],[-114.1493,31.5074],[-114.2641,31.5544],[-114.5487,31.7335],[-114.6088,31.7623],[-114.6976,31.7774],[-114.7413,31.8065],[-114.9336,31.9007],[-114.8951,31.8506],[-114.8395,31.7985],[-114.7899,31.6471],[-114.8481,31.5379],[-114.8819,31.1564],[-114.8447,31.0805],[-114.761,30.9587],[-114.7034,30.7652],[-114.6854,30.6212],[-114.6333,30.5069],[-114.6498,30.2381],[-114.6299,30.1563],[-114.5505,30.0223],[-114.4034,29.8965],[-114.3726,29.8302],[-114.1792,29.7343],[-114.0619,29.6095],[-113.829,29.4395],[-113.7555,29.3675],[-113.5453,29.1022],[-113.5385,29.0234],[-113.4997,28.9267],[-113.3818,28.9467],[-113.3289,28.873],[-113.335,28.8391],[-113.3207,28.8131],[-113.2589,28.8188],[-113.2056,28.7988],[-113.0937,28.5118],[-113.0336,28.4726],[-112.9566,28.4559],[-112.8709,28.4242],[-112.8652,28.3506],[-112.8685,28.292],[-112.7957,28.2071],[-112.8081,28.0922],[-112.7493,27.9949],[-112.7582,27.9006],[-112.734,27.826],[-112.5526,27.6575],[-112.3292,27.5234],[-112.2826,27.3475],[-112.1915,27.1867],[-112.0981,27.1459],[-112.004,27.0791],[-112.0156,27.0097],[-112.0091,26.9671],[-111.8832,26.8402],[-111.8626,26.6785],[-111.754,26.5727],[-111.7234,26.5644],[-111.6994,26.581],[-111.7785,26.6873],[-111.8168,26.7563],[-111.8218,26.8651],[-111.7953,26.8797],[-111.5697,26.7076],[-111.5459,26.5792],[-111.4702,26.5066],[-111.4645,26.4084],[-111.4185,26.35],[-111.4046,26.265],[-111.3321,26.1254],[-111.3304,25.9313],[-111.2916,25.7898],[-111.1496,25.5726],[-111.0344,25.527],[-111.0136,25.4203],[-110.8939,25.1442],[-110.7557,24.9946],[-110.6868,24.8677],[-110.6772,24.7885],[-110.729,24.6715],[-110.7345,24.5898],[-110.6593,24.3415],[-110.547,24.2142],[-110.4215,24.1834],[-110.3997,24.1651],[-110.4096,24.131],[-110.3674,24.1005],[-110.32,24.1395],[-110.2968,24.1949],[-110.3209,24.2592],[-110.3251,24.306],[-110.3038,24.3395],[-110.2629,24.3445],[-110.0228,24.1746],[-109.9825,24.1094],[-109.8932,24.033],[-109.8113,23.939],[-109.776,23.8649],[-109.7105,23.8038],[-109.6766,23.6616],[-109.5096,23.5979],[-109.4209,23.4801],[-109.415,23.4056],[-109.4581,23.2147],[-109.4957,23.1598],[-109.6305,23.0787],[-109.7284,22.9818],[-109.823,22.9222],[-109.9234,22.8859],[-110.0062,22.894],[-110.086,23.0055],[-110.1806,23.3415],[-110.2441,23.4123],[-110.2888,23.5177],[-110.3627,23.6049],[-110.63,23.7373],[-110.7649,23.877],[-110.8956,23.9703],[-111.0362,24.1053],[-111.4193,24.329],[-111.5782,24.443],[-111.6829,24.5558],[-111.7504,24.5541],[-111.8025,24.5425],[-111.8223,24.5734],[-111.8252,24.6318],[-111.8482,24.6701],[-112.0726,24.84],[-112.119,24.934],[-112.1285,25.0431],[-112.078,25.324],[-112.0558,25.4882],[-112.0699,25.5729],[-112.0934,25.5844],[-112.1146,25.6304],[-112.1198,25.7655],[-112.1738,25.9126],[-112.3772,26.2139],[-112.5261,26.2735],[-112.6584,26.3167],[-113.0208,26.5833],[-113.1192,26.7165],[-113.1432,26.7922],[-113.1558,26.9462],[-113.2058,26.857],[-113.2723,26.791],[-113.4259,26.7958],[-113.5985,26.7213],[-113.7013,26.7914],[-113.7566,26.8709],[-113.841,26.9665],[-113.9359,26.9853],[-113.9965,26.9877],[-114.1101,27.106],[-114.2019,27.1435],[-114.3334,27.158],[-114.4453,27.2182],[-114.4797,27.2836],[-114.4983,27.3762],[-114.5399,27.4311],[-114.7156,27.5396],[-114.8587,27.6592],[-114.9935,27.736],[-115.0332,27.7989],[-115.0365,27.8418],[-114.8235,27.8299],[-114.57,27.7839],[-114.4485,27.7969],[-114.3727,27.8412],[-114.3006,27.873],[-114.2891,27.8386],[-114.3022,27.7757],[-114.2327,27.7181],[-114.1372,27.6714],[-114.0693,27.6757],[-114.1351,27.7266],[-114.1754,27.8306],[-114.1573,27.868],[-114.1584,27.9197],[-114.2526,27.908],[-114.2659,27.9345],[-114.1853,28.0133],[-114.0927,28.2213],[-114.0485,28.4262],[-114.1455,28.6054],[-114.3092,28.7299],[-114.664,29.0946],[-114.8759,29.2819],[-114.9373,29.3516],[-114.9935,29.3844],[-115.1664,29.4272],[-115.3112,29.5319],[-115.5653,29.68],[-115.6738,29.7564],[-115.7487,29.9357],[-115.8083,29.9602],[-115.7896,30.0842],[-115.8156,30.3036],[-115.8582,30.3598],[-115.9958,30.4145],[-116.0286,30.5636],[-116.0354,30.7055],[-116.0622,30.8041],[-116.2963,30.9705],[-116.3096,31.051],[-116.3097,31.1273],[-116.3334,31.2028],[-116.4585,31.361],[-116.6096,31.4991],[-116.6622,31.5649],[-116.6685,31.6986],[-116.7221,31.7346],[-116.7017,31.7437],[-116.6521,31.7403],[-116.6239,31.758],[-116.6208,31.8511],[-116.848,31.9974],[-116.9137,32.1985],[-117.0348,32.305],[-117.0631,32.3436],[-117.1283,32.5333],[-117.1305,32.5397],[-117.1374,32.6492],[-117.1837,32.6879],[-117.2435,32.664],[-117.2707,32.8062],[-117.2558,32.8734],[-117.263,32.9389],[-117.3188,33.1],[-117.4674,33.2955],[-117.7885,33.5385],[-117.9521,33.6196],[-118.0805,33.7222],[-118.1619,33.7507],[-118.2644,33.7586],[-118.2942,33.7123],[-118.4104,33.7439],[-118.393,33.8583],[-118.5062,34.0174],[-118.5988,34.035],[-118.832,34.0245],[-119.1437,34.112],[-119.2358,34.1641],[-119.2677,34.2574],[-119.4137,34.3386],[-119.6061,34.418],[-119.7132,34.3997],[-119.8533,34.412],[-120.053,34.4693],[-120.1695,34.4765],[-120.3965,34.4596],[-120.4812,34.4716],[-120.5598,34.5439],[-120.6447,34.58],[-120.6267,34.6689],[-120.6376,34.7494],[-120.6249,34.812],[-120.663,34.9493],[-120.6336,35.0765],[-120.6591,35.1224],[-120.707,35.1577],[-120.8574,35.2097],[-120.8849,35.275],[-120.8603,35.3654],[-120.8996,35.4251],[-121.0229,35.4808],[-121.1379,35.6071],[-121.2838,35.6763],[-121.3438,35.7922],[-121.4337,35.8639],[-121.465,35.9274],[-121.6644,36.1541],[-121.8774,36.3311],[-121.9102,36.4329],[-121.9187,36.5724],[-121.8352,36.6575],[-121.79,36.7323],[-121.7945,36.801],[-121.8074,36.8512],[-121.8807,36.9389],[-122.1642,36.991],[-122.3949,37.2075],[-122.4084,37.3731],[-122.4992,37.5426],[-122.5004,37.6528],[-122.5142,37.772],[-122.4456,37.798],[-122.3841,37.7885],[-122.3903,37.7411],[-122.3697,37.6559],[-122.2976,37.5918],[-122.2287,37.5639],[-122.166,37.5017],[-122.119,37.4828],[-122.0705,37.4783],[-122.0965,37.5182],[-122.1241,37.5438],[-122.1581,37.6265],[-122.2222,37.732],[-122.296,37.7903],[-122.3334,37.8966],[-122.3655,37.9212],[-122.3854,37.9606],[-122.3143,38.0073],[-122.217,38.0406],[-122.0867,38.0496],[-121.7168,38.0341],[-121.6381,38.0613],[-121.573,38.0524],[-121.5253,38.0559],[-121.6257,38.0839],[-121.6822,38.0748],[-121.7486,38.0805],[-121.8808,38.075],[-121.9342,38.0868],[-121.9931,38.1201],[-122.0315,38.1235],[-122.1538,38.0655],[-122.2083,38.0726],[-122.3371,38.1359],[-122.3934,38.1448],[-122.4839,38.1088],[-122.4949,37.9536],[-122.4669,37.8382],[-122.5213,37.8264],[-122.5842,37.8741],[-122.6807,37.9023],[-122.7604,37.9457],[-122.8729,38.0261],[-122.932,38.0555],[-122.9988,37.9886],[-123.0015,38.0193],[-122.9682,38.097],[-122.9776,38.2273],[-122.8768,38.1233],[-122.9082,38.1966],[-122.9865,38.2771],[-123.0462,38.3051],[-123.1211,38.4493],[-123.2897,38.5358],[-123.4248,38.6756],[-123.7011,38.9073],[-123.7195,39.111],[-123.8203,39.3684],[-123.7778,39.5149],[-123.7835,39.6187],[-123.8329,39.7755],[-123.8845,39.8608],[-124.1085,40.0945],[-124.324,40.252],[-124.3565,40.3711],[-124.3717,40.4912],[-124.3245,40.5981],[-124.2837,40.7105],[-124.2539,40.7403],[-124.2423,40.7279],[-124.2506,40.7039],[-124.22,40.6965],[-124.2084,40.7461],[-124.1902,40.7717],[-124.2225,40.775],[-124.2192,40.7907],[-124.1999,40.8221],[-124.1331,40.9698],[-124.14,41.1559],[-124.0685,41.3842],[-124.0719,41.4595],[-124.1177,41.6217],[-124.1632,41.719],[-124.2446,41.7879],[-124.2087,41.8886],[-124.2117,41.9846],[-124.3553,42.1229],[-124.41,42.3043],[-124.4205,42.381],[-124.4062,42.5837],[-124.4438,42.6702],[-124.5396,42.8129],[-124.4986,42.9369],[-124.4544,43.0124],[-124.3466,43.3417],[-124.3206,43.3682],[-124.2755,43.3674],[-124.1969,43.4233],[-124.2332,43.4364],[-124.288,43.4097],[-124.2392,43.54],[-124.1844,43.6516],[-124.1487,43.6917],[-124.1307,44.0557],[-124.0992,44.3338],[-124.0475,44.4255],[-124.0654,44.5201],[-124.0445,44.6482],[-124.0592,44.7777],[-123.9486,45.4008],[-123.9631,45.4761],[-123.9293,45.577],[-123.9612,45.843],[-123.9471,46.1406],[-123.9752,46.1783],[-123.9893,46.2194],[-123.9629,46.2254],[-123.9117,46.1822],[-123.6736,46.1826],[-123.5216,46.2227],[-123.4664,46.2094],[-123.4023,46.155],[-123.3216,46.144],[-123.2206,46.1536],[-123.2513,46.1673],[-123.2987,46.1709],[-123.4047,46.221],[-123.4648,46.2711],[-123.6503,46.2677],[-123.6884,46.2999],[-123.8957,46.2678],[-123.9598,46.3007],[-124.0728,46.2794],[-124.0451,46.3729],[-124.0502,46.4905],[-124.0443,46.6051],[-124.0164,46.5214],[-123.9461,46.4326],[-123.9124,46.5333],[-123.8892,46.66],[-123.9577,46.7087],[-124.0717,46.7448],[-124.1125,46.8627],[-123.8429,46.9632],[-123.986,46.9845],[-124.0422,47.0297],[-124.1117,47.0352],[-124.1168,47.0003],[-124.1393,46.9547],[-124.1636,47.0153],[-124.1705,47.0867],[-124.1988,47.2085],[-124.3093,47.4046],[-124.376,47.6586],[-124.4601,47.7842],[-124.6211,47.9042],[-124.6631,47.9741],[-124.7017,48.1517],[-124.68,48.2859],[-124.71,48.3804],[-124.6326,48.375],[-124.4291,48.3008],[-124.1755,48.2424],[-124.0988,48.2],[-123.9758,48.1685],[-123.2944,48.1195],[-123.2499,48.1242],[-123.1619,48.1545],[-123.1244,48.1509],[-123.0242,48.0816],[-122.9739,48.0733],[-122.9089,48.0769],[-122.8609,48.09],[-122.7786,48.1376],[-122.7675,48.12],[-122.7691,48.076],[-122.7397,48.0132],[-122.6795,47.9318],[-122.6566,47.8812],[-122.7784,47.7384],[-122.8018,47.7354],[-122.8054,47.7836],[-122.8214,47.7932],[-123.0506,47.552],[-123.1311,47.4377],[-123.1391,47.3861],[-123.1363,47.3558],[-123.1042,47.3484],[-123.0309,47.3602],[-122.9222,47.4077],[-122.9169,47.418],[-123.0182,47.4011],[-123.0668,47.3997],[-123.0602,47.4537],[-123.0486,47.4793],[-122.9825,47.5594],[-122.9129,47.6074],[-122.8141,47.6585],[-122.7571,47.7005],[-122.7179,47.7621],[-122.6082,47.8355],[-122.5879,47.856],[-122.5927,47.9164],[-122.5857,47.9279],[-122.5328,47.9197],[-122.5108,47.8157],[-122.5239,47.7693],[-122.6184,47.7128],[-122.6302,47.6928],[-122.6136,47.6156],[-122.6283,47.6082],[-122.6643,47.6172],[-122.6755,47.6124],[-122.5858,47.5284],[-122.5574,47.4632],[-122.5536,47.4049],[-122.5779,47.2932],[-122.6039,47.2746],[-122.6486,47.2814],[-122.7077,47.3164],[-122.7209,47.3051],[-122.7678,47.2184],[-122.7833,47.226],[-122.8125,47.329],[-122.8285,47.3366],[-122.9195,47.2896],[-122.9562,47.2446],[-122.9876,47.1726],[-123.0276,47.1389],[-122.9142,47.1315],[-122.812,47.146],[-122.7299,47.1118],[-122.702,47.1109],[-122.6271,47.1442],[-122.6042,47.167],[-122.5422,47.2756],[-122.5111,47.295],[-122.4648,47.2958],[-122.4201,47.3121],[-122.3538,47.3716],[-122.3511,47.3952],[-122.3752,47.5284],[-122.3684,47.6039],[-122.3808,47.6278],[-122.4105,47.6526],[-122.4068,47.6768],[-122.3836,47.7165],[-122.382,47.7523],[-122.4018,47.7843],[-122.3929,47.8206],[-122.3303,47.8986],[-122.3185,47.9331],[-122.242,48.0107],[-122.2613,48.042],[-122.3175,48.0802],[-122.353,48.1138],[-122.3887,48.1664],[-122.4158,48.1839],[-122.4247,48.1759],[-122.3866,48.0899],[-122.3948,48.0841],[-122.494,48.1305],[-122.517,48.1597],[-122.5292,48.1993],[-122.5203,48.2291],[-122.467,48.2585],[-122.4034,48.2692],[-122.4085,48.2939],[-122.4884,48.3743],[-122.5417,48.4109],[-122.5826,48.4287],[-122.6378,48.4333],[-122.6625,48.4464],[-122.669,48.4652],[-122.6573,48.49],[-122.628,48.4979],[-122.5427,48.488],[-122.4968,48.5056],[-122.5011,48.5375],[-122.5148,48.5552],[-122.5127,48.6694],[-122.5451,48.7623],[-122.562,48.778],[-122.5802,48.7796],[-122.5994,48.7671],[-122.653,48.7639],[-122.6859,48.7943],[-122.7225,48.853],[-122.7888,48.993],[-122.8267,49.0284],[-122.9242,49.0747],[-122.9627,49.0746],[-123.0023,49.0609],[-123.0272,49.0385],[-123.0492,48.993],[-123.0633,48.9777],[-123.0773,48.9802],[-123.0864,48.993],[-123.1176,49.0563],[-123.1093,49.0846],[-123.0773,49.1184],[-123.0795,49.1306],[-123.1501,49.121],[-123.1819,49.1295],[-123.1963,49.1477],[-123.1911,49.2195],[-123.2294,49.2605],[-123.1839,49.2777],[-123.0673,49.2916],[-122.9477,49.2933],[-122.913,49.3232],[-122.8791,49.3989],[-122.9645,49.3293],[-123.0155,49.3222],[-123.1743,49.3482],[-123.2768,49.3439],[-123.2905,49.3595],[-123.2863,49.375],[-123.2641,49.3905],[-123.2477,49.443],[-123.223,49.5905],[-123.1907,49.6443],[-123.1796,49.6735],[-123.1875,49.6803],[-123.325,49.5777],[-123.3367,49.5451],[-123.3224,49.517],[-123.3356,49.4592],[-123.399,49.4419],[-123.437,49.4513],[-123.5082,49.4024],[-123.5306,49.3973],[-123.8589,49.4829],[-123.8918,49.4947],[-123.9484,49.5347],[-124.0286,49.6029],[-124.0538,49.6617],[-124.024,49.7113],[-123.9926,49.7362],[-123.9595,49.7362],[-123.9228,49.7175],[-123.8471,49.6367],[-123.8172,49.5866],[-123.7391,49.5936],[-123.6127,49.6576],[-123.5825,49.6812],[-123.7083,49.6569],[-123.7627,49.6585],[-123.818,49.6852],[-123.8744,49.7368],[-123.9038,49.7955],[-123.9042,49.9812],[-123.885,50.017],[-123.8238,50.0437],[-123.7847,50.088],[-123.7877,50.1067],[-123.8254,50.1442],[-123.8801,50.1736],[-123.9336,50.1883],[-123.9459,50.1839],[-123.863,50.1026],[-123.8657,50.0721],[-123.9574,49.9928],[-123.9714,49.9695],[-123.9721,49.892],[-123.9849,49.8756],[-124.0588,49.8537],[-124.1416,49.7927],[-124.2812,49.7721],[-124.4126,49.7781],[-124.4833,49.8082],[-124.7023,49.9577],[-124.7824,50.0201],[-124.7843,50.0728],[-124.9342,50.2581],[-124.9334,50.2979],[-124.9856,50.3556],[-125.0436,50.3638],[-125.0567,50.4187],[-124.9368,50.5374],[-124.8626,50.6373],[-124.8542,50.6687],[-124.8575,50.7173],[-124.8754,50.8256],[-124.8599,50.8724],[-124.9336,50.8106],[-124.9493,50.7647],[-124.9311,50.7184],[-124.9425,50.6657],[-124.9854,50.5919],[-125.0588,50.5139],[-125.2099,50.4763],[-125.4763,50.4972],[-125.5072,50.5073],[-125.526,50.5341],[-125.5394,50.649],[-125.5556,50.6349],[-125.5858,50.5736],[-125.6102,50.486],[-125.6413,50.4662],[-125.6976,50.4646],[-125.7412,50.4786],[-125.7724,50.5082],[-125.8396,50.5106],[-125.965,50.4874],[-126.0241,50.4967],[-126.0943,50.4976],[-126.2366,50.5233],[-126.4045,50.5299],[-126.45,50.5497],[-126.4475,50.5877],[-126.4161,50.607],[-126.2389,50.6238],[-126.0672,50.6643],[-125.8976,50.6844],[-125.9041,50.7049],[-125.9807,50.7114],[-126.3703,50.6667],[-126.493,50.6721],[-126.5144,50.6794],[-126.5173,50.7245],[-126.4722,50.7673],[-126.3971,50.8071],[-126.3746,50.8374],[-126.4182,50.8502],[-126.4882,50.8418],[-126.5218,50.8661],[-126.4846,50.9605],[-126.5173,51.0568],[-126.5629,50.9655],[-126.6318,50.9151],[-126.9604,50.8937],[-127.0141,50.8668],[-127.0576,50.8675],[-127.2675,50.9161],[-127.3569,50.9456],[-127.4412,50.9894],[-127.5909,51.0875],[-127.7081,51.1512],[-127.7143,51.2687],[-127.6892,51.3435],[-127.6327,51.4273],[-127.4197,51.6081],[-127.3466,51.6424],[-127.2807,51.6541],[-126.9681,51.6699],[-126.7354,51.6926],[-126.6915,51.7034],[-127.0341,51.7167],[-127.3387,51.7074],[-127.4427,51.679],[-127.5757,51.5629],[-127.6096,51.5141],[-127.6449,51.4785],[-127.6687,51.4776],[-127.7141,51.4902],[-127.7287,51.5055],[-127.7475,51.5436],[-127.8189,51.6039],[-127.8505,51.6732],[-127.8691,51.7752],[-127.8632,51.8208],[-127.83,51.879],[-127.7276,51.9932],[-127.8588,51.9903],[-127.8433,52.0865],[-127.7954,52.191],[-127.6733,52.2529],[-127.5497,52.2976],[-127.4379,52.3562],[-127.2422,52.3951],[-127.1757,52.3148],[-127.008,52.2907],[-126.9595,52.2545],[-126.9,52.1883],[-126.8263,52.1251],[-126.7386,52.0649],[-126.714,52.0607],[-126.7526,52.1124],[-126.8952,52.2255],[-126.9014,52.2653],[-126.9382,52.3086],[-127.1271,52.3709],[-127.1606,52.3949],[-127.194,52.4577],[-127.2083,52.4982],[-127.1871,52.5377],[-126.9952,52.6579],[-126.9513,52.7212],[-126.9514,52.751],[-126.9664,52.7847],[-127.0083,52.8426],[-127.0193,52.8425],[-127.0064,52.7546],[-127.0132,52.72],[-127.0349,52.6817],[-127.0662,52.6527],[-127.1071,52.6328],[-127.5192,52.3593],[-127.5603,52.3432],[-127.7134,52.3185],[-127.7919,52.2894],[-127.8343,52.251],[-127.9022,52.1509],[-127.9954,51.9505],[-128.1022,51.7884],[-128.1936,51.9983],[-128.3576,52.1589],[-128.0375,52.3182],[-128.0291,52.3425],[-128.0603,52.4275],[-128.0516,52.4533],[-128.0213,52.4907],[-127.9402,52.5452],[-127.9434,52.5507],[-128.0382,52.5312],[-128.184,52.4079],[-128.241,52.3683],[-128.2715,52.363],[-128.2751,52.4355],[-128.1968,52.6233],[-128.1324,52.8058],[-128.1088,52.8581],[-128.0533,52.9107],[-128.106,52.9069],[-128.365,52.8258],[-128.452,52.8766],[-128.5247,53.1407],[-128.6523,53.2438],[-128.8686,53.3281],[-129.0809,53.3673],[-129.1295,53.4423],[-129.1716,53.5336],[-129.1145,53.6411],[-129.0214,53.6921],[-128.9356,53.7152],[-128.8546,53.7045],[-128.8504,53.6652],[-128.9056,53.5593],[-128.8331,53.5494],[-128.5421,53.4207],[-128.4786,53.4103],[-128.3581,53.4598],[-128.2911,53.4579],[-128.1327,53.4178],[-128.0792,53.3694],[-127.9278,53.2747],[-127.95,53.3298],[-128.1151,53.4459],[-128.2072,53.4832],[-128.3691,53.4904],[-128.4696,53.4709],[-128.5118,53.4766],[-128.6003,53.5061],[-128.6755,53.5546],[-128.7508,53.6608],[-128.7679,53.7102],[-128.7637,53.7469],[-128.7459,53.7802],[-128.7147,53.81],[-128.6529,53.8316],[-128.5604,53.8451],[-128.5321,53.8581],[-128.6509,53.9188],[-128.7048,53.9186],[-128.8902,53.8298],[-128.9278,53.8228],[-128.944,53.84],[-128.9594,53.8415],[-129.014,53.7975],[-129.0564,53.7778],[-129.2081,53.6416],[-129.2317,53.5764],[-129.2403,53.4791],[-129.2579,53.418],[-129.2843,53.3932],[-129.4624,53.3466],[-129.5637,53.2515],[-129.6867,53.3335],[-129.8218,53.4127],[-129.9119,53.5514],[-130.0744,53.5756],[-130.2633,53.6542],[-130.3353,53.7239],[-130.2329,53.8674],[-130.0859,53.9758],[-130.0635,54.1057],[-130.0433,54.1335],[-129.7908,54.1658],[-129.626,54.2303],[-129.795,54.2361],[-129.8984,54.2264],[-130.0842,54.1814],[-130.2903,54.2704],[-130.3968,54.3517],[-130.4303,54.421],[-130.3935,54.4796],[-130.3886,54.5394],[-130.37,54.62],[-130.3505,54.6553],[-130.3072,54.7003],[-130.2189,54.7303],[-130.1409,54.8228],[-130.1086,54.8873],[-129.9485,55.0811],[-129.8901,55.1646],[-129.7808,55.2805],[-129.5606,55.4625],[-129.6301,55.4522],[-129.6667,55.4367],[-129.7013,55.4386],[-129.7342,55.458],[-129.7655,55.4982],[-129.7952,55.5596],[-129.8119,55.5326],[-129.8156,55.4176],[-129.8377,55.3191],[-129.8771,55.2506],[-129.9852,55.1115],[-130.0485,55.0573],[-130.0918,55.1078],[-130.0584,55.1948],[-129.9958,55.2641],[-129.9852,55.3588],[-130.044,55.4719],[-130.08,55.5629],[-130.093,55.6318],[-130.0947,55.6948],[-130.0851,55.7517],[-130.0604,55.8137],[-130.0203,55.8808],[-130.0251,55.8882],[-130.0747,55.836],[-130.112,55.7798],[-130.1371,55.7194],[-130.1465,55.6545],[-130.1404,55.585],[-130.1204,55.5244],[-130.0595,55.4123],[-130.0393,55.3436],[-130.0366,55.2979],[-130.1718,55.137],[-130.2185,55.0603],[-130.2141,55.0259],[-130.2039,54.947],[-130.3494,54.8146],[-130.5355,54.7487],[-130.5753,54.7697],[-130.6158,54.7909],[-130.8496,54.8076],[-130.9346,54.9504],[-130.9797,55.0612],[-131.0479,55.1577],[-131.0459,55.1796],[-130.9839,55.2439],[-130.7504,55.297],[-130.7482,55.318],[-130.8351,55.3321],[-130.856,55.3551],[-130.8798,55.4595],[-130.8734,55.5511],[-130.8796,55.6118],[-130.9186,55.736],[-130.977,55.812],[-131.1277,55.9602],[-131.1404,55.9975],[-131.074,56.0444],[-131.0328,56.0881],[-131.2876,56.0121],[-131.6353,55.9322],[-131.7842,55.8766],[-131.8155,55.8542],[-131.8262,55.8354],[-131.7991,55.7828],[-131.8033,55.766],[-131.8336,55.7349],[-131.8694,55.6472],[-131.945,55.5541],[-131.9834,55.535],[-132.119,55.5698],[-132.1554,55.5996],[-132.2234,55.721],[-132.2075,55.7534],[-132.158,55.7807],[-132.0907,55.8396],[-132.0057,55.9301],[-131.8438,56.1601],[-131.738,56.1612],[-131.5514,56.2068],[-131.8442,56.2296],[-131.8879,56.2416],[-131.9273,56.273],[-131.9623,56.3237],[-132.0219,56.3801],[-132.1333,56.3999],[-132.182,56.4207],[-132.2556,56.4891],[-132.305,56.5199],[-132.332,56.5579],[-132.3367,56.6031],[-132.3577,56.6259],[-132.4344,56.6341],[-132.4759,56.6497],[-132.4871,56.7664],[-132.6395,56.7964],[-132.702,56.8223],[-132.8022,56.8952],[-132.8299,56.9306],[-132.8388,56.9602],[-132.8143,57.0407],[-132.8246,57.0558],[-132.9134,57.0475],[-133.4659,57.1722],[-133.4367,57.3369],[-133.539,57.5541],[-133.6487,57.6423],[-133.627,57.6765],[-133.6034,57.6947],[-133.5542,57.6951],[-133.3423,57.6311],[-133.1428,57.5551],[-133.117,57.5662],[-133.4357,57.7271],[-133.5155,57.7751],[-133.5352,57.833],[-133.5364,57.8639],[-133.5111,57.8801],[-133.2121,57.8657],[-133.1943,57.8777],[-133.4974,57.9247],[-133.5594,57.9245],[-133.6257,57.857],[-133.6573,57.841],[-133.7223,57.8442],[-133.7441,57.8546],[-133.8214,57.9364],[-133.8945,57.9933],[-134.0311,58.0722],[-134.0567,58.1284],[-134.0633,58.2111],[-134.0453,58.2893],[-133.9336,58.4679],[-133.8885,58.4987],[-133.8768,58.5182],[-133.9111,58.5152],[-133.9438,58.4983],[-134.0361,58.4153],[-134.1312,58.2793],[-134.2088,58.233],[-134.2576,58.2442],[-134.3314,58.2996],[-134.4854,58.3672],[-134.6636,58.3847],[-134.7761,58.4539],[-134.9425,58.6463],[-134.9648,58.7422],[-134.9861,58.7656],[-135.0765,58.7968],[-135.1318,58.8429],[-135.2174,59.0766],[-135.3303,59.2391],[-135.3584,59.3249],[-135.3489,59.4101],[-135.3637,59.4194],[-135.4025,59.3531],[-135.4127,59.3185],[-135.4841,59.3087],[-135.4169,59.2415],[-135.4001,59.2079],[-135.4337,59.2107],[-135.5023,59.2023],[-135.3861,59.0875],[-135.3341,58.9096],[-135.257,58.7777],[-135.2071,58.6709],[-135.1846,58.5897],[-135.1519,58.5122],[-135.062,58.3409],[-135.0497,58.3068],[-135.0605,58.2789],[-135.0902,58.2458],[-135.1416,58.2334],[-135.3025,58.2559],[-135.3631,58.2983],[-135.45,58.3761],[-135.5718,58.4121],[-135.8734,58.3942],[-135.8976,58.4002],[-135.8963,58.4638],[-135.8617,58.5771],[-135.8896,58.6227],[-136.0455,58.7891],[-136.0431,58.8216],[-135.8264,58.8979],[-135.9317,58.9038],[-136.0166,58.874],[-136.0494,58.8932],[-136.1006,58.9999],[-136.1337,59.0396],[-136.15,59.0481],[-136.1595,58.9468],[-136.1235,58.8935],[-136.1184,58.8626],[-136.1242,58.8196],[-136.1468,58.7888],[-136.1863,58.7702],[-136.2258,58.7655],[-136.299,58.7869],[-136.3803,58.8273],[-136.4512,58.8463],[-136.4776,58.8625],[-136.5112,58.9071],[-136.5662,58.9409],[-136.831,58.9838],[-136.989,59.0345],[-137.0021,59.0211],[-136.9528,58.9669],[-136.948,58.9349],[-136.9879,58.9251],[-137.059,58.8737],[-137.0384,58.8666],[-136.963,58.8835],[-136.8791,58.8815],[-136.7401,58.8502],[-136.6139,58.8093],[-136.5682,58.7863],[-136.5493,58.7524],[-136.5335,58.7402],[-136.4101,58.7006],[-136.4042,58.6798],[-136.4837,58.6177],[-136.3199,58.6245],[-136.2246,58.6022],[-136.1029,58.5063],[-136.0615,58.4527],[-136.056,58.3842],[-136.0813,58.3642],[-136.1296,58.3504],[-136.4624,58.328],[-136.5826,58.2452],[-136.6074,58.244],[-136.6989,58.2665],[-136.865,58.3324],[-137.0719,58.3952],[-137.544,58.5812],[-137.5569,58.5899],[-137.5646,58.6259],[-137.5971,58.6442],[-137.6611,58.6599],[-137.75,58.7071],[-137.8637,58.7855],[-137.934,58.8469],[-137.9609,58.891],[-138.0269,58.9415],[-138.2407,59.0468],[-138.3525,59.0873],[-138.4513,59.1101],[-138.5372,59.1151],[-138.5603,59.1292],[-138.5207,59.1522],[-138.5149,59.1659],[-138.7042,59.1875],[-138.8843,59.2369],[-139.341,59.3756],[-139.5768,59.4625],[-139.7145,59.504],[-139.7733,59.5273],[-139.7991,59.5462],[-139.7661,59.5661],[-139.6741,59.5868],[-139.6116,59.6103],[-139.513,59.6981],[-139.5056,59.7263],[-139.5585,59.7902],[-139.5822,59.8483],[-139.5812,59.8805],[-139.5691,59.9124],[-139.5541,59.9333],[-139.5123,59.9536],[-139.483,59.9638],[-139.4469,59.9568],[-139.331,59.877],[-139.3146,59.8479],[-139.32,59.7387],[-139.2867,59.6109],[-139.2763,59.6204],[-139.2656,59.6626],[-139.2587,59.7433],[-139.2457,59.7821],[-139.2208,59.8199],[-139.1789,59.8398],[-139.0483,59.8282],[-138.9881,59.835],[-139.2425,59.8928],[-139.4025,60.001],[-139.4314,60.0123],[-139.5189,60.0171],[-139.6117,59.9734],[-139.8502,59.8307],[-139.9169,59.8057],[-140.2167,59.7267],[-140.4198,59.7107],[-140.6484,59.7232],[-140.8432,59.7489],[-141.3319,59.8738],[-141.4083,59.9028],[-141.2946,59.98],[-141.2899,60.0042],[-141.3295,60.0828],[-141.3622,60.1053],[-141.4087,60.1177],[-141.4217,60.1088],[-141.4222,60.0855],[-141.4097,60.0423],[-141.4471,60.0194],[-141.5302,59.9948],[-141.6702,59.9699],[-142.1041,60.0334],[-142.5486,60.086],[-142.9457,60.097],[-143.5061,60.055],[-143.8051,60.0129],[-143.9795,60.0088],[-144.1472,60.0164],[-144.1609,60.0458],[-144.0843,60.063],[-144.0885,60.0843],[-144.1855,60.1507],[-144.3326,60.191],[-144.53,60.2052],[-144.643,60.2247],[-144.6716,60.2492],[-144.7414,60.2727],[-144.8524,60.2951],[-144.9013,60.3352],[-144.8625,60.4592],[-144.8244,60.5336],[-144.7866,60.5846],[-144.6911,60.6691],[-144.7244,60.6628],[-144.8631,60.6009],[-144.984,60.5369],[-145.096,60.4537],[-145.1627,60.4154],[-145.2483,60.3801],[-145.3818,60.3886],[-145.5631,60.4407],[-145.7185,60.4676],[-145.8478,60.4692],[-145.8989,60.4782],[-145.8106,60.5247],[-145.7598,60.562],[-145.6902,60.622],[-145.6749,60.6511],[-146.149,60.6607],[-146.1664,60.6923],[-146.1671,60.7155],[-146.1823,60.7348],[-146.251,60.7491],[-146.3472,60.7381],[-146.503,60.7008],[-146.5705,60.7291],[-146.5464,60.7451],[-146.4955,60.7568],[-146.392,60.8108],[-146.5319,60.8389],[-146.6036,60.8709],[-146.6384,60.8973],[-146.636,60.9925],[-146.5991,61.0535],[-146.2849,61.1126],[-146.3844,61.1358],[-146.5827,61.1278],[-146.7159,61.0775],[-146.874,61.0049],[-146.9802,60.9778],[-147.0343,60.9962],[-147.106,61.0025],[-147.195,60.9968],[-147.2549,60.9783],[-147.2856,60.9468],[-147.3211,60.9255],[-147.3614,60.9145],[-147.3906,60.918],[-147.4334,60.9503],[-147.5233,60.9703],[-147.5673,60.9949],[-147.5926,60.9794],[-147.6233,60.933],[-147.6557,60.9095],[-147.8076,60.8854],[-147.8911,60.8899],[-147.9908,60.9483],[-148.0051,60.9686],[-147.9712,61.019],[-147.7519,61.2189],[-147.7738,61.2178],[-147.8448,61.1864],[-147.9864,61.1065],[-148.0494,61.0827],[-148.1579,61.0797],[-148.2087,61.0883],[-148.27,61.0818],[-148.3419,61.0604],[-148.3888,61.037],[-148.4107,61.0115],[-148.3958,61.0071],[-148.2874,61.0362],[-148.2259,61.044],[-148.2087,61.0299],[-148.2932,60.9397],[-148.3444,60.8536],[-148.3933,60.8319],[-148.471,60.8355],[-148.5562,60.827],[-148.5574,60.8029],[-148.3987,60.734],[-148.3413,60.7243],[-148.2679,60.6997],[-148.2567,60.6753],[-148.2842,60.6093],[-148.305,60.5834],[-148.3384,60.5698],[-148.4678,60.5721],[-148.5096,60.5652],[-148.5966,60.5238],[-148.6401,60.4895],[-148.6243,60.4864],[-148.5491,60.5148],[-148.4398,60.53],[-148.2964,60.5321],[-148.1895,60.5471],[-148.1192,60.5751],[-148.0507,60.5672],[-147.984,60.5233],[-147.9641,60.4849],[-147.991,60.4519],[-148.046,60.4283],[-148.1292,60.4142],[-148.1817,60.3931],[-148.2036,60.3649],[-148.2159,60.3231],[-148.2187,60.2677],[-148.1976,60.1678],[-148.2138,60.1542],[-148.245,60.1468],[-148.2914,60.1455],[-148.3331,60.122],[-148.4307,59.9891],[-148.4651,59.9747],[-148.5061,59.989],[-148.5424,59.9874],[-148.5741,59.9701],[-148.6436,59.9568],[-148.7509,59.9478],[-148.8427,59.9512],[-149.0042,59.98],[-149.0701,60.0002],[-149.1216,60.0335],[-149.2666,59.9983],[-149.3049,60.0137],[-149.3953,60.1058],[-149.4148,60.1002],[-149.4322,60.001],[-149.4597,59.9663],[-149.5492,59.8943],[-149.598,59.7705],[-149.6129,59.7668],[-149.6296,59.7847],[-149.6847,59.8953],[-149.7139,59.9196],[-149.7948,59.8558],[-149.8037,59.8327],[-149.7825,59.7503],[-149.8013,59.7379],[-149.965,59.7823],[-150.0053,59.7844],[-150.016,59.777],[-149.9602,59.713],[-149.9665,59.69],[-150.198,59.5666],[-150.2585,59.5709],[-150.2965,59.5833],[-150.3381,59.5813],[-150.4854,59.5353],[-150.526,59.5373],[-150.5815,59.5646],[-150.6074,59.5634],[-150.6211,59.5351],[-150.6229,59.4796],[-150.6774,59.427],[-150.8528,59.3418],[-150.8993,59.3027],[-150.9345,59.2491],[-150.9607,59.244],[-151.0636,59.2784],[-151.1828,59.3008],[-151.1992,59.2896],[-151.163,59.2569],[-151.1707,59.2369],[-151.2223,59.2294],[-151.2875,59.2323],[-151.3664,59.2456],[-151.477,59.2306],[-151.6194,59.1873],[-151.7382,59.1885],[-151.9039,59.2598],[-151.9495,59.2651],[-151.9641,59.2851],[-151.9317,59.3427],[-151.8846,59.3863],[-151.85,59.4063],[-151.6926,59.4622],[-151.5127,59.4827],[-151.3996,59.5163],[-151.2621,59.5856],[-151.1894,59.6377],[-151.0465,59.7718],[-151.0573,59.7822],[-151.0895,59.7894],[-151.4037,59.6623],[-151.4501,59.6504],[-151.5126,59.6513],[-151.7638,59.7],[-151.8169,59.7209],[-151.8532,59.7821],[-151.7834,59.9211],[-151.7345,59.9883],[-151.6119,60.092],[-151.4515,60.2026],[-151.396,60.2745],[-151.3127,60.4665],[-151.3175,60.5536],[-151.355,60.6599],[-151.3564,60.7229],[-151.3218,60.7429],[-150.9538,60.8412],[-150.7795,60.9148],[-150.4413,61.0236],[-150.3491,61.0227],[-150.2815,60.9852],[-150.2028,60.9552],[-150.113,60.9328],[-149.9976,60.9352],[-149.8562,60.9623],[-149.6325,60.952],[-149.1729,60.8804],[-149.0751,60.8764],[-149.0713,60.8855],[-149.1422,60.9357],[-149.4591,60.9647],[-149.5925,60.9938],[-149.9677,61.1217],[-150.0533,61.1711],[-150.0186,61.1942],[-149.9268,61.2133],[-149.8953,61.2317],[-149.882,61.2637],[-149.8292,61.3075],[-149.7369,61.3633],[-149.596,61.4173],[-149.3291,61.4974],[-149.4335,61.5008],[-149.6254,61.486],[-149.6953,61.4707],[-149.8237,61.4134],[-149.8737,61.373],[-149.9452,61.2942],[-149.9757,61.2793],[-150.1089,61.2679],[-150.4718,61.26],[-150.5332,61.3002],[-150.5672,61.3068],[-150.6123,61.3011],[-150.9455,61.1982],[-151.065,61.1457],[-151.1501,61.0858],[-151.2819,61.0419],[-151.4601,61.0141],[-151.5935,60.9796],[-151.734,60.9107],[-151.7816,60.858],[-151.7844,60.8332],[-151.7505,60.7549],[-151.7851,60.7402],[-151.8662,60.7341],[-151.9962,60.6822],[-152.2707,60.5281],[-152.3066,60.4722],[-152.3051,60.453],[-152.2603,60.4094],[-152.2915,60.3811],[-152.3688,60.3363],[-152.5409,60.2654],[-152.654,60.2384],[-152.7273,60.2371],[-152.7979,60.2472],[-152.9234,60.2929],[-153.025,60.2957],[-153.0312,60.2893],[-152.8929,60.2404],[-152.7524,60.1775],[-152.6647,60.1253],[-152.6301,60.0838],[-152.6286,60.0411],[-152.6601,59.9972],[-152.7595,59.9209],[-152.8569,59.8981],[-153.1061,59.875],[-153.1864,59.8569],[-153.2112,59.8427],[-153.0401,59.8105],[-153.0246,59.794],[-153.0481,59.73],[-153.0936,59.7091],[-153.2362,59.6709],[-153.364,59.6599],[-153.3835,59.6672],[-153.3596,59.7175],[-153.3665,59.7298],[-153.4144,59.7401],[-153.4826,59.7209],[-153.6525,59.647],[-153.6707,59.6348],[-153.6094,59.615],[-153.6223,59.5985],[-153.7144,59.5453],[-153.7526,59.5099],[-153.8142,59.4737],[-154.0883,59.3633],[-154.0675,59.3364],[-154.1388,59.2401],[-154.1783,59.1556],[-154.1298,59.1199],[-153.8996,59.078],[-153.7879,59.0679],[-153.6564,59.0387],[-153.4183,58.96],[-153.339,58.9085],[-153.3271,58.8843],[-153.3344,58.8579],[-153.3629,58.8222],[-153.4376,58.7548],[-153.6173,58.6547],[-153.6986,58.6264],[-153.8215,58.6041],[-153.862,58.5878],[-154.0199,58.493],[-154.0625,58.4417],[-154.0557,58.3972],[-154.0859,58.3658],[-154.289,58.3043],[-154.2818,58.2935],[-154.2081,58.2888],[-154.2351,58.2346],[-154.247,58.1594],[-154.2823,58.1468],[-154.4092,58.1473],[-154.5706,58.1181],[-154.5819,58.1098],[-154.5849,58.0557],[-155.0069,58.0161],[-155.0993,57.9133],[-155.1474,57.8818],[-155.3127,57.8071],[-155.414,57.7771],[-155.5296,57.7589],[-155.5902,57.7336],[-155.5959,57.7011],[-155.6287,57.673],[-155.729,57.6266],[-155.778,57.5682],[-155.8137,57.559],[-156.0002,57.545],[-156.0374,57.5265],[-156.0554,57.4476],[-156.0899,57.4451],[-156.156,57.4634],[-156.2422,57.4492],[-156.4359,57.36],[-156.4784,57.3279],[-156.4737,57.3107],[-156.4436,57.2937],[-156.3977,57.2406],[-156.4005,57.2048],[-156.4751,57.1052],[-156.5013,57.0898],[-156.592,57.0651],[-156.629,57.01],[-156.7126,57.0161],[-156.7799,57.0056],[-156.8239,56.9688],[-156.8717,56.9477],[-156.9234,56.9421],[-156.9884,56.9129],[-157.0667,56.8602],[-157.1392,56.8266],[-157.2058,56.8121],[-157.2706,56.8085],[-157.3336,56.8159],[-157.3902,56.8098],[-157.4406,56.7903],[-157.4896,56.7598],[-157.5287,56.6732],[-157.5784,56.6345],[-157.6098,56.6277],[-157.6739,56.6334],[-157.7707,56.6517],[-157.8691,56.6452],[-158.0279,56.5921],[-158.0783,56.5521],[-157.9783,56.5432],[-157.9287,56.5317],[-157.93,56.5205],[-157.9822,56.5096],[-158.0709,56.5104],[-158.1244,56.501],[-158.1894,56.4782],[-158.3525,56.4535],[-158.4144,56.4358],[-158.5374,56.3354],[-158.5521,56.3127],[-158.5364,56.3077],[-158.4673,56.3183],[-158.3861,56.3016],[-158.344,56.2803],[-158.317,56.2542],[-158.2914,56.2037],[-158.2756,56.1962],[-158.4318,56.1115],[-158.4761,56.0755],[-158.5047,56.0621],[-158.5233,56.0725],[-158.5427,56.1668],[-158.5544,56.1829],[-158.5912,56.1845],[-158.6268,56.1547],[-158.7049,56.0431],[-158.7898,55.9869],[-159.4294,55.8427],[-159.5232,55.81],[-159.5413,55.7485],[-159.5676,55.6952],[-159.6101,55.6528],[-159.6597,55.6259],[-159.6703,55.645],[-159.6653,55.7949],[-159.6785,55.8247],[-159.743,55.8438],[-159.7714,55.8411],[-159.8104,55.8327],[-159.8744,55.8003],[-159.9135,55.7922],[-159.9623,55.7949],[-160.0457,55.7629],[-160.2438,55.6605],[-160.3732,55.6351],[-160.4074,55.6138],[-160.4627,55.5578],[-160.4993,55.5373],[-160.5535,55.5355],[-160.6252,55.5524],[-160.6829,55.5404],[-160.7265,55.4997],[-160.7708,55.4835],[-160.8967,55.5136],[-160.9522,55.4931],[-161.0242,55.4404],[-161.0995,55.4057],[-161.178,55.3889],[-161.3819,55.3713],[-161.4639,55.3825],[-161.4805,55.3978],[-161.4767,55.4649],[-161.4438,55.5133],[-161.4133,55.5361],[-161.3727,55.5563],[-161.3133,55.5586],[-161.2021,55.5436],[-161.2147,55.5598],[-161.2551,55.579],[-161.3575,55.6122],[-161.4588,55.6292],[-161.5169,55.6184],[-161.5988,55.5928],[-161.6543,55.5634],[-161.6835,55.5299],[-161.7204,55.4207],[-161.7416,55.3912],[-161.9803,55.1986],[-162.074,55.1393],[-162.1666,55.1437],[-162.2115,55.1213],[-162.2747,55.0732],[-162.3329,55.0502],[-162.3864,55.0523],[-162.4279,55.0615],[-162.4575,55.0777],[-162.4524,55.0928],[-162.4125,55.1069],[-162.4268,55.1454],[-162.4953,55.2084],[-162.5419,55.2427],[-162.6304,55.2467],[-162.6441,55.218],[-162.6143,55.0715],[-162.6189,55.0384],[-162.6744,54.9966],[-162.8196,54.95],[-162.865,54.9545],[-162.9959,55.0465],[-163.1196,55.0647],[-163.1278,55.0348],[-163.1002,54.9736],[-163.1311,54.9166],[-163.2206,54.8634],[-163.2886,54.8376],[-163.3353,54.8392],[-163.3379,54.8764],[-163.2963,54.9493],[-163.2857,55.01],[-163.306,55.0585],[-163.3037,55.0958],[-163.2788,55.1218],[-163.1145,55.1939],[-163.0454,55.2047],[-163.0083,55.1869],[-162.962,55.1838],[-162.9066,55.1956],[-162.8716,55.2186],[-162.8571,55.253],[-162.7862,55.2971],[-162.659,55.3508],[-162.5134,55.45],[-162.3494,55.5947],[-162.1571,55.7194],[-161.9366,55.8242],[-161.6973,55.9072],[-161.2156,56.0214],[-161.1786,56.0145],[-161.2226,55.9774],[-161.1925,55.9543],[-161.1452,55.9513],[-160.9687,55.9696],[-160.8986,55.9937],[-160.8778,55.9705],[-160.9024,55.9413],[-161.0084,55.9117],[-161.0054,55.8872],[-160.8513,55.7719],[-160.8028,55.7544],[-160.7626,55.7566],[-160.7455,55.7715],[-160.7584,55.8546],[-160.7063,55.8705],[-160.5997,55.8743],[-160.5302,55.8635],[-160.4979,55.8379],[-160.4369,55.8167],[-160.3473,55.7999],[-160.2917,55.8051],[-160.2701,55.8322],[-160.3085,55.8645],[-160.4799,55.9354],[-160.5274,55.965],[-160.5391,56.0063],[-160.5147,56.0591],[-160.4608,56.1375],[-160.3775,56.2415],[-160.3021,56.3141],[-160.1493,56.3963],[-160.0462,56.437],[-159.7851,56.5616],[-159.2831,56.6886],[-159.159,56.7701],[-158.9904,56.8601],[-158.918,56.8822],[-158.918,56.8474],[-158.8949,56.8164],[-158.7821,56.7958],[-158.7088,56.7886],[-158.6751,56.7949],[-158.6659,56.8279],[-158.6811,56.8877],[-158.6848,56.9442],[-158.6772,56.9974],[-158.6608,57.0394],[-158.5856,57.1141],[-158.4737,57.1991],[-158.3209,57.2979],[-158.2245,57.3427],[-158.1335,57.3664],[-158.0457,57.4095],[-157.8943,57.5114],[-157.8458,57.5281],[-157.7372,57.5481],[-157.6974,57.5393],[-157.674,57.5137],[-157.6456,57.4978],[-157.5353,57.4834],[-157.4619,57.5062],[-157.4739,57.5182],[-157.5335,57.5259],[-157.5716,57.5407],[-157.6076,57.6015],[-157.6807,57.6381],[-157.6972,57.6794],[-157.684,57.7439],[-157.6212,57.8952],[-157.6109,58.0508],[-157.555,58.1399],[-157.4427,58.1722],[-157.1937,58.1942],[-157.3394,58.2345],[-157.3936,58.2348],[-157.4884,58.2537],[-157.5244,58.3507],[-157.5236,58.4213],[-157.4609,58.503],[-157.2289,58.6409],[-156.9747,58.7363],[-157.009,58.7442],[-157.0405,58.7726],[-156.9232,58.9637],[-156.8089,59.1343],[-156.9634,58.9889],[-157.142,58.8776],[-157.6657,58.7485],[-158.0219,58.6402],[-158.1909,58.6143],[-158.3026,58.6418],[-158.3896,58.7457],[-158.4393,58.7826],[-158.5032,58.8503],[-158.4763,58.9384],[-158.4256,58.9993],[-158.3145,59.0093],[-158.1892,58.9799],[-158.0805,58.9774],[-158.2206,59.0375],[-158.4228,59.0898],[-158.5144,59.0729],[-158.5845,58.9878],[-158.6783,58.9294],[-158.7606,58.9501],[-158.8095,58.9739],[-158.7755,58.9025],[-158.8377,58.7939],[-158.8614,58.7188],[-158.7721,58.5203],[-158.7886,58.441],[-158.9507,58.4045],[-159.0827,58.4698],[-159.3582,58.7213],[-159.4542,58.7929],[-159.6703,58.9111],[-159.7415,58.8943],[-159.8322,58.836],[-159.9202,58.8199],[-160.1526,58.9059],[-160.2608,58.9715],[-160.3631,59.0512],[-160.5199,59.0073],[-160.6566,58.9551],[-160.8171,58.8717],[-160.9243,58.8724],[-161.2159,58.801],[-161.2468,58.7995],[-161.2879,58.7609],[-161.3281,58.7437],[-161.3613,58.6695],[-161.7555,58.612],[-162.1449,58.6442],[-162.0087,58.685],[-161.8565,58.7171],[-161.7244,58.7943],[-161.7805,58.8974],[-161.7903,58.95],[-161.7887,59.0164],[-161.6444,59.1097],[-161.7945,59.1095],[-161.8908,59.0761],[-161.9811,59.1461],[-162.0233,59.284],[-161.9201,59.3655],[-161.8722,59.4283],[-161.8317,59.5145],[-161.8287,59.5886],[-161.9086,59.7141],[-162.1381,59.98],[-162.2425,60.1783],[-162.4213,60.284],[-162.2878,60.4569],[-162.1389,60.6144],[-161.9466,60.6848],[-161.962,60.6954],[-162.0683,60.6949],[-162.138,60.6855],[-162.1999,60.6343],[-162.265,60.5952],[-162.4687,60.3947],[-162.5997,60.297],[-162.685,60.2689],[-162.5477,60.2311],[-162.527,60.1991],[-162.5005,60.1266],[-162.5356,60.0384],[-162.5708,59.9897],[-162.7326,59.9937],[-162.8778,59.9228],[-163.2194,59.8456],[-163.6804,59.8015],[-163.9069,59.8068],[-164.1428,59.8968],[-164.1411,59.9489],[-164.1315,59.9942],[-164.4705,60.1493],[-164.6623,60.3038],[-164.8,60.3072],[-164.9197,60.3484],[-165.0611,60.4125],[-165.0487,60.4643],[-165.0265,60.5006],[-165.1133,60.5261],[-165.2245,60.5236],[-165.3538,60.5412],[-165.016,60.74],[-164.8998,60.8731],[-164.8052,60.892],[-164.6824,60.8715],[-164.5129,60.819],[-164.3701,60.7959],[-164.3185,60.7713],[-164.2657,60.7247],[-164.3214,60.6466],[-164.3724,60.5918],[-164.3097,60.6067],[-164.1318,60.6915],[-163.9996,60.7661],[-163.9361,60.7583],[-163.8949,60.7452],[-163.8214,60.6683],[-163.73,60.59],[-163.5287,60.6646],[-163.4209,60.7574],[-163.5119,60.7981],[-163.623,60.8222],[-163.9065,60.8538],[-163.8373,60.8804],[-163.6554,60.8775],[-163.5869,60.903],[-163.6589,60.9382],[-163.749,60.9697],[-163.9946,60.8647],[-164.4416,60.87],[-164.754,60.9313],[-165.0656,60.9207],[-165.1148,60.9328],[-165.1755,60.9657],[-164.9999,61.0437],[-164.8756,61.0868],[-164.869,61.1118],[-164.9412,61.1149],[-165.0771,61.0942],[-165.1377,61.1301],[-165.1278,61.1924],[-165.15,61.1869],[-165.2038,61.1528],[-165.2798,61.1696],[-165.3449,61.1977],[-165.3108,61.2276],[-165.2439,61.2687],[-165.2736,61.2749],[-165.3337,61.2661],[-165.392,61.2123],[-165.3793,61.1688],[-165.3808,61.1063],[-165.4805,61.0949],[-165.5659,61.1023],[-165.6276,61.1652],[-165.6914,61.2999],[-165.864,61.3357],[-165.9063,61.4038],[-165.7971,61.4912],[-165.8453,61.5362],[-165.9613,61.5509],[-166.094,61.5067],[-166.1527,61.5459],[-166.1635,61.589],[-166.1681,61.6508],[-166.1312,61.6573],[-166.1005,61.6451],[-165.8346,61.6794],[-165.8089,61.6961],[-166.0199,61.7483],[-166.0788,61.8031],[-165.9914,61.8342],[-165.8338,61.8368],[-165.6128,61.8693],[-165.7058,61.9274],[-165.7252,61.9594],[-165.7439,62.0117],[-165.7073,62.1004],[-165.4477,62.3039],[-165.1945,62.4735],[-165.1156,62.5127],[-164.9997,62.5338],[-164.8918,62.5176],[-164.7792,62.4812],[-164.7579,62.4967],[-164.7961,62.5116],[-164.8444,62.5811],[-164.688,62.6083],[-164.5963,62.6867],[-164.5895,62.7094],[-164.689,62.6768],[-164.7927,62.6232],[-164.8187,62.6771],[-164.8454,62.801],[-164.7997,62.9181],[-164.7641,62.9706],[-164.6774,63.0205],[-164.4281,63.0404],[-164.3842,63.0305],[-164.3751,63.054],[-164.5252,63.1276],[-164.4633,63.1852],[-164.409,63.215],[-164.1076,63.2617],[-163.9429,63.2472],[-163.7362,63.1928],[-163.6163,63.1251],[-163.6337,63.0904],[-163.6636,63.0703],[-163.7257,63.0478],[-163.749,63.0303],[-163.7378,63.0164],[-163.6494,63.0568],[-163.5043,63.1059],[-163.4232,63.0845],[-163.3588,63.0458],[-163.2878,63.0464],[-163.0623,63.0797],[-162.9477,63.115],[-162.8078,63.2066],[-162.6215,63.2658],[-162.3598,63.4526],[-162.2828,63.5292],[-162.1933,63.541],[-162.1125,63.5342],[-162.0563,63.4713],[-161.974,63.4529],[-161.5054,63.4682],[-161.266,63.497],[-161.0997,63.5579],[-160.9267,63.6605],[-160.8265,63.7293],[-160.7786,63.8189],[-160.8405,63.9349],[-160.904,64.0312],[-160.9875,64.2513],[-161.2201,64.3966],[-161.3857,64.4399],[-161.4907,64.4338],[-161.4146,64.5264],[-161.1931,64.5164],[-161.0488,64.5345],[-160.9319,64.5791],[-160.8937,64.6129],[-160.836,64.6819],[-160.8559,64.7556],[-160.887,64.7956],[-160.9675,64.8396],[-161.0632,64.904],[-161.1302,64.9254],[-161.1869,64.924],[-161.4664,64.7949],[-161.634,64.7925],[-161.7594,64.8163],[-161.8683,64.7427],[-162.1723,64.6781],[-162.3346,64.6128],[-162.6357,64.4508],[-162.7111,64.3775],[-162.807,64.3742],[-162.8764,64.5164],[-163.2039,64.652],[-163.3028,64.6059],[-163.2483,64.5633],[-163.1741,64.533],[-163.0518,64.5197],[-163.1045,64.4786],[-163.1443,64.4238],[-163.267,64.4752],[-163.4862,64.5498],[-163.7131,64.5882],[-164.304,64.5839],[-164.6918,64.5074],[-164.7275,64.5233],[-164.7649,64.5296],[-164.8295,64.5114],[-164.8573,64.4803],[-164.8995,64.4606],[-164.9788,64.4537],[-165.1381,64.4652],[-165.4462,64.5128],[-166.1428,64.5828],[-166.3251,64.6257],[-166.4814,64.7281],[-166.4781,64.7976],[-166.4087,64.827],[-166.4152,64.9265],[-166.5509,64.953],[-166.827,65.0961],[-166.9284,65.1571],[-166.9064,65.1638],[-166.8568,65.1473],[-166.7625,65.1349],[-166.531,65.1547],[-166.4517,65.2473],[-166.2797,65.2738],[-166.1215,65.2607],[-166.157,65.2858],[-166.1974,65.3056],[-166.6094,65.3527],[-166.6654,65.3383],[-167.404,65.4221],[-167.9873,65.5678],[-168.035,65.5956],[-168.0884,65.6578],[-168.0097,65.7191],[-167.9306,65.7481],[-167.927,65.7144],[-167.9144,65.6812],[-167.58,65.7583],[-167.4053,65.8593],[-167.0742,65.8771],[-166.9972,65.9049],[-166.8944,65.9592],[-166.7477,66.0519],[-166.5401,66.1006],[-166.3987,66.1444],[-166.2146,66.1703],[-166.0574,66.1272],[-166.0089,66.1213],[-165.7237,66.1125],[-165.6299,66.1312],[-165.59,66.1451],[-165.5602,66.1671],[-165.8402,66.2451],[-165.8119,66.2885],[-165.7762,66.319],[-165.4494,66.4099],[-165.1983,66.4399],[-165.064,66.4378],[-164.6741,66.555],[-164.4605,66.5884],[-164.0583,66.6107],[-163.7277,66.6165],[-163.6382,66.5747],[-163.8157,66.5835],[-163.8939,66.5759],[-163.8382,66.5616],[-163.7755,66.5311],[-163.7937,66.4926],[-163.9029,66.3784],[-163.8939,66.2869],[-163.965,66.2573],[-164.0337,66.2155],[-163.6954,66.0838],[-163.1714,66.0754],[-162.8865,66.0992],[-162.7218,66.0598],[-162.5869,66.0508],[-162.2143,66.071],[-161.9337,66.0429],[-161.8163,66.0537],[-161.5568,66.2505],[-161.4554,66.2814],[-161.3451,66.2472],[-161.2011,66.2194],[-161.1092,66.2395],[-161.0343,66.1888],[-161.0695,66.2946],[-161.1203,66.3343],[-161.5444,66.407],[-161.8282,66.3709],[-161.9169,66.4118],[-161.8876,66.4931],[-162.1912,66.6931],[-162.3177,66.7337],[-162.4674,66.7356],[-162.5437,66.8051],[-162.6074,66.8944],[-162.4783,66.9308],[-162.3616,66.9473],[-162.2536,66.9187],[-162.1314,66.8014],[-162.0176,66.7841],[-162.0507,66.6673],[-161.9096,66.5596],[-161.591,66.4595],[-161.3359,66.4963],[-161.1558,66.4953],[-161.0481,66.4742],[-160.7845,66.3844],[-160.6505,66.3731],[-160.2317,66.4203],[-160.2273,66.5085],[-160.2625,66.5725],[-160.3609,66.6125],[-160.6438,66.605],[-160.864,66.6709],[-161.0515,66.6528],[-161.398,66.5519],[-161.5717,66.5916],[-161.6809,66.6455],[-161.8567,66.7003],[-161.8788,66.804],[-161.7313,66.9228],[-161.6222,66.9793],[-161.7199,67.0206],[-161.9654,67.0496],[-162.3916,67.0199],[-162.4116,67.0603],[-162.4094,67.104],[-162.5831,67.0185],[-162.7614,67.0364],[-163.0017,67.0273],[-163.5318,67.1026],[-163.7206,67.1956],[-163.7998,67.271],[-163.9427,67.4776],[-164.1252,67.6067],[-165.386,68.0456],[-165.9596,68.1559],[-166.2359,68.2779],[-166.4091,68.308],[-166.5745,68.3203],[-166.7863,68.3596],[-166.6439,68.408],[-166.5459,68.4244],[-166.6479,68.3738],[-166.5704,68.3611],[-166.447,68.3902],[-166.3805,68.4251],[-166.283,68.5732],[-166.182,68.7972],[-166.2091,68.8854],[-165.5095,68.8676],[-165.0439,68.8825],[-164.8897,68.9024],[-164.3023,68.9365],[-164.1502,68.9612],[-163.8679,69.0367],[-163.5357,69.1701],[-163.2505,69.3454],[-163.2052,69.3925],[-163.1871,69.3805],[-163.1615,69.3879],[-163.131,69.4543],[-163.0936,69.6107],[-162.9521,69.7581],[-162.3504,70.0941],[-162.0711,70.2272],[-161.978,70.2876],[-161.881,70.3317],[-161.8126,70.2898],[-161.7799,70.2773],[-161.7611,70.2577],[-161.8184,70.2484],[-161.912,70.2055],[-162.0424,70.1767],[-162.0739,70.162],[-161.9974,70.1652],[-161.7682,70.1965],[-161.639,70.2345],[-160.9963,70.3046],[-160.6477,70.4206],[-160.6341,70.4464],[-160.1171,70.5912],[-160.0456,70.5856],[-159.9631,70.5682],[-160.1064,70.4726],[-160.0056,70.4476],[-160.0951,70.3333],[-159.9076,70.3314],[-159.8657,70.2789],[-159.8552,70.3242],[-159.8575,70.3893],[-159.8426,70.453],[-159.815,70.4971],[-159.6833,70.4771],[-159.3868,70.5245],[-159.7462,70.5305],[-159.9618,70.6341],[-160.0816,70.6349],[-159.6809,70.7868],[-159.3145,70.8785],[-159.2317,70.8768],[-159.1917,70.8597],[-159.1832,70.8319],[-159.2622,70.8139],[-159.3398,70.7812],[-159.3041,70.7525],[-159.2512,70.7484],[-159.075,70.7721],[-158.9963,70.8016],[-158.6209,70.799],[-158.5108,70.8201],[-158.4844,70.8411],[-157.9985,70.8453],[-157.9094,70.8601],[-157.6056,70.9413],[-157.3248,71.0396],[-157.1953,71.0933],[-156.9733,71.23],[-156.7833,71.3189],[-156.4702,71.4077],[-156.3953,71.3967],[-156.4967,71.3791],[-156.5672,71.3416],[-156.47,71.2916],[-155.8111,71.1884],[-155.6456,71.1828],[-155.5794,71.1211],[-155.6346,71.0616],[-155.8043,70.9954],[-156.1466,70.9278],[-156.0419,70.9022],[-155.9735,70.842],[-155.8722,70.8347],[-155.7081,70.8573],[-155.5794,70.8943],[-155.3134,71.015],[-155.2297,71.0822],[-155.1668,71.0992],[-154.9438,71.0831],[-154.8175,71.0485],[-154.6737,70.9871],[-154.7263,70.9278],[-154.7852,70.8943],[-154.5986,70.848],[-154.3922,70.8383],[-154.1952,70.8011],[-153.9182,70.8773],[-153.7014,70.8936],[-153.4977,70.8911],[-153.2329,70.9326],[-152.7849,70.876],[-152.6709,70.8907],[-152.4912,70.881],[-152.3004,70.8468],[-152.2329,70.8104],[-152.4373,70.7333],[-152.4706,70.6536],[-152.3992,70.6205],[-152.2697,70.6147],[-152.2534,70.5683],[-152.1729,70.5566],[-151.769,70.5602],[-151.7999,70.538],[-151.8196,70.5113],[-151.9447,70.4521],[-151.2248,70.4188],[-151.128,70.4516],[-150.9791,70.4647],[-150.6626,70.5099],[-150.5435,70.4901],[-150.4032,70.4439],[-150.2736,70.4343],[-150.1525,70.4437],[-149.8701,70.5097],[-149.544,70.5129],[-149.4106,70.4914],[-149.2694,70.5008],[-148.8448,70.4252],[-148.6884,70.4163],[-148.4792,70.3179],[-148.3711,70.315],[-148.2488,70.3567],[-148.1427,70.3555],[-148.0391,70.3155],[-147.8695,70.3033],[-147.7906,70.2401],[-147.7054,70.2172],[-147.0629,70.1704],[-146.7449,70.1917],[-146.2812,70.1861],[-146.0577,70.1562],[-145.8231,70.1601],[-145.4401,70.0509],[-145.2368,70.0339],[-145.1974,70.0087],[-144.6192,69.9821],[-144.4169,70.039],[-144.0641,70.0541],[-143.7464,70.102],[-143.5664,70.1015],[-143.357,70.0896],[-143.2765,70.0953],[-143.2183,70.1163],[-142.7079,70.0338],[-142.4221,69.9395],[-142.297,69.8699],[-141.6992,69.7704],[-141.5264,69.7147],[-141.4079,69.6534],[-141.3386,69.6468],[-141.2896,69.6647],[-141.0808,69.6594],[-141.0021,69.6508],[-140.86,69.6353],[-140.4051,69.6025],[-139.9766,69.6217],[-139.1815,69.5155],[-138.6899,69.3168],[-138.291,69.219],[-138.1284,69.152],[-137.8694,69.0928],[-137.26,68.9641],[-137.0704,68.9509],[-136.7173,68.8892],[-136.4987,68.8973],[-136.1224,68.8822],[-135.8666,68.8326],[-135.3622,68.6964],[-135.2588,68.6843],[-135.2312,68.6943],[-135.4069,68.829],[-135.4346,68.842],[-135.638,68.8922],[-135.8763,68.917],[-135.8947,68.9267],[-135.939,68.9742],[-135.9248,68.9926],[-135.8729,69.001],[-135.6952,69.0006],[-135.59,69.0083],[-135.5755,69.027],[-135.6513,69.0313],[-135.7426,69.0494],[-135.8497,69.0814],[-135.9102,69.1115],[-135.6915,69.3112],[-135.6149,69.291],[-135.4996,69.3372],[-135.2928,69.3079],[-135.255,69.3238],[-135.2298,69.4252],[-135.199,69.4496],[-135.1408,69.4678],[-134.8529,69.4859],[-134.4938,69.4679],[-134.4568,69.4776],[-134.4912,69.5453],[-134.4954,69.5719],[-134.4737,69.6328],[-134.4515,69.6655],[-134.4089,69.6818],[-134.242,69.6688],[-134.1899,69.6388],[-134.134,69.5873],[-134.0775,69.5579],[-133.9,69.5282],[-133.8798,69.5077],[-133.9475,69.4295],[-134.0184,69.3885],[-134.165,69.2806],[-134.1743,69.2528],[-133.948,69.3013],[-133.694,69.3684],[-133.4759,69.4054],[-133.2937,69.4122],[-133.1631,69.4339],[-133.0844,69.4707],[-133.0283,69.5083],[-132.9153,69.6296],[-132.8403,69.6507],[-132.5268,69.6433],[-132.4523,69.6469],[-132.4039,69.6587],[-132.4127,69.6741],[-132.479,69.6929],[-132.5684,69.6981],[-132.5706,69.7067],[-132.5375,69.7266],[-132.4885,69.7381],[-132.334,69.7518],[-132.2324,69.7082],[-132.1634,69.705],[-131.9341,69.7535],[-131.5818,69.8821],[-131.4409,69.9179],[-131.3189,69.9242],[-131.2159,69.9008],[-131.1364,69.9069],[-131.0318,69.9795],[-130.9906,70.0181],[-130.9262,70.0516],[-130.6655,70.1271],[-130.4984,70.1432],[-130.3964,70.1292],[-130.275,70.098],[-130.175,70.0859],[-130.0433,70.0951],[-129.945,70.0909],[-129.898,70.1062],[-129.7301,70.1921],[-129.6756,70.193],[-129.623,70.1676],[-129.5384,70.1052],[-129.5382,70.0739],[-129.6483,69.9978],[-130.4588,69.78],[-130.7085,69.686],[-130.8321,69.6515],[-130.9601,69.632],[-131.208,69.6158],[-131.3063,69.5966],[-131.4729,69.5795],[-131.8628,69.5494],[-131.9378,69.5347],[-131.9888,69.5176],[-132.1288,69.4023],[-132.1968,69.3647],[-132.3308,69.308],[-132.4812,69.2731],[-132.6867,69.2599],[-132.8175,69.2058],[-132.968,69.1014],[-133.0895,69.0288],[-133.2282,68.9671],[-133.379,68.8867],[-133.4183,68.8443],[-133.3734,68.7885],[-133.3484,68.7699],[-133.1968,68.7398],[-133.138,68.7466],[-133.1922,68.7765],[-133.3195,68.8197],[-133.3367,68.8353],[-133.304,68.8474],[-132.706,68.8149],[-132.5776,68.8478],[-132.5327,68.8756],[-132.5422,68.8899],[-132.7043,68.8959],[-132.7391,68.9225],[-132.7647,68.9725],[-132.7701,69.0122],[-132.7555,69.0416],[-132.7189,69.0792],[-132.5452,69.1406],[-132.3581,69.1669],[-132.214,69.2017],[-132.1344,69.2345],[-131.9196,69.2905],[-131.8334,69.336],[-131.7869,69.3713],[-131.7811,69.3889],[-131.8202,69.4016],[-131.7884,69.432],[-131.6318,69.4591],[-131.5629,69.4614],[-131.3429,69.4354],[-131.303,69.4151],[-131.3247,69.3612],[-131.2939,69.3637],[-131.209,69.4322],[-131.1617,69.455],[-131.1128,69.4595],[-131.0634,69.4507],[-131.0134,69.4287],[-130.9863,69.3629],[-130.982,69.2533],[-130.9707,69.2091],[-130.9143,69.2849],[-130.875,69.32],[-130.6607,69.4813],[-130.516,69.5697],[-130.3536,69.6558],[-130.1176,69.7201],[-129.5721,69.8267],[-129.2648,69.8554],[-129.1091,69.8819],[-129.0329,69.905],[-128.9843,69.9334],[-128.8989,69.9662],[-128.8837,69.9635],[-128.9168,69.8949],[-128.9386,69.875],[-129.1383,69.8325],[-129.1579,69.8001],[-129.1362,69.75],[-129.1017,69.717],[-129.0543,69.7011],[-128.9714,69.7124],[-128.853,69.751],[-128.7055,69.8102],[-128.3867,69.9602],[-128.3592,69.9876],[-128.2786,70.1081],[-128.0959,70.1613],[-127.7649,70.2219],[-127.6838,70.2604],[-127.974,70.2929],[-128.0342,70.3153],[-128.0437,70.3288],[-127.9889,70.3631],[-128.1215,70.3974],[-128.1701,70.4185],[-128.1681,70.4798],[-128.1273,70.5238],[-128.0405,70.5664],[-127.991,70.5738],[-127.8616,70.5491],[-127.7528,70.5171],[-127.3769,70.3688],[-127.226,70.2961],[-127.1385,70.2394],[-126.9268,70.0617],[-126.8335,69.9591],[-126.7587,69.8534],[-126.6849,69.7771],[-126.6122,69.7303],[-126.2504,69.5453],[-126.0638,69.4671],[-125.9074,69.4186],[-125.7278,69.38],[-125.525,69.3516],[-125.3868,69.3492],[-125.1719,69.428],[-125.1668,69.4798],[-125.2616,69.5662],[-125.3569,69.626],[-125.3455,69.6625],[-125.2194,69.7324],[-125.2279,69.7567],[-125.2012,69.8288],[-125.114,69.815],[-125.0796,69.8178],[-125.031,69.8443],[-124.9683,69.8944],[-124.8892,69.9358],[-124.7937,69.9685],[-124.7679,69.99],[-124.8626,70.0055],[-124.92,70.0056],[-124.9626,70.0126],[-124.9904,70.0266],[-124.9524,70.0417],[-124.7451,70.0802],[-124.7063,70.117],[-124.6399,70.1415],[-124.555,70.1512],[-124.5026,70.1411],[-124.4445,70.1106],[-124.4415,70.0619],[-124.4672,69.9826],[-124.4719,69.9185],[-124.4069,69.7674],[-124.3494,69.7345],[-124.1246,69.69],[-124.1385,69.6532],[-124.3984,69.4938],[-124.4539,69.4548],[-124.4813,69.4251],[-124.4721,69.4],[-124.4262,69.3794],[-124.3381,69.3648],[-124.1117,69.3589],[-124.0497,69.3729],[-123.6091,69.3774],[-123.5284,69.3894],[-123.4604,69.42],[-123.3615,69.4966],[-123.249,69.52],[-123.2137,69.5415],[-123.1445,69.6325],[-123.1104,69.7381],[-123.0766,69.7825],[-123.0258,69.81],[-122.9567,69.8188],[-122.7854,69.8084],[-122.7049,69.8174],[-122.3875,69.8084],[-122.0701,69.8162],[-121.7418,69.7975],[-121.5311,69.7758],[-121.3362,69.7416],[-120.9625,69.6604],[-120.8146,69.6168],[-120.2925,69.4206],[-120.14,69.3806],[-119.8528,69.3423],[-118.8687,69.2572],[-118.7449,69.2343],[-118.4856,69.1449],[-118.307,69.0927],[-118.0952,69.0429],[-117.8303,68.9999],[-117.3113,68.9349],[-117.227,68.9134],[-117.1317,68.9071],[-117.0257,68.916],[-116.55,68.8788],[-116.4246,68.8806],[-116.3341,68.8736],[-116.2227,68.8468],[-116.0595,68.837],[-116.0652,68.8554],[-116.2516,68.9579],[-116.2434,68.9741],[-116.1667,68.9753],[-115.9361,68.9581],[-115.8833,68.9873],[-115.8063,68.9866],[-115.6312,68.9726],[-115.4423,68.9409],[-115.2398,68.8918],[-114.9938,68.85],[-114.6202,68.7461],[-114.4139,68.6596],[-114.2182,68.5521],[-114.1108,68.4773],[-114.092,68.4354],[-114.0511,68.4146],[-113.9882,68.415],[-113.9644,68.3991],[-114.0208,68.3065],[-114.0532,68.2834],[-114.0959,68.2668],[-114.2748,68.2479],[-114.7653,68.2702],[-114.8522,68.1953],[-115.1271,68.132],[-115.1759,68.1044],[-115.1868,68.0842],[-115.1671,68.0186],[-115.2019,67.9984],[-115.4269,67.9235],[-115.4345,67.9023],[-115.2885,67.8717],[-115.1332,67.8192],[-115.0112,67.8064],[-114.8567,67.8136],[-114.6629,67.7952],[-114.4294,67.7512],[-114.267,67.7312],[-114.1757,67.735],[-114.0511,67.7269],[-113.8932,67.7069],[-113.6819,67.7],[-113.215,67.7018],[-113.075,67.6867],[-112.8794,67.6799],[-112.503,67.6819],[-112.4352,67.6848],[-112.3146,67.7196],[-112.2367,67.7311],[-112.1013,67.7317],[-111.7109,67.7573],[-111.5757,67.7568],[-111.4507,67.7762],[-111.2908,67.8152],[-111.1922,67.8226],[-111.1548,67.7982],[-111.0874,67.7876],[-110.99,67.7908],[-110.8049,67.8323],[-110.372,67.9542],[-110.2163,67.954],[-110.102,67.9922],[-110.0739,67.9929],[-110.0425,67.9772],[-109.9365,67.8879],[-109.9042,67.8735],[-109.8313,67.8658],[-109.7602,67.8201],[-109.686,67.7518],[-109.6304,67.7327],[-109.2243,67.7298],[-109.0812,67.7107],[-109.038,67.6912],[-108.9945,67.6371],[-108.9677,67.5324],[-108.9499,67.4939],[-108.891,67.4381],[-108.852,67.422],[-108.8152,67.4375],[-108.7151,67.5828],[-108.6802,67.6062],[-108.6133,67.598],[-108.5929,67.5909],[-108.4915,67.4833],[-108.347,67.4034],[-107.9887,67.2564],[-107.9305,67.2025],[-107.9092,67.1625],[-107.9294,67.1268],[-107.9913,67.0952],[-108.0884,67.0698],[-108.2208,67.0506],[-108.3443,67.0575],[-108.4591,67.0904],[-108.496,67.0923],[-108.4553,67.063],[-108.2182,66.9413],[-108.1577,66.8926],[-108.1015,66.8604],[-108.0496,66.8443],[-108.0018,66.818],[-107.958,66.7813],[-107.7609,66.6837],[-107.7049,66.6371],[-107.4803,66.4918],[-107.3737,66.4347],[-107.2914,66.4018],[-107.2595,66.3985],[-107.2781,66.4249],[-107.5645,66.6185],[-107.7104,66.74],[-107.7309,66.7692],[-107.7402,66.8138],[-107.746,66.9615],[-107.7251,66.9841],[-107.6262,67.0031],[-107.4992,66.9362],[-107.4513,66.9268],[-107.4188,66.9307],[-107.4021,66.948],[-107.3292,66.932],[-107.2002,66.8826],[-107.1565,66.8817],[-107.2538,66.9764],[-107.3233,67.0226],[-107.3479,67.0548],[-107.2832,67.1033],[-107.3185,67.1278],[-107.4824,67.1991],[-107.5675,67.273],[-107.644,67.3848],[-107.6509,67.4282],[-107.6384,67.4742],[-107.6499,67.5113],[-107.753,67.5869],[-107.8651,67.6392],[-107.9541,67.7],[-107.9721,67.732],[-107.9584,67.8186],[-107.8909,67.8563],[-107.7631,67.9068],[-107.7286,67.9588],[-107.7875,68.0125],[-107.7983,68.0369],[-107.761,68.0322],[-107.5094,68.0591],[-107.4462,68.0497],[-107.3511,68.0612],[-107.2241,68.0938],[-107.1248,68.1084],[-106.9937,68.1063],[-106.9226,68.1142],[-106.8356,68.1286],[-106.7907,68.1448],[-106.711,68.2068],[-106.6684,68.216],[-106.5349,68.2093],[-106.4595,68.1957],[-106.4243,68.2006],[-106.4295,68.2885],[-106.4044,68.3193],[-106.2712,68.3832],[-106.1321,68.3899],[-106.0393,68.4073],[-105.9331,68.4431],[-105.8569,68.4751],[-105.7812,68.5266],[-105.7502,68.5923],[-105.7743,68.6111],[-105.9322,68.6365],[-106.0271,68.6233],[-106.2373,68.5766],[-106.4581,68.5165],[-106.5433,68.4606],[-106.5666,68.389],[-106.6085,68.3574],[-106.7804,68.3873],[-106.8537,68.3868],[-106.9458,68.3744],[-107.0433,68.3468],[-107.1462,68.3042],[-107.2981,68.2964],[-107.4991,68.3235],[-107.6193,68.3311],[-107.7415,68.2857],[-107.7342,68.2521],[-107.6776,68.2029],[-107.7342,68.1737],[-108.0272,68.1629],[-108.1046,68.1693],[-108.261,68.1499],[-108.3228,68.1541],[-108.3679,68.1775],[-108.6866,68.2773],[-108.7181,68.2975],[-108.6409,68.3785],[-108.3458,68.5978],[-108.3135,68.6108],[-107.7664,68.6489],[-107.4359,68.6889],[-106.8307,68.8095],[-106.7135,68.8195],[-106.3243,68.8995],[-106.1645,68.9199],[-106.0157,68.9061],[-105.7979,68.8648],[-105.6856,68.8282],[-105.6061,68.7824],[-105.5398,68.7187],[-105.4569,68.5781],[-105.4286,68.4583],[-105.3774,68.4138],[-105.195,68.3304],[-105.1013,68.298],[-105.0436,68.2879],[-104.9938,68.3074],[-104.9598,68.3105],[-104.9367,68.303],[-104.912,68.2505],[-104.8794,68.2453],[-104.7696,68.2518],[-104.6532,68.2301],[-104.6364,68.2139],[-104.6611,68.1488],[-104.6282,68.1215],[-104.4868,68.0632],[-104.3507,68.0412],[-104.1936,68.0312],[-103.9016,68.0411],[-103.6572,68.0691],[-103.4741,68.115],[-103.3232,68.0638],[-103.0218,67.9402],[-102.8416,67.8527],[-102.692,67.8116],[-102.3891,67.7622],[-102.3204,67.7356],[-102.2098,67.7327],[-102.0572,67.7533],[-101.8836,67.7453],[-101.6889,67.7086],[-101.555,67.6932],[-101.0964,67.7624],[-101.0264,67.7657],[-100.8556,67.799],[-100.7456,67.8091],[-100.6161,67.8083],[-100.5196,67.8184],[-100.4561,67.8395],[-100.2129,67.8386],[-99.7729,67.8148],[-99.4723,67.7841],[-99.2936,67.7453],[-99.1469,67.7236],[-99.0322,67.7188],[-98.9205,67.7258],[-98.8117,67.7444],[-98.6973,67.7797],[-98.4528,67.7979],[-98.4121,67.8072],[-98.4171,67.8265],[-98.4678,67.8558],[-98.6065,67.9114],[-98.7036,67.9657],[-98.7222,68.0002],[-98.7201,68.042],[-98.6898,68.0661],[-98.6315,68.0726],[-98.5398,68.0466],[-98.4148,67.9884],[-98.0625,67.7697],[-97.9776,67.7386],[-97.9308,67.7108],[-97.6074,67.6311],[-97.4549,67.617],[-97.2743,67.6663],[-97.1944,67.6969],[-97.1554,67.7264],[-97.1572,67.7548],[-97.1398,67.7962],[-97.1581,67.8219],[-97.2065,67.8551],[-97.3361,67.9014],[-97.5466,67.9607],[-97.7391,67.9782],[-97.9133,67.9536],[-98.1105,67.903],[-98.1925,67.923],[-98.4384,68.0647],[-98.5003,68.1177],[-98.5002,68.1323],[-98.3861,68.1153],[-98.3809,68.1325],[-98.4492,68.2008],[-98.4913,68.2236],[-98.633,68.3312],[-98.6505,68.3635],[-98.5623,68.3709],[-98.5222,68.3834],[-98.4686,68.3821],[-98.2186,68.3174],[-98.0905,68.3463],[-97.7942,68.3876],[-97.911,68.4495],[-97.9389,68.5104],[-97.9251,68.5237],[-97.8286,68.5328],[-97.6396,68.482],[-97.548,68.475],[-97.4811,68.4952],[-97.4104,68.4965],[-97.3358,68.4792],[-97.2659,68.4529],[-97.136,68.378],[-97.0718,68.3329],[-96.9996,68.2649],[-96.9767,68.2554],[-96.6282,68.2503],[-96.4307,68.3106],[-96.435,68.2901],[-96.4802,68.2428],[-96.7251,68.0612],[-96.7221,68.0388],[-96.5922,68.0484],[-96.5313,68.0631],[-96.4937,68.085],[-96.4612,68.1358],[-96.4394,68.1509],[-96.0756,68.2365],[-95.9703,68.2491],[-96.036,68.1578],[-96.1713,67.8317],[-96.1988,67.7178],[-96.2285,67.6792],[-96.3714,67.5539],[-96.3691,67.5098],[-96.2128,67.4043],[-96.185,67.3756],[-96.1692,67.289],[-96.1415,67.2718],[-96.0126,67.2709],[-95.8791,67.2985],[-95.7199,67.3168],[-95.6952,67.2987],[-95.7825,67.1938],[-95.7777,67.1846],[-95.6264,67.2116],[-95.557,67.2153],[-95.5287,67.2092],[-95.4159,67.1556],[-95.4046,67.1156],[-95.407,67.0561],[-95.4189,67.0132],[-95.457,66.9895],[-95.5022,66.9799],[-95.5594,66.9728],[-95.6106,66.9757],[-95.7687,66.9667],[-95.8618,66.9782],[-95.9541,67.0109],[-96.0195,67.0187],[-96.0955,66.9936],[-96.2156,66.9977],[-96.3504,67.07],[-96.4042,67.0632],[-96.4226,67.0518],[-96.4203,67.0362],[-96.3595,66.9894],[-95.8853,66.7414],[-95.8133,66.6901],[-95.7974,66.6166],[-95.7875,66.6168],[-95.7432,66.6904],[-95.7721,66.7261],[-96.0161,66.8705],[-96.0454,66.9231],[-96.0369,66.9375],[-95.9724,66.9522],[-95.625,66.9163],[-95.4904,66.9241],[-95.3997,66.9495],[-95.3541,66.9807],[-95.3211,67.1525],[-95.2587,67.2625],[-95.2956,67.361],[-95.3896,67.5178],[-95.4634,67.6102],[-95.6337,67.7039],[-95.6505,67.7375],[-95.4607,68.0214],[-95.4265,68.0453],[-95.3841,68.0556],[-95.2347,68.0597],[-95.1259,68.0833],[-94.9552,68.0503],[-94.861,68.0417],[-94.7444,68.0709],[-94.4853,68.1901],[-94.3838,68.227],[-94.2548,68.2968],[-94.0981,68.3994],[-93.9277,68.4738],[-93.6517,68.5431],[-93.483,68.5989],[-93.4489,68.6189],[-93.6058,68.6237],[-93.6439,68.6331],[-93.6762,68.686],[-93.6599,68.7837],[-93.6628,68.8382],[-93.6814,68.8873],[-93.7158,68.9311],[-93.7657,68.9696],[-93.8113,68.9927],[-93.8524,69.0003],[-93.8807,68.9968],[-93.8961,68.9822],[-93.9381,68.8891],[-93.9916,68.8206],[-94.0649,68.7848],[-94.2169,68.7605],[-94.4783,68.7428],[-94.5868,68.7755],[-94.6004,68.8032],[-94.5625,68.9117],[-94.4756,68.9582],[-94.2366,69.0498],[-94.0836,69.1231],[-94.0812,69.1358],[-94.2218,69.1364],[-94.2554,69.1515],[-94.285,69.2416],[-94.2768,69.2752],[-94.2547,69.3138],[-94.1563,69.3417],[-93.8544,69.3764],[-93.6195,69.417],[-93.6126,69.4028],[-93.801,69.2809],[-93.8205,69.2526],[-93.7485,69.2261],[-93.5675,69.2969],[-93.4506,69.3552],[-93.431,69.375],[-93.5371,69.3823],[-93.5429,69.4064],[-93.5224,69.4507],[-93.5323,69.4809],[-93.6498,69.519],[-93.7944,69.4979],[-93.9151,69.4577],[-94.0153,69.4467],[-94.1632,69.4459],[-94.2708,69.4551],[-94.3381,69.4743],[-94.4192,69.517],[-94.5139,69.5834],[-94.6338,69.6497],[-94.6763,69.6569],[-94.7127,69.6494],[-94.7893,69.5854],[-94.8225,69.5778],[-95.2921,69.6674],[-95.4913,69.7176],[-95.5876,69.7557],[-95.7074,69.7782],[-95.8507,69.7851],[-95.9649,69.8028],[-96.0501,69.8312],[-96.1191,69.8719],[-96.1718,69.925],[-96.2694,69.9918],[-96.4924,70.1249],[-96.5514,70.2103],[-96.5596,70.243],[-96.5456,70.3272],[-96.3366,70.4702],[-96.2977,70.5114],[-96.2264,70.5417],[-96.1228,70.5612],[-96.0481,70.5671],[-95.8786,70.549],[-95.9802,70.5932],[-95.9882,70.6168],[-95.8863,70.6943],[-95.9064,70.6978],[-96.1864,70.6383],[-96.258,70.6423],[-96.3589,70.6787],[-96.5489,70.8087],[-96.5511,70.8897],[-96.4913,71.0023],[-96.4704,71.0697],[-96.5248,71.1271],[-96.5044,71.1432],[-96.4455,71.1592],[-96.4208,71.1765],[-96.4466,71.2399],[-96.4057,71.2736],[-96.2713,71.3391],[-96.1396,71.3964],[-96.062,71.4139],[-95.9944,71.4106],[-95.9241,71.3931],[-95.8509,71.3611],[-95.7254,71.3282],[-95.6326,71.3188],[-95.5643,71.3368],[-95.4475,71.4601],[-95.4062,71.4917],[-95.4454,71.5054],[-95.6742,71.5041],[-95.7734,71.5143],[-95.8304,71.5261],[-95.8723,71.5731],[-95.8377,71.5982],[-95.6159,71.6854],[-95.5117,71.7768],[-95.2012,71.9037],[-94.887,71.9634],[-94.7349,71.983],[-94.6111,71.9869],[-94.5571,71.979],[-94.4911,71.9155],[-94.4788,71.8486],[-94.3084,71.7649]]]]}},{"type":"Feature","properties":{},"geometry":{"type":"MultiPolygon","coordinates":[[[[180,-16.54],[179.9872,-16.5412],[179.9847,-16.5222],[180,-16.4889],[180,-16.54]]]]}},{"type":"Feature","properties":{},"geometry":{"type":"MultiPolygon","coordinates":[[[[-179.9562,-16.1492],[-180,-16.1683],[-180,-16.1561],[-180,-16.1529],[-179.9694,-16.1261],[-179.9446,-16.1261],[-179.9562,-16.1492]]]]}},{"type":"Feature","properties":{},"geometry":{"type":"MultiPolygon","coordinates":[[[[-178.0467,-14.3184],[-178.1033,-14.3249],[-178.1586,-14.3119],[-178.1944,-14.2555],[-178.178,-14.2316],[-178.1422,-14.2426],[-178.105,-14.2842],[-178.0437,-14.3032],[-178.0467,-14.3184]]]]}},{"type":"Feature","properties":{},"geometry":{"type":"MultiPolygon","coordinates":[[[[-140.8094,-17.8566],[-140.8044,-17.8757],[-140.8408,-17.8731],[-140.8516,-17.8666],[-140.8507,-17.8311],[-140.8243,-17.788],[-140.8036,-17.7517],[-140.7614,-17.7178],[-140.6862,-17.6838],[-140.6498,-17.6697],[-140.6382,-17.678],[-140.6521,-17.6831],[-140.7763,-17.7541],[-140.8152,-17.8037],[-140.8325,-17.8385],[-140.8292,-17.8492],[-140.8094,-17.8566]]]]}},{"type":"Feature","properties":{},"geometry":{"type":"MultiPolygon","coordinates":[[[[-136.2939,-18.5443],[-136.3141,-18.5663],[-136.316,-18.5452],[-136.344,-18.5349],[-136.3829,-18.5137],[-136.4357,-18.4891],[-136.4643,-18.4851],[-136.4785,-18.4708],[-136.4587,-18.4632],[-136.4261,-18.4743],[-136.3804,-18.4968],[-136.3276,-18.5193],[-136.2939,-18.5443]]]]}},{"type":"Feature","properties":{},"geometry":{"type":"MultiPolygon","coordinates":[[[[-136.9717,-18.342],[-136.9713,-18.3609],[-137.0676,-18.2653],[-137.0296,-18.2729],[-136.9717,-18.342]]]]}},{"type":"Feature","properties":{},"geometry":{"type":"MultiPolygon","coordinates":[[[[-138.5059,-20.8572],[-138.5349,-20.8759],[-138.524,-20.8506],[-138.5464,-20.7951],[-138.5684,-20.7871],[-138.5464,-20.7712],[-138.5149,-20.8134],[-138.5059,-20.8572]]]]}},{"type":"Feature","properties":{},"geometry":{"type":"MultiPolygon","coordinates":[[[[-140.6854,-18.3799],[-140.6719,-18.4161],[-140.696,-18.3991],[-140.7732,-18.3638],[-140.7817,-18.3342],[-140.6854,-18.3799]]]]}},{"type":"Feature","properties":{},"geometry":{"type":"MultiPolygon","coordinates":[[[[-140.8299,-18.1894],[-140.8227,-18.2169],[-140.8601,-18.1987],[-140.8955,-18.1479],[-140.9586,-18.0851],[-140.9735,-18.0592],[-140.9251,-18.0838],[-140.8933,-18.1205],[-140.8299,-18.1894]]]]}},{"type":"Feature","properties":{},"geometry":{"type":"MultiPolygon","coordinates":[[[[-142.5118,-16.0963],[-142.5296,-16.1071],[-142.5068,-16.0277],[-142.4812,-16.0178],[-142.5118,-16.0963]]]]}},{"type":"Feature","properties":{},"geometry":{"type":"MultiPolygon","coordinates":[[[[-143.4406,-16.6197],[-143.3862,-16.6688],[-143.4585,-16.6354],[-143.5507,-16.6211],[-143.5156,-16.6123],[-143.4647,-16.6136],[-143.4406,-16.6197]]]]}},{"type":"Feature","properties":{},"geometry":{"type":"MultiPolygon","coordinates":[[[[-143.5711,-16.6348],[-143.6106,-16.6404],[-143.7074,-16.5809],[-143.6702,-16.5809],[-143.6148,-16.6181],[-143.5711,-16.6348]]]]}},{"type":"Feature","properties":{},"geometry":{"type":"MultiPolygon","coordinates":[[[[-145.0514,-15.8561],[-145.0577,-15.9011],[-145.0764,-15.8576],[-145.1379,-15.7881],[-145.1607,-15.757],[-145.1335,-15.762],[-145.0514,-15.8561]]]]}},{"type":"Feature","properties":{},"geometry":{"type":"MultiPolygon","coordinates":[[[[-145.4867,-16.3298],[-145.4822,-16.3468],[-145.5027,-16.3458],[-145.5398,-16.2951],[-145.5531,-16.2512],[-145.5767,-16.2015],[-145.6091,-16.1652],[-145.6128,-16.1318],[-145.6138,-16.0792],[-145.5771,-16.1599],[-145.5423,-16.2246],[-145.517,-16.2778],[-145.4867,-16.3298]]]]}},{"type":"Feature","properties":{},"geometry":{"type":"MultiPolygon","coordinates":[[[[-57.0207,-63.3729],[-56.9273,-63.5056],[-56.7818,-63.5717],[-56.8348,-63.6313],[-56.9737,-63.6246],[-57.1192,-63.6378],[-57.1522,-63.5717],[-57.0977,-63.5235],[-57.1522,-63.4791],[-57.2839,-63.4906],[-57.4606,-63.5136],[-57.5815,-63.5466],[-57.7369,-63.6166],[-57.8567,-63.6568],[-58.263,-63.7634],[-58.5319,-63.9154],[-58.7229,-64.0774],[-58.839,-64.1868],[-59.0053,-64.1949],[-59.0473,-64.2345],[-58.9772,-64.2659],[-58.923,-64.2793],[-58.7993,-64.2927],[-58.8191,-64.339],[-58.9051,-64.3521],[-58.8955,-64.3889],[-58.8059,-64.4448],[-58.7861,-64.5242],[-58.8919,-64.5374],[-59.0507,-64.4514],[-59.2294,-64.4436],[-59.3697,-64.4035],[-59.4607,-64.3456],[-59.5468,-64.3588],[-59.6122,-64.4401],[-59.5732,-64.5308],[-59.646,-64.5837],[-59.7344,-64.5589],[-59.765,-64.4514],[-59.8502,-64.4336],[-59.9631,-64.4313],[-60.2425,-64.5469],[-60.3405,-64.5506],[-60.3937,-64.6094],[-60.556,-64.6766],[-60.66,-64.7292],[-60.9154,-64.9068],[-61.0599,-64.9813],[-61.3318,-65.0238],[-61.4395,-65.0177],[-61.503,-64.9997],[-61.6032,-64.9878],[-61.7031,-64.9872],[-61.7362,-65.0335],[-61.5774,-65.1856],[-61.6634,-65.2386],[-61.8556,-65.2354],[-61.9479,-65.1923],[-62.0245,-65.2325],[-62.0847,-65.2732],[-62.1453,-65.3317],[-62.0537,-65.4568],[-61.9034,-65.5135],[-61.7957,-65.5229],[-61.756,-65.5692],[-61.9914,-65.5892],[-62.1506,-65.6988],[-62.2224,-65.775],[-62.305,-65.8404],[-62.2933,-65.9164],[-62.1691,-66.0313],[-62.005,-66.1129],[-61.8391,-66.1195],[-61.6248,-66.0947],[-61.5747,-66.0715],[-61.3591,-66.0588],[-61.2661,-65.98],[-61.1981,-65.9745],[-61.1376,-65.9887],[-61.0393,-65.992],[-60.9881,-65.9402],[-60.9128,-65.9209],[-60.813,-65.9341],[-60.6183,-65.9331],[-60.5654,-65.9794],[-60.6249,-66.0323],[-60.744,-66.1051],[-60.8564,-66.0653],[-60.9557,-66.072],[-61.0093,-66.1105],[-60.9027,-66.191],[-60.9424,-66.2638],[-61.0284,-66.3365],[-61.1343,-66.2902],[-61.1498,-66.2117],[-61.293,-66.1646],[-61.4319,-66.1447],[-61.5261,-66.2257],[-61.6756,-66.2495],[-61.6965,-66.3432],[-61.756,-66.4292],[-61.842,-66.4027],[-61.8754,-66.2961],[-62.1165,-66.209],[-62.2413,-66.1971],[-62.4941,-66.2193],[-62.5828,-66.2175],[-62.682,-66.2373],[-62.7548,-66.3102],[-62.6503,-66.3637],[-62.6154,-66.4357],[-62.6179,-66.4896],[-62.6375,-66.5111],[-62.6551,-66.5561],[-62.5432,-66.621],[-62.5365,-66.707],[-62.6289,-66.7062],[-62.7048,-66.6801],[-62.9967,-66.4528],[-63.1795,-66.3525],[-63.2575,-66.2638],[-63.4485,-66.2438],[-63.5866,-66.2417],[-63.7525,-66.2777],[-63.6875,-66.3198],[-63.6544,-66.3829],[-63.7557,-66.409],[-63.8804,-66.506],[-63.9644,-66.5888],[-64.015,-66.6066],[-64.0777,-66.6541],[-63.8088,-66.7609],[-63.769,-66.8032],[-63.7547,-66.8729],[-63.8396,-66.912],[-64.0426,-66.9272],[-64.401,-66.8533],[-64.554,-66.8518],[-64.6069,-66.7996],[-64.6863,-66.8063],[-64.7354,-66.8941],[-64.7934,-66.972],[-64.8781,-67.0245],[-64.8541,-67.1048],[-64.7855,-67.1237],[-64.8387,-67.1561],[-64.9509,-67.1832],[-65.0269,-67.2141],[-64.8583,-67.2428],[-64.8265,-67.2691],[-64.8193,-67.3073],[-65.0796,-67.3354],[-65.2485,-67.342],[-65.3501,-67.3109],[-65.4431,-67.3262],[-65.5031,-67.3772],[-65.5234,-67.4446],[-65.5039,-67.5282],[-65.4708,-67.5879],[-65.4468,-67.6102],[-65.4181,-67.6596],[-65.574,-67.7884],[-65.5893,-67.8163],[-65.6,-67.8757],[-65.5278,-67.93],[-65.4694,-68.0095],[-65.5512,-68.0483],[-65.6395,-68.1306],[-65.5462,-68.1467],[-65.3875,-68.1504],[-65.218,-68.14],[-64.9588,-68.0676],[-64.8847,-68.0563],[-64.8535,-68.0831],[-64.8295,-68.1274],[-64.8959,-68.1684],[-65.3652,-68.2875],[-65.452,-68.3367],[-65.3314,-68.3642],[-65.0897,-68.3702],[-64.9965,-68.4078],[-65.0545,-68.4493],[-65.1401,-68.4893],[-65.2416,-68.5832],[-65.1583,-68.618],[-64.8983,-68.6733],[-64.4289,-68.7461],[-64.0785,-68.7712],[-64.1568,-68.6869],[-64.1692,-68.5825],[-63.9245,-68.4977],[-63.7965,-68.4697],[-63.2166,-68.4188],[-63.0565,-68.4207],[-62.9333,-68.4426],[-62.9797,-68.4863],[-63.1147,-68.4706],[-63.3475,-68.4994],[-63.7073,-68.5922],[-63.7734,-68.6318],[-63.747,-68.7046],[-63.4427,-68.7642],[-63.3435,-68.8104],[-63.4782,-68.9512],[-63.456,-69.0419],[-63.3015,-69.141],[-63.0944,-69.253],[-62.9941,-69.3289],[-62.8397,-69.3719],[-62.5868,-69.4772],[-62.4505,-69.5844],[-62.4071,-69.8272],[-62.2024,-70.0279],[-61.9611,-70.1201],[-61.9346,-70.1995],[-62.014,-70.2789],[-62.2179,-70.2332],[-62.3315,-70.2789],[-62.3778,-70.3648],[-62.2323,-70.4244],[-62.0008,-70.4972],[-61.5047,-70.4905],[-61.4914,-70.5699],[-61.6053,-70.6167],[-61.6965,-70.6758],[-61.8089,-70.7088],[-61.9941,-70.7286],[-62.0404,-70.8014],[-61.9611,-70.9006],[-61.7021,-70.8567],[-61.5134,-70.8512],[-61.3128,-70.8676],[-61.2517,-71.0022],[-61.0172,-71.1669],[-60.9623,-71.2446],[-61.0031,-71.3193],[-61.1484,-71.3419],[-61.2373,-71.4006],[-61.3693,-71.4523],[-61.5159,-71.4791],[-61.7896,-71.616],[-61.9096,-71.6309],[-61.9588,-71.6578],[-61.7254,-71.6726],[-61.5628,-71.6753],[-61.2136,-71.5641],[-61.0813,-71.5886],[-60.9953,-71.6613],[-60.949,-71.7473],[-61.0351,-71.82],[-61.6445,-71.8629],[-61.9389,-71.9036],[-62.2566,-72.0176],[-61.894,-72.071],[-61.628,-72.0527],[-61.4927,-72.0727],[-61.3103,-72.1127],[-61.1075,-72.0915],[-60.9518,-72.0502],[-60.8332,-72.0516],[-60.7194,-72.0727],[-60.7043,-72.1441],[-60.6911,-72.2698],[-60.6646,-72.3625],[-60.7303,-72.426],[-61.0475,-72.4705],[-61.2798,-72.4683],[-61.2861,-72.6008],[-60.9392,-72.6997],[-60.7241,-72.6469],[-60.5323,-72.6733],[-60.5323,-72.8321],[-60.3847,-73.0073],[-60.2545,-73.0173],[-60.1487,-72.9379],[-60.0098,-72.9379],[-59.9568,-73.0306],[-60.0164,-73.1893],[-60.1222,-73.2753],[-60.4038,-73.2402],[-60.5607,-73.2114],[-60.6866,-73.271],[-60.8959,-73.3204],[-61.0813,-73.3282],[-61.2421,-73.2503],[-61.4284,-73.1914],[-61.7264,-73.1607],[-62.0083,-73.1477],[-61.9147,-73.2157],[-61.7876,-73.2549],[-61.7377,-73.3755],[-61.637,-73.5002],[-61.4055,-73.4671],[-61.0798,-73.5387],[-60.8789,-73.612],[-60.7903,-73.7118],[-60.9027,-73.8706],[-61.0883,-73.9295],[-61.2034,-73.9566],[-61.4041,-73.896],[-61.5454,-73.896],[-61.6917,-73.9238],[-61.7416,-73.9962],[-61.8382,-74.032],[-61.3194,-74.0359],[-61.1607,-74.0558],[-61.0416,-74.122],[-61.2269,-74.2079],[-61.5708,-74.1947],[-61.7183,-74.2281],[-61.8428,-74.2896],[-61.3318,-74.3286],[-61.1206,-74.3069],[-60.7837,-74.241],[-60.7043,-74.3071],[-60.8385,-74.3729],[-61.0108,-74.4783],[-61.3702,-74.5118],[-61.64,-74.5136],[-61.9945,-74.4758],[-62.0889,-74.4528],[-62.2353,-74.4413],[-62.2257,-74.5056],[-62.1327,-74.55],[-61.8944,-74.7131],[-61.8552,-74.7768],[-61.928,-74.8628],[-62.1378,-74.9264],[-62.3725,-74.9521],[-62.5668,-74.8958],[-62.7085,-74.7371],[-62.8871,-74.6908],[-63.0723,-74.6775],[-63.1781,-74.6842],[-63.1679,-74.7646],[-63.1252,-74.8495],[-63.198,-74.9091],[-63.357,-74.8783],[-63.5588,-74.9057],[-63.7509,-74.9523],[-63.9247,-75.0045],[-63.571,-75.0303],[-63.3369,-75.0348],[-63.1732,-75.1147],[-63.2311,-75.1538],[-63.5514,-75.1715],[-63.8575,-75.2062],[-64.2795,-75.2929],[-63.9725,-75.3294],[-63.6784,-75.3279],[-63.4749,-75.3363],[-63.3038,-75.3522],[-63.2575,-75.3985],[-63.3634,-75.4515],[-64.0526,-75.5796],[-64.7783,-75.7382],[-65.0444,-75.7875],[-65.3217,-75.8151],[-65.9657,-75.9517],[-66.3704,-76.0134],[-67.5182,-76.1098],[-69.3044,-76.3508],[-69.9153,-76.522],[-70.0955,-76.6545],[-70.2102,-76.6741],[-70.5508,-76.7181],[-70.895,-76.7394],[-71.7987,-76.7527],[-72.7223,-76.6891],[-73.4718,-76.6755],[-73.8798,-76.6968],[-75.2684,-76.5814],[-75.4435,-76.5867],[-75.6593,-76.6082],[-75.8313,-76.6082],[-75.9628,-76.5921],[-76.2442,-76.5854],[-77.19,-76.6298],[-77.2871,-76.7017],[-77.168,-76.8339],[-76.8236,-76.9935],[-76.2486,-77.2749],[-75.9373,-77.3345],[-75.7481,-77.3984],[-75.3869,-77.4742],[-74.5806,-77.478],[-73.4782,-77.5355],[-72.852,-77.5902],[-72.8751,-77.6938],[-73.2516,-77.8942],[-73.485,-77.9708],[-74.0421,-78.1094],[-74.8121,-78.1778],[-75.3984,-78.1578],[-76.4378,-78.0441],[-77.7421,-77.9403],[-79.679,-77.8426],[-80.1041,-77.7966],[-80.6016,-77.752],[-80.8885,-77.7977],[-81.1031,-77.8418],[-81.581,-77.8461],[-81.441,-77.8856],[-79.5097,-78.1543],[-77.8581,-78.351],[-77.6648,-78.4015],[-77.4326,-78.4347],[-77.4524,-78.5604],[-77.545,-78.6596],[-77.8691,-78.7455],[-78.7116,-78.7521],[-79.7666,-78.8207],[-80.2923,-78.8228],[-80.8163,-78.7543],[-81.9293,-78.5591],[-82.6084,-78.4124],[-83.0825,-78.2467],[-83.4121,-78.1146],[-83.779,-77.9836],[-83.7521,-78.0663],[-83.6877,-78.148],[-83.5083,-78.248],[-83.2459,-78.357],[-83.227,-78.4016],[-83.355,-78.4076],[-83.5444,-78.3553],[-83.7059,-78.4041],[-83.7627,-78.4611],[-83.6966,-78.5373],[-83.5952,-78.611],[-83.26,-78.7742],[-82.9708,-78.8167],[-82.5892,-78.9163],[-81.6609,-79.0998],[-81.5029,-79.1629],[-81.2222,-79.2979],[-81.1632,-79.4004],[-80.892,-79.5019],[-80.7048,-79.5172],[-80.5348,-79.5128],[-80.4788,-79.4262],[-80.4885,-79.321],[-80.4158,-79.2945],[-80.1512,-79.2681],[-79.4557,-79.3044],[-76.4991,-79.3257],[-76.2177,-79.3872],[-76.1051,-79.4651],[-76.0316,-79.6271],[-76.3439,-79.8209],[-76.5579,-79.9035],[-76.904,-79.9553],[-77.2223,-79.9941],[-77.7019,-80.0096],[-78.6922,-79.9954],[-79.6604,-79.9969],[-78.9071,-80.0896],[-78.1761,-80.1668],[-77.1604,-80.1529],[-76.7571,-80.1312],[-76.4073,-80.0949],[-76.2596,-80.1601],[-75.9856,-80.295],[-75.8224,-80.3382],[-75.709,-80.3827],[-75.555,-80.5309],[-75.4945,-80.6175],[-75.3446,-80.7189],[-75.2365,-80.8026],[-75.0756,-80.8601],[-74.8066,-80.8865],[-74.5111,-80.838],[-73.9378,-80.8159],[-73.3833,-80.8937],[-73.0295,-80.9173],[-72.5532,-80.8531],[-72.1736,-80.7639],[-71.38,-80.6822],[-71.2307,-80.6468],[-71.0177,-80.619],[-70.6879,-80.6263],[-70.5601,-80.6466],[-70.3924,-80.7354],[-70.2391,-80.8566],[-70.0125,-80.9178],[-69.7723,-80.9615],[-69.634,-80.9658],[-69.1816,-81.0049],[-68.5898,-80.968],[-68.3266,-81.0041],[-68.2846,-81.0738],[-68.1437,-81.1304],[-67.9654,-81.1482],[-65.5737,-81.4605],[-64.7501,-81.5217],[-63.4777,-81.5532],[-62.4902,-81.5567],[-62.3537,-81.5767],[-62.1654,-81.6361],[-62.5418,-81.6783],[-62.9459,-81.684],[-63.554,-81.6672],[-63.7687,-81.6761],[-64.2327,-81.6598],[-64.4757,-81.6717],[-64.6961,-81.6523],[-65.0216,-81.6965],[-65.6197,-81.7293],[-65.4866,-81.775],[-65.2638,-81.7856],[-64.8105,-81.8027],[-64.1902,-81.7948],[-64.1371,-81.8693],[-64.7062,-81.8875],[-65.9162,-81.9022],[-66.0423,-81.9139],[-66.1338,-81.9534],[-65.953,-81.971],[-65.8438,-81.9933],[-65.7866,-82.0455],[-65.9132,-82.1832],[-65.714,-82.2792],[-65.5719,-82.2943],[-65.4244,-82.2804],[-65.1701,-82.3183],[-64.9196,-82.3705],[-64.3966,-82.3744],[-63.7729,-82.3043],[-63.4663,-82.3068],[-62.6453,-82.2631],[-61.9017,-82.2711],[-60.8591,-82.1867],[-60.6871,-82.1886],[-60.5277,-82.1999],[-60.8172,-82.2758],[-62.0945,-82.4666],[-62.553,-82.5033],[-62.7356,-82.5273],[-62.6309,-82.6207],[-62.4656,-82.7182],[-62.1286,-82.8224],[-61.917,-82.9767],[-61.7089,-83.01],[-61.3128,-82.9392],[-61.2184,-82.9918],[-61.2004,-83.0979],[-61.3032,-83.1842],[-61.4363,-83.2324],[-61.5306,-83.2794],[-61.5898,-83.3412],[-61.4253,-83.3956],[-60.9832,-83.4275],[-60.397,-83.4407],[-59.8538,-83.4424],[-59.516,-83.4584],[-58.2899,-83.1207],[-57.7978,-82.9586],[-57.5571,-82.8902],[-57.3536,-82.8402],[-56.3179,-82.6334],[-56.075,-82.5702],[-55.8007,-82.4784],[-55.2947,-82.4648],[-54.6011,-82.3162],[-53.9861,-82.2006],[-53.7396,-82.1784],[-53.5576,-82.1694],[-53.3391,-82.1445],[-52.7989,-82.1536],[-52.4149,-82.1349],[-51.7307,-82.0615],[-51.2097,-82.0152],[-50.653,-81.9755],[-50.0292,-81.9677],[-48.3608,-81.8923],[-47.8868,-81.9252],[-47.3603,-82.004],[-47.0199,-82.0032],[-46.5667,-81.9792],[-46.2581,-81.947],[-46.1191,-82.0396],[-46.0464,-82.1587],[-46.1985,-82.2711],[-46.4483,-82.3398],[-46.5167,-82.4546],[-46.1753,-82.5116],[-45.7886,-82.4949],[-45.0438,-82.438],[-44.4549,-82.3659],[-44.2918,-82.3178],[-44.0642,-82.3314],[-43.6693,-82.2701],[-43.1804,-82.0172],[-42.5646,-81.7616],[-42.0463,-81.5979],[-41.7116,-81.4077],[-41.4338,-81.2978],[-41.1259,-81.2148],[-40.9146,-81.1724],[-40.4408,-81.1651],[-39.7623,-81.032],[-38.7717,-80.8823],[-38.0109,-80.9543],[-37.2093,-81.0639],[-36.8124,-80.9747],[-36.4995,-80.9596],[-36.234,-80.9205],[-35.9658,-80.8909],[-35.7759,-80.8127],[-35.5206,-80.7457],[-35.327,-80.6507],[-34.35,-80.6034],[-33.3287,-80.5404],[-33.1913,-80.5187],[-33.0572,-80.5316],[-32.7062,-80.5139],[-32.2557,-80.4607],[-31.6342,-80.4446],[-31.3121,-80.4501],[-31.0154,-80.3081],[-30.4253,-80.2797],[-29.7974,-80.2233],[-29.5315,-80.1818],[-29.3291,-80.1721],[-24.2403,-80.0619],[-24.0198,-80.009],[-23.5745,-79.9648],[-23.4068,-79.859],[-24.0883,-79.8148],[-24.2999,-79.7708],[-24.5339,-79.7579],[-24.6704,-79.7746],[-25.2586,-79.7625],[-29.9493,-79.599],[-30.0491,-79.5854],[-30.2112,-79.4853],[-30.1779,-79.3043],[-30.3159,-79.1631],[-30.6453,-79.1241],[-30.9852,-79.1279],[-31.4128,-79.1452],[-32.5418,-79.2222],[-32.9942,-79.2288],[-34.1974,-79.1103],[-34.9949,-78.9775],[-35.516,-78.933],[-35.8901,-78.8436],[-36.2392,-78.7742],[-36.2656,-78.6155],[-36.1809,-78.4684],[-35.5093,-78.0412],[-35.0876,-77.8371],[-34.8083,-77.8206],[-34.5515,-77.7285],[-34.2902,-77.5219],[-34.0758,-77.4254],[-33.5912,-77.3112],[-33.3768,-77.2816],[-32.6141,-77.1408],[-32.4053,-77.1362],[-32.0634,-77.1599],[-31.6758,-77.0331],[-30.4892,-76.7623],[-30.222,-76.6604],[-29.8916,-76.5979],[-28.9336,-76.3703],[-28.0794,-76.2578],[-27.6531,-76.2264],[-27.1345,-76.1573],[-26.5601,-76.0547],[-26.0593,-75.9572],[-24.2696,-75.767],[-23.1973,-75.7177],[-22.4655,-75.661],[-21.9481,-75.6941],[-21.4338,-75.6831],[-20.989,-75.6344],[-20.7833,-75.5939],[-20.4875,-75.492],[-19.493,-75.5399],[-18.8509,-75.4702],[-18.5852,-75.4626],[-18.3046,-75.4313],[-18.4151,-75.3965],[-18.5169,-75.3899],[-18.6173,-75.3424],[-18.7492,-75.2421],[-18.6173,-75.1153],[-18.5169,-75.052],[-18.2212,-74.9745],[-18.0683,-74.863],[-17.9228,-74.6992],[-17.4358,-74.3791],[-17.299,-74.3339],[-16.9893,-74.3198],[-16.7271,-74.3276],[-16.4295,-74.3239],[-15.6725,-74.4073],[-15.5312,-74.3756],[-15.2897,-74.2809],[-15.0892,-74.1633],[-14.6589,-73.9889],[-14.5738,-73.9375],[-14.6114,-73.8518],[-15.2596,-73.8889],[-15.7488,-73.9456],[-16.2201,-73.9157],[-16.2819,-73.867],[-16.1809,-73.8303],[-16.0031,-73.8159],[-15.9356,-73.7576],[-16.0975,-73.7091],[-16.3877,-73.6813],[-16.5188,-73.644],[-16.507,-73.556],[-16.4352,-73.4257],[-16.2791,-73.3885],[-16.149,-73.3345],[-15.8028,-73.1521],[-15.596,-73.0968],[-15.007,-73.0475],[-14.321,-73.123],[-14.1647,-73.1024],[-14.0001,-73.0006],[-14.1683,-72.8433],[-14.2982,-72.7846],[-14.2978,-72.733],[-13.939,-72.7562],[-13.6028,-72.7921],[-13.2086,-72.7851],[-12.7469,-72.6289],[-12.0947,-72.4981],[-11.7773,-72.444],[-11.497,-72.4129],[-11.3465,-72.2816],[-11.1214,-72.0315],[-10.9581,-71.902],[-10.961,-71.8224],[-11.0092,-71.7579],[-11.1793,-71.7769],[-11.3331,-71.7855],[-11.6969,-71.7193],[-12.1482,-71.6137],[-12.2845,-71.4951],[-12.3513,-71.3897],[-12.2078,-71.3322],[-12.0737,-71.2969],[-11.9261,-71.2887],[-11.663,-71.3312],[-11.3281,-71.4397],[-11.1602,-71.4812],[-10.9698,-71.5601],[-10.8254,-71.5533],[-10.6595,-71.4427],[-10.5201,-71.2955],[-10.4066,-71.2503],[-10.2306,-71.201],[-10.0335,-71.1307],[-10.1223,-71.0609],[-10.331,-71.024],[-10.36,-70.9824],[-10.2706,-70.9357],[-10.0987,-70.9264],[-9.888,-71.0273],[-9.5994,-71.0953],[-9.4023,-71.1176],[-9.2307,-71.174],[-8.9659,-71.3613],[-8.6465,-71.6728],[-8.4977,-71.6748],[-8.2165,-71.6471],[-7.9158,-71.6354],[-7.7137,-71.5465],[-7.669,-71.3243],[-7.5901,-71.2237],[-7.618,-71.1215],[-7.7569,-71.0172],[-7.8735,-70.9403],[-7.8549,-70.8846],[-7.7527,-70.8428],[-7.6198,-70.829],[-7.3881,-70.7869],[-7.0316,-70.8352],[-6.8382,-70.8445],[-6.5475,-70.8169],[-6.2452,-70.7558],[-5.9363,-70.7127],[-5.6947,-70.7453],[-5.5879,-70.8567],[-5.7087,-70.9683],[-5.9038,-71.0519],[-6.0803,-71.1541],[-6.1268,-71.2656],[-6.1175,-71.326],[-5.95,-71.3416],[-4.4501,-71.3277],[-4.2532,-71.3385],[-3.9948,-71.3389],[-3.7132,-71.3746],[-3.2396,-71.3604],[-2.812,-71.321],[-2.6103,-71.3208],[-2.2613,-71.3571],[-2.0146,-71.4334],[-1.5006,-71.4123],[-1.3542,-71.3868],[-1.2164,-71.2842],[-1.0678,-71.2656],[-0.8959,-71.3492],[-0.8401,-71.5397],[-0.7599,-71.6303],[-0.5432,-71.7127],[-0.327,-71.6419],[-0.1846,-71.5589],[0.1542,-71.3979],[0.5385,-71.2742],[0.835,-71.2023],[1.5522,-71.0803],[1.9087,-71.0036],[2.6095,-70.9001],[3.5069,-70.8444],[5.1131,-70.6557],[5.6439,-70.6363],[6.508,-70.5864],[6.951,-70.5353],[7.4012,-70.4944],[7.6768,-70.3563],[8.3067,-70.4616],[8.523,-70.4738],[8.8175,-70.3908],[9.1416,-70.1837],[9.6135,-70.269],[9.8855,-70.4029],[10.2177,-70.5079],[10.9688,-70.6877],[11.2035,-70.7287],[11.7013,-70.7666],[11.8336,-70.7365],[12.068,-70.6165],[12.3088,-70.4433],[12.4616,-70.3701],[12.6819,-70.3087],[12.9294,-70.2134],[12.8646,-70.1623],[12.7234,-70.1437],[12.5951,-70.1174],[12.6263,-70.0656],[13.0656,-70.0536],[13.2979,-70.2296],[13.5326,-70.2875],[13.8227,-70.3432],[14.4918,-70.2996],[15.0639,-70.2947],[15.5629,-70.3308],[15.8069,-70.324],[16.0252,-70.1935],[16.3811,-70.1451],[16.5849,-70.2038],[16.7092,-70.3973],[17.1667,-70.4509],[18.1246,-70.5403],[18.232,-70.5183],[18.3514,-70.4155],[18.4326,-70.2899],[18.6273,-70.2694],[18.8772,-70.2014],[19.0094,-70.2121],[19.1964,-70.2932],[19.1323,-70.4919],[19.0266,-70.674],[19.1529,-70.8209],[19.2651,-70.9023],[19.4093,-70.917],[19.6519,-70.9206],[19.9442,-70.9102],[20.1281,-70.9176],[21.0708,-70.8435],[21.186,-70.6806],[21.3373,-70.4951],[21.705,-70.2585],[21.8489,-70.2768],[21.9623,-70.3004],[22.2158,-70.4173],[22.366,-70.4751],[22.3965,-70.5613],[22.2337,-70.6427],[22.2778,-70.6956],[22.4454,-70.7397],[22.979,-70.8104],[23.1499,-70.7963],[23.4068,-70.7232],[23.6648,-70.575],[23.8036,-70.4046],[24.0241,-70.4134],[24.2357,-70.4486],[24.3857,-70.5369],[24.3857,-70.7044],[24.5884,-70.8204],[24.7567,-70.8921],[25.1874,-70.971],[25.6502,-70.9906],[25.9741,-71.0374],[26.4988,-71.0195],[26.7544,-70.9673],[26.918,-70.9537],[27.2068,-70.9109],[27.5086,-70.8133],[27.6978,-70.7725],[28.3864,-70.682],[28.9115,-70.5831],[29.4639,-70.4062],[30.0033,-70.3],[30.8341,-70.2463],[31.0629,-70.2247],[31.3788,-70.2258],[32.1596,-70.0998],[32.4565,-70.026],[32.6213,-70.0006],[32.8098,-69.9094],[32.9115,-69.7337],[32.9894,-69.6242],[32.976,-69.517],[32.9031,-69.3787],[32.738,-69.2549],[32.5676,-69.0742],[32.6416,-68.8689],[32.7762,-68.7831],[33.1215,-68.6892],[33.4656,-68.6707],[33.8535,-68.683],[34.1929,-68.7024],[34.2193,-68.7906],[34.0742,-68.8854],[33.8849,-68.9793],[33.7721,-69.02],[33.8137,-69.0993],[34.0586,-69.1105],[34.5959,-69.0945],[34.7495,-69.1677],[35.1313,-69.4869],[35.2248,-69.6373],[35.357,-69.6813],[35.5677,-69.6601],[36.0178,-69.6618],[36.3312,-69.6394],[36.5859,-69.6379],[36.7188,-69.6522],[36.8558,-69.7256],[37.1148,-69.8104],[37.3745,-69.7479],[37.5598,-69.7184],[37.7871,-69.7257],[38.1443,-69.8242],[38.4994,-70.0562],[38.8855,-70.1719],[38.9117,-70.0979],[38.8593,-70.0061],[39.0187,-69.9242],[39.2113,-69.7859],[39.487,-69.608],[39.7051,-69.4256],[39.7623,-69.1733],[39.8639,-68.967],[40.0417,-68.8678],[40.2156,-68.8049],[40.4839,-68.7389],[40.8171,-68.7236],[41.1327,-68.5751],[41.3563,-68.5149],[41.8246,-68.4326],[42.4088,-68.3519],[42.8195,-68.1232],[42.9609,-68.0953],[43.1709,-68.0598],[43.5541,-68.0456],[44.1775,-67.9725],[44.3729,-67.9613],[44.6998,-67.9043],[44.9896,-67.7692],[45.197,-67.7312],[45.5693,-67.7364],[45.8877,-67.6598],[46.1539,-67.657],[46.399,-67.6176],[46.4365,-67.5334],[46.3197,-67.4766],[46.3173,-67.402],[46.4541,-67.3036],[46.5597,-67.2682],[46.8839,-67.2748],[47.1544,-67.3572],[47.3516,-67.3619],[47.4029,-67.4092],[47.2313,-67.4683],[47.1172,-67.5727],[47.3142,-67.6649],[47.4898,-67.7279],[47.7035,-67.7162],[47.9586,-67.6601],[48.21,-67.6993],[48.3217,-67.7853],[48.3217,-67.9175],[48.3745,-67.9881],[48.551,-67.9264],[48.648,-67.794],[48.62,-67.6252],[48.6304,-67.5206],[49.0529,-67.3524],[49.2193,-67.2269],[48.923,-67.1997],[48.7137,-67.2169],[48.5984,-67.1713],[48.4652,-67.0435],[48.8303,-66.9383],[49.2471,-66.9416],[49.4887,-67.031],[50.0062,-67.1752],[50.293,-67.1722],[50.553,-67.1943],[50.606,-67.1502],[50.5089,-66.9386],[50.5209,-66.82],[50.3061,-66.7533],[50.2443,-66.6034],[50.3324,-66.4446],[50.5883,-66.3564],[50.9369,-66.3154],[51.6875,-66.0722],[51.8846,-66.02],[52.3782,-65.9691],[52.9553,-65.9455],[53.6718,-65.8587],[54.9479,-65.9163],[55.2904,-65.9542],[55.5045,-66.0026],[55.7104,-66.08],[55.974,-66.2094],[56.3615,-66.3728],[56.8594,-66.4234],[57.0003,-66.4748],[57.1854,-66.6133],[56.9865,-66.7044],[56.8236,-66.7127],[56.5101,-66.6593],[56.2945,-66.6034],[56.1459,-66.6261],[56.2919,-66.7211],[56.4532,-66.7798],[56.4797,-66.8592],[56.3914,-66.9738],[55.8027,-67.1993],[56.1549,-67.2646],[56.3659,-67.2125],[56.5621,-67.1159],[56.7601,-67.0733],[56.8916,-67.0563],[57.3611,-67.0526],[57.6274,-67.0141],[57.8281,-67.0413],[58.0268,-67.1034],[58.3175,-67.1631],[58.7374,-67.2296],[59.2508,-67.485],[59.6502,-67.4586],[59.8676,-67.4031],[60.482,-67.3852],[61.0121,-67.4995],[61.3091,-67.5402],[62.1739,-67.5755],[62.6879,-67.6476],[63.0177,-67.5618],[63.2376,-67.5269],[63.699,-67.5083],[63.9312,-67.5261],[64.5736,-67.6204],[65.7075,-67.7164],[66.4884,-67.7655],[67.1748,-67.768],[67.5024,-67.8102],[68.0985,-67.8541],[68.3279,-67.8896],[68.8995,-67.8621],[69.1672,-67.8248],[69.4164,-67.743],[69.5592,-67.7632],[69.656,-67.8646],[69.603,-68.041],[69.7045,-68.1608],[69.7887,-68.2795],[69.9074,-68.3795],[69.9822,-68.4643],[69.9279,-68.5354],[69.7619,-68.5985],[69.5342,-68.7369],[69.5469,-68.8566],[69.6456,-68.9322],[69.5308,-69.024],[69.6146,-69.1537],[69.6295,-69.2316],[69.5494,-69.2938],[69.3719,-69.3314],[69.0649,-69.3374],[68.9062,-69.3728],[68.8798,-69.4697],[68.9592,-69.5402],[69.1355,-69.5779],[69.1885,-69.6549],[69.162,-69.7696],[69.0826,-69.8666],[68.9205,-69.9118],[68.7438,-69.9214],[68.4152,-69.9021],[68.1781,-69.8373],[68.0271,-69.8944],[67.917,-69.9527],[67.5754,-70.0879],[67.4166,-70.1771],[67.268,-70.2731],[67.659,-70.326],[67.9408,-70.4229],[68.5594,-70.4125],[68.7574,-70.3699],[69.0209,-70.3252],[69.162,-70.334],[69.2502,-70.4311],[69.1967,-70.5853],[69.1884,-70.7046],[68.8728,-71.0352],[68.768,-71.0907],[68.6237,-71.1814],[68.4476,-71.2516],[68.3105,-71.2865],[68.0374,-71.391],[67.8733,-71.5798],[67.6936,-71.7367],[67.4322,-72.0029],[67.2811,-72.2906],[67.2148,-72.4614],[67.1134,-72.6411],[66.8921,-72.9486],[66.7465,-72.9998],[66.4977,-73.1255],[66.5691,-73.2092],[66.7647,-73.2169],[67.0031,-73.2364],[67.3221,-73.3003],[67.7486,-73.1682],[67.9714,-73.0856],[68.0155,-72.9182],[67.9714,-72.7506],[68.1068,-72.6507],[68.4198,-72.515],[69.157,-72.4187],[69.3095,-72.4088],[69.5547,-72.3745],[69.7697,-72.2536],[69.9621,-72.1329],[70.2943,-72.0554],[70.5729,-71.931],[70.6162,-71.8421],[70.7316,-71.8223],[71.0788,-71.7367],[71.1679,-71.6716],[71.2768,-71.6239],[71.3492,-71.5139],[71.3788,-71.3092],[71.4648,-71.1546],[71.6339,-70.9492],[71.7714,-70.8013],[71.9049,-70.7066],[72.2626,-70.6567],[72.418,-70.5986],[72.6224,-70.4721],[72.7604,-70.3957],[72.7443,-70.2392],[72.8221,-70.0959],[73.0414,-70.0097],[73.3248,-69.8489],[73.6761,-69.8258],[73.9422,-69.7432],[74.2268,-69.8004],[74.5711,-69.8796],[75.1479,-69.8555],[75.4238,-69.8931],[75.6355,-69.8489],[75.8207,-69.7255],[75.8912,-69.5756],[76.1117,-69.4874],[76.3598,-69.4902],[76.7701,-69.3396],[77.192,-69.206],[77.5409,-69.1744],[77.8175,-69.0689],[78.0151,-68.8919],[78.2285,-68.7562],[78.489,-68.6258],[78.5635,-68.3937],[78.7263,-68.2778],[79.0352,-68.1754],[79.2878,-68.1193],[80.3631,-67.9469],[81.1874,-67.8312],[82.017,-67.69],[82.2732,-67.6917],[82.607,-67.6131],[83.1578,-67.6105],[83.3043,-67.603],[83.4937,-67.4412],[83.9037,-67.292],[84.1607,-67.2441],[84.4852,-67.1145],[84.7483,-67.1022],[85.1168,-67.1256],[85.429,-67.1609],[85.7107,-67.1613],[86.1184,-67.055],[86.7502,-67.0371],[86.9466,-66.9855],[87.0849,-66.9401],[87.9803,-66.7885],[88.3142,-66.8175],[88.7895,-66.792],[89.0766,-66.7994],[89.3518,-66.8182],[89.6984,-66.823],[90.293,-66.7696],[90.5473,-66.7343],[91.0217,-66.6028],[91.5461,-66.5721],[91.7771,-66.5375],[92.0734,-66.5079],[92.3123,-66.5586],[92.4858,-66.6043],[92.592,-66.6145],[92.7306,-66.6244],[93.0749,-66.5711],[93.358,-66.5854],[93.7217,-66.643],[93.9643,-66.6896],[94.0888,-66.6889],[94.3135,-66.6472],[94.5868,-66.5436],[94.8398,-66.5014],[95.084,-66.5274],[95.2479,-66.5712],[95.541,-66.631],[95.9914,-66.6212],[96.4237,-66.5996],[96.7889,-66.5506],[97.1006,-66.4994],[97.3885,-66.5786],[97.7198,-66.6073],[98.2576,-66.4675],[98.4617,-66.4985],[98.6031,-66.5348],[98.7201,-66.5531],[98.8589,-66.6708],[99.3701,-66.6482],[99.8243,-66.5486],[100.2117,-66.4739],[100.5912,-66.4252],[100.8891,-66.358],[101.3271,-66.1005],[101.3209,-66.0209],[101.3813,-65.973],[101.4744,-65.9512],[102.1741,-65.9542],[102.3922,-65.9326],[102.6742,-65.8651],[103.1666,-65.9169],[103.6388,-65.9989],[103.7635,-65.9897],[103.9512,-65.9881],[104.2891,-66.0392],[104.667,-66.1368],[105.0004,-66.1641],[106.3869,-66.4106],[107.1709,-66.4704],[107.5655,-66.5523],[107.6673,-66.5804],[107.7851,-66.6641],[107.9917,-66.6721],[108.1579,-66.6391],[108.3762,-66.7658],[108.9101,-66.8619],[109.4628,-66.9087],[109.8237,-66.8337],[110.437,-66.6211],[110.6223,-66.524],[110.587,-66.3123],[110.9067,-66.0767],[111.4531,-65.9609],[112.1303,-65.9001],[112.5479,-65.8479],[113.0994,-65.7999],[113.368,-65.8487],[113.5021,-65.8863],[113.7098,-65.9296],[113.9545,-66.0604],[114.3369,-66.3602],[114.6186,-66.468],[114.8695,-66.477],[115.0824,-66.493],[115.3104,-66.5608],[115.6354,-66.7712],[115.4419,-66.958],[115.2737,-67.0279],[114.5706,-67.1085],[114.2598,-67.1723],[113.9912,-67.2119],[113.9125,-67.3677],[114.0266,-67.4412],[114.319,-67.4057],[114.6579,-67.3879],[114.9258,-67.3565],[115.1719,-67.3078],[115.3842,-67.2381],[115.8853,-67.202],[116.2146,-67.1428],[116.5091,-67.1079],[116.7135,-67.0472],[116.9236,-67.0555],[117.1319,-67.1144],[117.2979,-67.1093],[117.7447,-67.1285],[117.952,-67.0854],[118.1387,-67.0824],[118.3258,-67.115],[118.5189,-67.1609],[118.7139,-67.1717],[118.9646,-67.1448],[119.3183,-67.0708],[119.768,-66.9915],[120.1873,-66.9662],[120.2893,-66.9666],[120.3748,-66.9838],[119.9537,-67.0759],[119.2807,-67.1992],[118.9217,-67.3197],[119.133,-67.3707],[120.4004,-67.236],[120.9787,-67.1357],[121.4876,-67.0907],[121.6132,-67.057],[122.0331,-66.9018],[122.1828,-66.8595],[122.633,-66.8049],[123.2217,-66.7451],[123.6666,-66.6769],[123.9693,-66.6081],[124.1962,-66.6008],[124.3705,-66.6522],[124.5979,-66.7082],[124.8216,-66.6945],[125.0951,-66.6411],[125.2863,-66.5158],[125.3979,-66.4244],[125.603,-66.3934],[125.8656,-66.3645],[126.0771,-66.3955],[126.4237,-66.4624],[126.6647,-66.4976],[126.8736,-66.7594],[127.3654,-66.9896],[127.5412,-67.0511],[127.9681,-67.0279],[128.4306,-67.1191],[128.6278,-67.1071],[128.8164,-67.0804],[128.9824,-67.0982],[129.2369,-67.0416],[129.5,-66.7529],[129.7412,-66.4686],[129.9758,-66.3448],[130.1205,-66.2915],[130.3006,-66.2685],[130.5785,-66.2086],[130.9518,-66.1914],[131.232,-66.2155],[131.8309,-66.2358],[132.3203,-66.1654],[132.8743,-66.178],[133.1482,-66.0948],[133.4445,-66.0814],[133.8428,-66.1536],[133.9575,-66.2043],[134.1789,-66.2771],[134.2318,-66.3477],[134.2895,-66.4768],[134.3981,-66.4799],[134.7697,-66.3533],[134.9715,-66.3302],[135.352,-66.1271],[135.5548,-66.1801],[136.0094,-66.2668],[136.1939,-66.2922],[136.5533,-66.439],[136.7396,-66.4077],[136.8892,-66.3396],[137.3362,-66.3465],[137.7538,-66.4064],[137.9258,-66.4569],[138.1399,-66.5439],[138.271,-66.5645],[138.3765,-66.5404],[139.2416,-66.574],[139.6132,-66.6376],[139.9001,-66.7151],[140.9016,-66.752],[141.2859,-66.8318],[141.5172,-66.794],[141.9729,-66.8067],[142.159,-66.8736],[142.3267,-66.9483],[142.6875,-67.0128],[142.8884,-67.0001],[143.1689,-66.9486],[143.4482,-66.8768],[143.7304,-66.8768],[143.8627,-66.9386],[143.9111,-67.0907],[144.1177,-67.0877],[144.3479,-67.018],[144.5506,-67.0355],[144.6212,-67.1414],[144.5153,-67.2825],[144.2597,-67.4787],[144.1537,-67.6441],[143.942,-67.794],[143.9773,-67.8646],[144.1891,-67.8998],[144.4043,-67.7942],[144.8791,-67.7209],[145.1279,-67.626],[145.5564,-67.5909],[145.9752,-67.6242],[146.2764,-67.7509],[146.8278,-67.9646],[146.8524,-68.041],[146.8966,-68.1203],[146.8782,-68.1912],[146.7977,-68.2736],[147.0937,-68.3687],[147.3538,-68.3843],[147.5686,-68.3751],[148.4563,-68.467],[148.8806,-68.4312],[149.2627,-68.4313],[149.7169,-68.4178],[150.0655,-68.4199],[150.3422,-68.4357],[150.672,-68.4029],[150.9359,-68.3585],[151.0683,-68.385],[151.1211,-68.623],[151.1389,-68.7642],[151.2888,-68.8171],[151.4476,-68.7642],[151.5621,-68.6937],[152.2652,-68.7256],[152.5455,-68.7296],[152.8142,-68.7677],[153.0818,-68.8568],[153.3399,-68.818],[153.4957,-68.7644],[153.7053,-68.7289],[153.767,-68.6406],[153.7924,-68.4934],[153.7847,-68.3496],[153.908,-68.3231],[154.0315,-68.3496],[154.1997,-68.4179],[154.5764,-68.6343],[154.866,-68.7743],[154.9875,-68.8413],[155.164,-68.8946],[155.5203,-69.0244],[156.0109,-69.0778],[156.4887,-69.183],[157.0464,-69.1763],[157.4813,-69.3087],[157.7758,-69.2047],[157.9325,-69.1808],[158.1578,-69.2089],[158.4326,-69.2994],[158.6472,-69.3201],[159.3863,-69.4684],[159.784,-69.5219],[159.931,-69.6306],[160.1258,-69.7343],[160.1258,-69.8401],[160.2097,-69.9749],[160.6519,-70.0806],[160.8268,-70.182],[161.037,-70.3172],[161.4245,-70.8268],[161.6251,-70.9161],[161.9161,-70.9073],[162.1895,-71.0396],[162.2777,-71.0219],[162.2865,-70.969],[162.0396,-70.625],[162.022,-70.4398],[162.216,-70.334],[162.6748,-70.3046],[163.0265,-70.5014],[163.3487,-70.6209],[163.5665,-70.6423],[163.9984,-70.6365],[164.4032,-70.5104],[164.716,-70.5565],[165.2094,-70.5708],[165.8539,-70.6453],[166.132,-70.6328],[166.627,-70.6643],[167.2288,-70.7713],[167.5694,-70.8103],[167.64,-70.8544],[167.7988,-70.9249],[167.8781,-71.0131],[167.9663,-71.0925],[168.1727,-71.1832],[168.3828,-71.1974],[168.7979,-71.2748],[169.6638,-71.5113],[169.977,-71.5807],[170.1623,-71.6305],[170.2505,-71.5687],[170.2769,-71.4439],[170.4357,-71.4188],[170.6033,-71.604],[170.7797,-71.7451],[170.8591,-71.8686],[170.6754,-71.9686],[170.4093,-71.9479],[170.224,-71.9479],[170.0301,-72.1155],[169.9535,-72.4028],[170.1271,-72.3978],[170.2594,-72.3713],[170.2858,-72.4771],[170.2064,-72.5653],[170.0478,-72.6006],[169.7749,-72.5338],[169.4403,-72.4868],[169.0724,-72.4688],[168.7188,-72.3845],[168.5762,-72.3791],[168.4284,-72.3834],[168.6217,-72.4727],[168.82,-72.5524],[169.2695,-72.6213],[169.8286,-72.7288],[169.8448,-72.7946],[169.7121,-72.877],[169.545,-73.0504],[169.0334,-73.2004],[168.7359,-73.0912],[168.3813,-73.0659],[168.2045,-73.1298],[167.853,-73.1225],[167.1557,-73.1473],[166.8828,-73.0112],[166.4528,-72.936],[166.467,-72.9975],[166.834,-73.2243],[167.2256,-73.2758],[167.6158,-73.3368],[167.7091,-73.3942],[167.5342,-73.4473],[167.2965,-73.44],[166.9961,-73.5443],[166.4288,-73.527],[166.1594,-73.5338],[166.0011,-73.5767],[165.8602,-73.5927],[165.9706,-73.6308],[166.1061,-73.7352],[165.9133,-73.8229],[165.7337,-73.8667],[165.5489,-73.8461],[165.347,-73.8794],[165.2499,-73.7824],[165.2445,-73.5712],[165.1295,-73.3826],[165.0049,-73.3745],[164.813,-73.3968],[164.7496,-73.5588],[164.8877,-73.8377],[164.9799,-73.9259],[164.906,-74.0029],[164.7757,-74.0285],[165.0372,-74.2635],[165.2631,-74.4262],[165.3998,-74.4792],[165.4086,-74.5586],[165.3028,-74.5938],[165.0012,-74.5627],[164.853,-74.5783],[164.689,-74.5684],[164.4107,-74.5334],[164.174,-74.5232],[163.9358,-74.5674],[163.7353,-74.5638],[163.5565,-74.4174],[163.3979,-74.3821],[163.2655,-74.4263],[163.1674,-74.602],[162.9612,-74.6561],[162.7521,-74.7361],[162.6041,-74.8231],[162.5336,-75.1671],[162.4101,-75.2376],[162.2256,-75.2346],[162.0878,-75.2616],[161.9104,-75.2339],[161.6796,-75.2178],[160.9107,-75.3347],[161.0329,-75.3959],[161.2273,-75.3861],[161.9035,-75.4042],[162.1896,-75.4669],[162.2391,-75.6217],[162.352,-75.6865],[162.5776,-75.758],[162.754,-75.7933],[162.8157,-75.8462],[162.7451,-75.952],[162.6482,-76.049],[162.4365,-76.1549],[162.4982,-76.2077],[162.7275,-76.2254],[162.8246,-76.4636],[162.6746,-76.5693],[162.7452,-76.6575],[162.7628,-76.7457],[162.6096,-76.8287],[162.4895,-76.8692],[162.4503,-76.9557],[162.6791,-77.0067],[162.8502,-77.0235],[163.0869,-77.0323],[163.2499,-77.1265],[163.4585,-77.2693],[163.6076,-77.3878],[163.6191,-77.5823],[163.7662,-77.6999],[164.0452,-77.7746],[164.0364,-77.853],[164.232,-77.8771],[164.4209,-77.8835],[164.4915,-77.954],[164.4297,-78.0422],[164.1078,-78.1468],[163.9776,-78.2238],[164.2974,-78.2362],[164.6281,-78.3156],[165.0506,-78.2261],[165.274,-78.1286],[165.4176,-78.0422],[165.524,-78.0636],[165.5342,-78.1538],[165.663,-78.3057],[166.2086,-78.4517],[166.5104,-78.4974],[166.8012,-78.5216],[167.058,-78.5185],[167.1303,-78.6062],[167.049,-78.686],[166.85,-78.6799],[166.5246,-78.6949],[166.2865,-78.6278],[166.1168,-78.5711],[164.6348,-78.6032],[164.3006,-78.6301],[163.9018,-78.7171],[163.5031,-78.7586],[162.8951,-78.8448],[162.6395,-78.8978],[161.9745,-78.6942],[161.7574,-78.5449],[161.6692,-78.5361],[161.5104,-78.5714],[161.5018,-78.6772],[161.8134,-78.9074],[161.9515,-78.9683],[161.9515,-79.03],[161.8643,-79.0609],[161.7373,-79.06],[161.5461,-79.015],[161.1905,-78.9787],[160.8735,-79.0497],[160.4827,-79.2015],[160.5674,-79.3023],[160.6702,-79.3589],[160.6461,-79.4269],[160.2092,-79.5544],[160.068,-79.5612],[159.9759,-79.5856],[160.0836,-79.6325],[160.3228,-79.6355],[160.3463,-79.6915],[160.2648,-79.7366],[159.8719,-79.7898],[159.8965,-79.859],[160.1114,-79.8925],[160.3873,-79.8795],[160.558,-79.9296],[160.5588,-80.0105],[160.3817,-80.0545],[160.1794,-80.0881],[158.7675,-80.2934],[158.5604,-80.3489],[158.5736,-80.4234],[159.0651,-80.4426],[160.5422,-80.425],[160.6373,-80.4499],[160.6033,-80.5076],[160.5213,-80.5834],[160.6014,-80.6365],[160.8232,-80.674],[160.8303,-80.7299],[160.72,-80.7531],[160.5025,-80.7793],[160.2602,-80.7867],[160.2758,-80.8468],[160.6072,-80.9012],[160.7168,-80.9074],[160.7279,-81.1129],[160.7167,-81.1996],[160.54,-81.2417],[160.4786,-81.2701],[160.4698,-81.3406],[160.9078,-81.3902],[161.5821,-81.6098],[161.7302,-81.6104],[161.9961,-81.653],[162.4253,-81.7649],[162.5767,-81.832],[162.8212,-81.8662],[162.8544,-81.9207],[163.0043,-81.9689],[163.6023,-82.1206],[163.6801,-82.1873],[162.4266,-82.3145],[161.1665,-82.4078],[161.2832,-82.4899],[162.6438,-82.4815],[163.0118,-82.535],[163.1747,-82.5189],[163.2686,-82.4633],[164.0014,-82.3968],[164.7472,-82.3544],[164.9801,-82.385],[165.9816,-82.6297],[166.4459,-82.7222],[166.7422,-82.757],[166.9567,-82.7646],[167.1163,-82.8013],[167.2713,-82.8794],[167.2326,-82.9523],[167.2975,-82.9858],[167.4045,-82.9988],[167.602,-83.0475],[167.8275,-83.0308],[168.0918,-82.9747],[168.276,-82.9872],[168.6073,-83.0653],[168.4816,-83.1268],[168.4084,-83.1551],[168.32,-83.2107],[168.2402,-83.2299],[167.973,-83.2432],[167.8254,-83.243],[167.6744,-83.2314],[167.6576,-83.2722],[167.8428,-83.3162],[168.1101,-83.362],[169.8379,-83.399],[170.332,-83.4788],[170.8175,-83.4357],[171.0357,-83.4484],[171.2207,-83.475],[171.2893,-83.5555],[171.5371,-83.5813],[171.9172,-83.644],[172.4501,-83.6754],[172.8739,-83.6731],[173.3973,-83.7588],[173.6618,-83.7609],[173.8224,-83.8102],[175.011,-83.8391],[175.1874,-83.8774],[175.3229,-83.94],[175.6058,-83.9676],[175.9112,-83.9731],[177.5811,-84.0749],[178.2086,-84.1299],[178.3526,-84.1267],[178.496,-84.1357],[178.9444,-84.1814],[179.403,-84.2062],[179.6203,-84.2684],[180,-84.3516],[180,-89.9989],[178.5938,-89.9989],[177.1875,-89.9989],[175.7812,-89.9989],[174.375,-89.9989],[172.9688,-89.9989],[171.5625,-89.9989],[170.1562,-89.9989],[168.75,-89.9989],[167.3438,-89.9989],[165.9375,-89.9989],[164.5312,-89.9989],[163.125,-89.9989],[161.7188,-89.9989],[160.3125,-89.9989],[158.9062,-89.9989],[157.5,-89.9989],[156.0938,-89.9989],[154.6875,-89.9989],[153.2812,-89.9989],[151.875,-89.9989],[150.4688,-89.9989],[149.0625,-89.9989],[147.6562,-89.9989],[146.25,-89.9989],[144.8438,-89.9989],[143.4375,-89.9989],[142.0312,-89.9989],[140.625,-89.9989],[139.2188,-89.9989],[137.8125,-89.9989],[136.4062,-89.9989],[135,-89.9989],[133.5938,-89.9989],[132.1875,-89.9989],[130.7812,-89.9989],[129.375,-89.9989],[127.9688,-89.9989],[126.5624,-89.9989],[125.1562,-89.9989],[123.75,-89.9989],[122.3438,-89.9989],[120.9375,-89.9989],[119.5312,-89.9989],[118.125,-89.9989],[116.7188,-89.9989],[115.3125,-89.9989],[113.9062,-89.9989],[112.5,-89.9989],[111.0938,-89.9989],[109.6875,-89.9989],[108.2812,-89.9989],[106.875,-89.9989],[105.4688,-89.9989],[104.0625,-89.9989],[102.6562,-89.9989],[101.25,-89.9989],[99.8438,-89.9989],[98.4375,-89.9989],[97.0312,-89.9989],[95.625,-89.9989],[94.2188,-89.9989],[92.8125,-89.9989],[91.4062,-89.9989],[90,-89.9989],[88.5938,-89.9989],[87.1875,-89.9989],[85.7812,-89.9989],[84.375,-89.9989],[82.9688,-89.9989],[81.5625,-89.9989],[80.1562,-89.9989],[78.75,-89.9989],[77.3438,-89.9989],[75.9375,-89.9989],[74.5312,-89.9989],[73.125,-89.9989],[71.7188,-89.9989],[70.3125,-89.9989],[68.9062,-89.9989],[67.5,-89.9989],[66.0938,-89.9989],[64.6875,-89.9989],[63.2812,-89.9989],[61.875,-89.9989],[60.4688,-89.9989],[59.0625,-89.9989],[57.6562,-89.9989],[56.25,-89.9989],[54.8438,-89.9989],[53.4375,-89.9989],[52.0312,-89.9989],[50.625,-89.9989],[49.2188,-89.9989],[47.8125,-89.9989],[46.4062,-89.9989],[45,-89.9989],[43.5938,-89.9989],[42.1875,-89.9989],[40.7812,-89.9989],[39.375,-89.9989],[37.9688,-89.9989],[36.5625,-89.9989],[35.1562,-89.9989],[33.75,-89.9989],[32.3438,-89.9989],[30.9375,-89.9989],[29.5312,-89.9989],[28.1249,-89.9989],[26.7188,-89.9989],[25.3125,-89.9989],[23.9062,-89.9989],[22.5,-89.9989],[21.0938,-89.9989],[19.6875,-89.9989],[18.2812,-89.9989],[16.875,-89.9989],[15.4688,-89.9989],[14.0625,-89.9989],[12.6562,-89.9989],[11.25,-89.9989],[9.8438,-89.9989],[8.4375,-89.9989],[7.0312,-89.9989],[5.625,-89.9989],[4.2188,-89.9989],[2.8125,-89.9989],[1.4062,-89.9989],[0,-89.9989],[-1.4062,-89.9989],[-2.8125,-89.9989],[-4.2188,-89.9989],[-5.625,-89.9989],[-7.0312,-89.9989],[-8.4375,-89.9989],[-9.8438,-89.9989],[-11.25,-89.9989],[-12.6562,-89.9989],[-14.0625,-89.9989],[-15.4688,-89.9989],[-16.875,-89.9989],[-18.2812,-89.9989],[-19.6875,-89.9989],[-21.0938,-89.9989],[-22.5,-89.9989],[-23.9062,-89.9989],[-25.3125,-89.9989],[-26.7188,-89.9989],[-28.125,-89.9989],[-29.5312,-89.9989],[-30.9375,-89.9989],[-32.3438,-89.9989],[-33.75,-89.9989],[-35.1562,-89.9989],[-36.5625,-89.9989],[-37.9688,-89.9989],[-39.375,-89.9989],[-40.7812,-89.9989],[-42.1875,-89.9989],[-43.5938,-89.9989],[-45,-89.9989],[-46.4062,-89.9989],[-47.8125,-89.9989],[-49.2188,-89.9989],[-50.625,-89.9989],[-52.0312,-89.9989],[-53.4375,-89.9989],[-54.8438,-89.9989],[-56.25,-89.9989],[-57.6562,-89.9989],[-59.0625,-89.9989],[-60.4688,-89.9989],[-61.875,-89.9989],[-63.2812,-89.9989],[-64.6875,-89.9989],[-66.0938,-89.9989],[-67.5,-89.9989],[-68.9062,-89.9989],[-70.3125,-89.9989],[-71.7188,-89.9989],[-73.125,-89.9989],[-74.5312,-89.9989],[-75.9375,-89.9989],[-77.3438,-89.9989],[-78.75,-89.9989],[-80.1562,-89.9989],[-81.5625,-89.9989],[-82.9688,-89.9989],[-84.375,-89.9989],[-85.7812,-89.9989],[-87.1875,-89.9989],[-88.5938,-89.9989],[-90,-89.9989],[-91.4062,-89.9989],[-92.8125,-89.9989],[-94.2188,-89.9989],[-95.625,-89.9989],[-97.0312,-89.9989],[-98.4375,-89.9989],[-99.8438,-89.9989],[-101.25,-89.9989],[-102.6562,-89.9989],[-104.0625,-89.9989],[-105.4688,-89.9989],[-106.875,-89.9989],[-108.2812,-89.9989],[-109.6875,-89.9989],[-111.0938,-89.9989],[-112.5,-89.9989],[-113.9062,-89.9989],[-115.3125,-89.9989],[-116.7188,-89.9989],[-118.125,-89.9989],[-119.5312,-89.9989],[-120.9375,-89.9989],[-122.3438,-89.9989],[-123.75,-89.9989],[-125.1562,-89.9989],[-126.5625,-89.9989],[-127.9688,-89.9989],[-129.375,-89.9989],[-130.7812,-89.9989],[-132.1875,-89.9989],[-133.5938,-89.9989],[-135,-89.9989],[-136.4062,-89.9989],[-137.8125,-89.9989],[-139.2188,-89.9989],[-140.625,-89.9989],[-142.0312,-89.9989],[-143.4375,-89.9989],[-144.8438,-89.9989],[-146.25,-89.9989],[-147.6562,-89.9989],[-149.0625,-89.9989],[-150.4688,-89.9989],[-151.875,-89.9989],[-153.2812,-89.9989],[-154.6875,-89.9989],[-156.0938,-89.9989],[-157.5,-89.9989],[-158.9062,-89.9989],[-160.3125,-89.9989],[-161.7188,-89.9989],[-163.125,-89.9989],[-164.5312,-89.9989],[-165.9375,-89.9989],[-167.3438,-89.9989],[-168.75,-89.9989],[-170.1563,-89.9989],[-171.5625,-89.9989],[-172.9688,-89.9989],[-174.375,-89.9989],[-175.7812,-89.9989],[-177.1875,-89.9989],[-178.5938,-89.9989],[-180,-89.9989],[-180,-89.5829],[-180,-89.293],[-180,-88.587],[-180,-87.8811],[-180,-87.1752],[-180,-86.4693],[-180,-85.7634],[-180,-85.0575],[-180,-84.3516],[-178.3895,-84.3375],[-178.069,-84.3523],[-177.7304,-84.3952],[-176.9855,-84.3993],[-176.289,-84.4184],[-176.1074,-84.4753],[-175.8746,-84.5104],[-175.381,-84.4798],[-174.9867,-84.4654],[-174.6632,-84.4627],[-171.7037,-84.5424],[-168.6678,-84.6836],[-168.0486,-84.7286],[-167.4922,-84.8337],[-166.9111,-84.8192],[-163.4637,-84.9009],[-162.9334,-84.9012],[-160.8209,-84.9866],[-157.1275,-85.1856],[-156.8103,-85.1922],[-156.4591,-85.186],[-156.6428,-85.0794],[-156.9883,-84.9822],[-157.4539,-84.9124],[-157.1496,-84.8913],[-156.4896,-84.8893],[-156.621,-84.8396],[-156.9863,-84.8111],[-158.3034,-84.778],[-163.5685,-84.5287],[-163.6854,-84.5131],[-163.759,-84.4928],[-163.897,-84.4704],[-164.1142,-84.4454],[-164.9168,-84.4313],[-165.1354,-84.4099],[-165.2404,-84.3812],[-165.1848,-84.3695],[-165.1251,-84.3746],[-163.8992,-84.3526],[-163.7652,-84.3242],[-163.7576,-84.3055],[-163.8214,-84.2905],[-164.0321,-84.274],[-164.5283,-84.191],[-164.6851,-84.1546],[-164.6028,-84.0967],[-164.5025,-84.0716],[-164.1239,-84.0535],[-164.0113,-84.0156],[-164.0829,-83.9461],[-164.9509,-83.8059],[-165.5363,-83.7566],[-165.9218,-83.7902],[-166.6495,-83.792],[-167.5529,-83.8108],[-167.8012,-83.7908],[-168.0527,-83.7354],[-168.3474,-83.6368],[-168.4973,-83.6113],[-168.785,-83.5293],[-169.1677,-83.4498],[-171.1878,-83.2564],[-171.5394,-83.2037],[-174.066,-82.9001],[-174.172,-82.8478],[-174.2359,-82.7935],[-173.0711,-82.9158],[-172.8515,-82.9168],[-172.5929,-82.8842],[-172.392,-82.8931],[-172.1244,-82.8624],[-171.8213,-82.8475],[-171.0313,-82.943],[-169.4408,-83.096],[-169.0161,-83.1503],[-168.7901,-83.1879],[-168.6038,-83.2016],[-168.4177,-83.2288],[-168.191,-83.2133],[-168.0547,-83.2266],[-167.7243,-83.2174],[-166.2169,-83.2008],[-165.6192,-83.2155],[-164.9156,-83.29],[-164.6443,-83.4125],[-164.4456,-83.4677],[-164.0584,-83.4247],[-163.7334,-83.373],[-163.1111,-83.3291],[-162.9121,-83.3471],[-162.5742,-83.4106],[-162.1973,-83.5189],[-160.5947,-83.4896],[-159.9235,-83.4947],[-159.4444,-83.5432],[-157.6993,-83.3812],[-157.4285,-83.3464],[-157.0278,-83.2344],[-157.3558,-83.1984],[-157.5892,-83.1874],[-157.6795,-83.1295],[-157.5219,-83.1066],[-157.0183,-83.0752],[-156.037,-83.0269],[-155.4594,-82.9808],[-155.1502,-82.8584],[-153.8223,-82.6693],[-153.3986,-82.5862],[-153.0099,-82.4496],[-153.8826,-82.1766],[-154.7174,-81.9407],[-154.4515,-81.8676],[-154.1885,-81.8105],[-154.0614,-81.7654],[-153.9566,-81.7002],[-154.2321,-81.6232],[-154.4852,-81.5662],[-154.9078,-81.5104],[-156.4926,-81.377],[-157.0325,-81.3191],[-156.8151,-81.231],[-156.5282,-81.1623],[-155.9211,-81.1334],[-152.0348,-81.029],[-148.1228,-80.9008],[-148.0234,-80.8357],[-148.543,-80.7601],[-148.9842,-80.7415],[-149.1472,-80.7187],[-149.2074,-80.6704],[-149.2141,-80.6042],[-149.2644,-80.5931],[-149.4286,-80.5862],[-150.1328,-80.5104],[-150.2817,-80.4805],[-150.5161,-80.4095],[-150.5754,-80.3537],[-150.4354,-80.211],[-150.2207,-80.15],[-149.8454,-80.1177],[-149.5776,-80.106],[-148.7661,-80.1081],[-148.448,-80.0905],[-148.3171,-80.071],[-148.3398,-80.0027],[-148.4303,-79.9713],[-148.4335,-79.9295],[-148.2964,-79.9065],[-148.1293,-79.9077],[-148.083,-79.8567],[-148.1765,-79.7759],[-148.4175,-79.7314],[-149.0514,-79.6569],[-150.4906,-79.5456],[-151.0484,-79.4597],[-151.3683,-79.3934],[-151.6361,-79.3177],[-151.9036,-79.2806],[-152.0914,-79.2416],[-152.0534,-79.1928],[-152.1377,-79.1159],[-152.2435,-79.1027],[-152.7014,-79.1349],[-153.5176,-79.1173],[-154.5177,-79.0466],[-155.2099,-78.9648],[-156.1146,-78.7446],[-156.4693,-78.6354],[-156.2079,-78.5587],[-155.9198,-78.5104],[-154.7164,-78.3981],[-154.5376,-78.3589],[-154.293,-78.2591],[-154.6951,-78.217],[-155.0366,-78.2208],[-155.3415,-78.192],[-156.5692,-78.1861],[-157.2668,-78.1998],[-157.848,-78.0739],[-158.2859,-77.9508],[-158.4069,-77.8878],[-158.5004,-77.7783],[-158.3514,-77.6148],[-158.23,-77.4977],[-158.2465,-77.3543],[-158.2136,-77.1571],[-158.0031,-77.0912],[-157.842,-77.0792],[-157.4654,-77.2313],[-157.1393,-77.2421],[-156.6677,-77.213],[-156.3682,-77.1348],[-156.2112,-77.1057],[-155.9196,-77.098],[-155.3588,-77.1333],[-155.1018,-77.1195],[-154.8149,-77.127],[-153.91,-77.227],[-153.7126,-77.2742],[-153.6061,-77.3102],[-153.573,-77.3631],[-153.4606,-77.416],[-153.077,-77.4425],[-151.9984,-77.4126],[-151.719,-77.4259],[-150.9564,-77.5735],[-150.3056,-77.7314],[-150.0843,-77.771],[-149.7177,-77.7975],[-149.5885,-77.7742],[-149.474,-77.7148],[-149.126,-77.6427],[-148.3399,-77.5512],[-148.1557,-77.4623],[-148.2598,-77.4126],[-148.5593,-77.3613],[-148.7444,-77.3433],[-148.8436,-77.2837],[-148.839,-77.2023],[-148.7775,-77.125],[-148.5724,-77.1051],[-148.1963,-77.2113],[-147.7302,-77.3098],[-147.5664,-77.3253],[-147.4423,-77.3207],[-147.2072,-77.2858],[-146.9276,-77.2599],[-146.3906,-77.4725],[-146.0736,-77.4867],[-145.6771,-77.4881],[-145.6006,-77.4553],[-145.6497,-77.3983],[-145.7138,-77.3384],[-145.7943,-77.33],[-145.808,-77.2732],[-145.6346,-77.2213],[-145.5157,-77.1992],[-145.5632,-77.1617],[-145.7531,-77.1033],[-145.8643,-77.0941],[-145.967,-77.0687],[-145.9339,-77.029],[-145.8063,-77.0121],[-145.6292,-76.9537],[-145.6857,-76.8845],[-145.6757,-76.7967],[-145.7505,-76.749],[-146.1665,-76.6576],[-146.7767,-76.507],[-147.3404,-76.4384],[-148.6011,-76.4933],[-149.0459,-76.458],[-149.3396,-76.4189],[-149.6542,-76.3653],[-149.285,-76.3112],[-148.8948,-76.2718],[-148.7804,-76.2383],[-148.6318,-76.168],[-148.459,-76.118],[-148.3203,-76.1045],[-147.8602,-76.1309],[-146.8173,-76.3181],[-146.5974,-76.3378],[-145.8857,-76.4243],[-145.6869,-76.4288],[-145.4421,-76.4092],[-145.6423,-76.3257],[-145.8604,-76.2666],[-146.383,-76.0997],[-146.3235,-76.0203],[-145.9877,-75.8888],[-145.1055,-75.8789],[-144.7213,-75.8321],[-144.2206,-75.7314],[-143.5743,-75.5636],[-143.0222,-75.5435],[-142.3298,-75.4909],[-142.0942,-75.5298],[-141.5057,-75.6904],[-141.1346,-75.746],[-141.009,-75.7508],[-140.8743,-75.7459],[-141.2233,-75.5459],[-140.9987,-75.52],[-140.7093,-75.4977],[-140.471,-75.4473],[-140.2938,-75.4059],[-139.6912,-75.2128],[-139.1488,-75.1602],[-137.6182,-75.0756],[-137.0901,-75.1526],[-136.6499,-75.1617],[-136.5495,-75.1395],[-136.4619,-75.0358],[-136.2278,-74.836],[-136.0301,-74.7653],[-135.3621,-74.6904],[-134.8404,-74.6941],[-134.4651,-74.7762],[-134.1171,-74.8297],[-133.7963,-74.8546],[-133.4749,-74.8519],[-132.9916,-74.8062],[-132.3513,-74.7894],[-132.0494,-74.7657],[-131.7065,-74.8109],[-130.8575,-74.826],[-130.1956,-74.8906],[-129.7908,-74.8914],[-129.2383,-74.8289],[-128.9406,-74.8202],[-127.8634,-74.7192],[-127.0202,-74.6979],[-126.384,-74.7426],[-125.3534,-74.7146],[-124.3125,-74.7357],[-123.8895,-74.773],[-121.5439,-74.75],[-119.677,-74.6546],[-119.4222,-74.6216],[-119.0224,-74.5179],[-118.8029,-74.4223],[-118.6558,-74.3928],[-118.342,-74.3815],[-117.8062,-74.4029],[-117.0683,-74.4732],[-116.433,-74.4471],[-115.2226,-74.4874],[-115.1052,-74.4551],[-114.991,-74.275],[-114.791,-73.9886],[-114.6237,-73.9029],[-114.3459,-73.925],[-113.5085,-74.0889],[-113.4894,-74.1584],[-113.5747,-74.2079],[-113.7136,-74.2277],[-113.7533,-74.3667],[-113.6408,-74.4063],[-113.4542,-74.3942],[-113.333,-74.4542],[-113.5973,-74.5588],[-113.7831,-74.6182],[-113.9035,-74.6444],[-113.9848,-74.843],[-114.0972,-74.9091],[-114.1104,-74.9818],[-113.9318,-74.9818],[-113.7525,-74.9521],[-113.5934,-74.9437],[-113.0915,-74.8917],[-112.17,-74.8322],[-111.8682,-74.8012],[-111.6962,-74.7922],[-111.5844,-74.7509],[-111.7387,-74.6534],[-111.7887,-74.5717],[-111.6959,-74.5041],[-111.7223,-74.3866],[-111.8063,-74.2697],[-111.63,-74.1814],[-111.4668,-74.2008],[-111.1802,-74.1881],[-111.0198,-74.2305],[-110.7704,-74.2689],[-110.5339,-74.2889],[-110.3071,-74.3667],[-110.2298,-74.5363],[-110.3004,-74.7106],[-110.5319,-74.8363],[-110.9676,-74.9513],[-111.4631,-75.1334],[-111.3588,-75.2199],[-111.1042,-75.1908],[-109.99,-75.1991],[-109.2722,-75.1851],[-108.8223,-75.2066],[-108.2545,-75.2525],[-107.8047,-75.3216],[-107.2668,-75.3345],[-106.9321,-75.3094],[-106.6188,-75.3439],[-105.3994,-75.1977],[-104.9019,-75.1151],[-104.6178,-75.1562],[-104.1597,-75.1207],[-103.9013,-75.1525],[-103.4249,-75.1013],[-103.121,-75.0952],[-102.7713,-75.117],[-101.7081,-75.1273],[-101.6278,-75.2218],[-101.3037,-75.3658],[-101.0394,-75.4219],[-100.7063,-75.3981],[-100.4634,-75.3534],[-100.0828,-75.3704],[-99.5313,-75.309],[-98.9802,-75.3274],[-98.7523,-75.3171],[-98.6457,-75.2771],[-98.5579,-75.1897],[-98.7272,-75.1408],[-99.2082,-75.0785],[-99.6519,-74.9488],[-99.8486,-74.9217],[-100.1641,-74.9379],[-100.313,-74.9144],[-100.4733,-74.8724],[-100.2649,-74.8229],[-100.0127,-74.6621],[-100.1186,-74.515],[-100.2381,-74.4842],[-100.5309,-74.4889],[-100.8818,-74.5411],[-101.0231,-74.505],[-101.2517,-74.4857],[-101.3428,-74.3501],[-101.5867,-74.0964],[-101.7154,-74.0237],[-102.1051,-73.9577],[-102.4408,-73.9258],[-102.7665,-73.8838],[-102.8627,-73.7836],[-102.7995,-73.6457],[-102.4106,-73.6164],[-102.0366,-73.6306],[-101.8284,-73.6555],[-101.5874,-73.6668],[-101.3107,-73.6952],[-101.1302,-73.7349],[-100.9854,-73.7572],[-100.7178,-73.7578],[-99.7811,-73.7201],[-99.6562,-73.6941],[-99.541,-73.6451],[-99.3434,-73.6342],[-99.1619,-73.6408],[-98.8961,-73.6111],[-99.2003,-73.571],[-99.5279,-73.4951],[-100.0208,-73.4025],[-100.4364,-73.3531],[-101.1895,-73.3179],[-101.5737,-73.3296],[-101.816,-73.3112],[-102.675,-73.3209],[-102.9088,-73.2852],[-103.0762,-73.1846],[-103.3077,-72.9453],[-103.375,-72.8188],[-103.2166,-72.7721],[-103.1101,-72.7212],[-102.8559,-72.7162],[-102.4848,-72.7356],[-102.3629,-72.7602],[-102.272,-72.835],[-102.3629,-72.9114],[-102.482,-72.9512],[-102.4093,-72.9874],[-102.0289,-72.9981],[-101.8415,-73.0209],[-101.6812,-73.0299],[-101.3318,-72.9954],[-100.8205,-72.9812],[-100.5636,-73.0155],[-100.2588,-73.0413],[-99.8107,-72.9999],[-98.2086,-73.0223],[-98.0124,-73.0332],[-97.8185,-73.1018],[-97.651,-73.1444],[-97.4765,-73.1263],[-96.9558,-73.2064],[-96.6758,-73.2686],[-96.3942,-73.3012],[-96.1521,-73.3093],[-95.8806,-73.2938],[-95.5292,-73.2414],[-95.2366,-73.2201],[-95.0296,-73.239],[-94.5865,-73.2495],[-94.2462,-73.313],[-93.9847,-73.2867],[-93.706,-73.215],[-92.8284,-73.1646],[-92.241,-73.1784],[-91.1687,-73.307],[-90.9209,-73.3191],[-90.4309,-73.2433],[-90.2738,-73.1187],[-90.2954,-72.9779],[-90.1524,-72.9445],[-90.0352,-72.9602],[-89.8177,-72.8626],[-89.5224,-72.8709],[-89.3413,-72.8896],[-89.2294,-72.8258],[-89.1271,-72.6932],[-88.78,-72.683],[-88.5269,-72.7023],[-88.1941,-72.7875],[-88.1945,-72.8586],[-88.3317,-72.9344],[-88.5607,-73.1207],[-88.4194,-73.229],[-88.205,-73.2195],[-87.9363,-73.2409],[-87.6084,-73.1945],[-87.401,-73.192],[-87.0379,-73.3539],[-86.791,-73.3637],[-86.6021,-73.3537],[-85.9808,-73.2085],[-85.8014,-73.1921],[-85.5822,-73.259],[-85.2606,-73.4133],[-84.9812,-73.5021],[-84.5713,-73.5567],[-84.2142,-73.5728],[-83.7963,-73.6451],[-83.5648,-73.706],[-83.0419,-73.7072],[-82.8152,-73.7323],[-82.1835,-73.8568],[-81.6061,-73.7957],[-81.3087,-73.7383],[-81.1632,-73.6324],[-81.236,-73.4737],[-81.2624,-73.3149],[-81.1764,-73.2488],[-81.0243,-73.2355],[-80.3364,-73.4142],[-80.3798,-73.3081],[-80.4388,-73.225],[-80.6142,-73.0834],[-80.5877,-72.9776],[-80.4422,-72.9445],[-80.1518,-73.0001],[-79.808,-73.0281],[-79.5217,-73.0896],[-78.9637,-73.3124],[-78.7862,-73.5067],[-78.4079,-73.5558],[-78.1441,-73.5471],[-77.8456,-73.515],[-77.444,-73.488],[-77.1355,-73.4958],[-76.8505,-73.4604],[-76.7645,-73.5663],[-77.033,-73.7185],[-77.1349,-73.8177],[-77.0489,-73.8441],[-76.8875,-73.8205],[-76.755,-73.7895],[-76.2912,-73.8054],[-75.9162,-73.7364],[-75.595,-73.7112],[-75.2931,-73.6388],[-75.0436,-73.6451],[-74.8555,-73.658],[-74.594,-73.7152],[-74.3453,-73.6839],[-74.1973,-73.6955],[-73.996,-73.6998],[-72.9292,-73.4479],[-72.6874,-73.4523],[-72.3808,-73.4384],[-71.9942,-73.3792],[-71.6976,-73.353],[-71.4527,-73.3545],[-71.0172,-73.2628],[-70.3227,-73.274],[-69.9686,-73.2265],[-69.2822,-73.1696],[-68.8209,-73.1055],[-68.0003,-72.9355],[-67.6671,-72.8346],[-67.3067,-72.6111],[-67.0795,-72.3876],[-66.8277,-72.0904],[-66.9517,-71.8973],[-67.0841,-71.8122],[-67.1958,-71.7189],[-67.4604,-71.5268],[-67.5299,-71.2846],[-67.5046,-71.0578],[-67.5984,-70.8446],[-67.6922,-70.6861],[-67.8885,-70.4217],[-68.1257,-70.2499],[-68.4033,-70.0197],[-68.4037,-69.8092],[-68.4698,-69.6438],[-68.6375,-69.5264],[-68.708,-69.4322],[-68.58,-69.4127],[-68.4615,-69.384],[-68.1409,-69.3476],[-67.3718,-69.4123],[-67.3043,-69.3176],[-67.1104,-69.248],[-66.9749,-69.161],[-67.0212,-69.0287],[-67.1876,-68.9744],[-67.3905,-68.8612],[-67.299,-68.7707],[-67.1337,-68.7707],[-67.0543,-68.6715],[-67.1169,-68.5748],[-67.041,-68.4531],[-66.8935,-68.2977],[-66.7934,-68.2404],[-66.9776,-68.1468],[-67.1499,-68.0246],[-67.1067,-67.9301],[-67.0213,-67.8314],[-66.9154,-67.6926],[-66.7699,-67.5934],[-66.6772,-67.5603],[-66.705,-67.5271],[-66.9231,-67.4916],[-67.1243,-67.4851],[-67.4869,-67.547],[-67.5445,-67.5347],[-67.5647,-67.5029],[-67.5858,-67.4352],[-67.5504,-67.2692],[-67.4934,-67.1128],[-67.4405,-67.0907],[-67.299,-67.0708],[-67.1602,-66.9518],[-67.0345,-66.9451],[-66.9551,-66.9848],[-66.9286,-67.1436],[-66.8861,-67.18],[-66.9021,-67.256],[-66.836,-67.2824],[-66.7573,-67.2325],[-66.61,-67.2086],[-66.5516,-67.2626],[-66.4987,-67.2891],[-66.4722,-67.2428],[-66.491,-67.1143],[-66.5151,-67.0625],[-66.5333,-66.9793],[-66.5021,-66.9401],[-66.4647,-66.8752],[-66.5268,-66.7407],[-66.5036,-66.6898],[-66.3709,-66.6089],[-66.3065,-66.592],[-66.1819,-66.5925],[-65.9538,-66.6456],[-65.8475,-66.6498],[-65.7664,-66.6249],[-65.718,-66.5732],[-65.6785,-66.4027],[-65.7758,-66.3426],[-65.7745,-66.288],[-65.7175,-66.2545],[-65.6173,-66.1353],[-65.4651,-66.1293],[-65.3164,-66.1398],[-65.172,-66.1168],[-65.2221,-66.0685],[-65.2675,-65.9942],[-65.1051,-65.9579],[-64.9987,-65.9463],[-64.7217,-65.9928],[-64.6135,-66.019],[-64.5143,-65.9596],[-64.5474,-65.9],[-64.6532,-65.8669],[-64.673,-65.8141],[-64.6466,-65.7479],[-64.4746,-65.781],[-64.4354,-65.7684],[-64.39,-65.7085],[-64.4168,-65.6799],[-64.4389,-65.6406],[-64.2135,-65.6329],[-64.18,-65.6174],[-64.1322,-65.5705],[-64.0659,-65.5537],[-63.8622,-65.556],[-63.8181,-65.5315],[-63.7979,-65.4804],[-63.908,-65.4674],[-64.0513,-65.4172],[-64.0711,-65.2782],[-64.038,-65.179],[-63.9124,-65.0931],[-63.7603,-65.0335],[-63.4821,-65.085],[-63.2642,-65.0731],[-63.1781,-65.1261],[-63.0591,-65.1394],[-63.0326,-65.0798],[-63.0857,-65.0279],[-63.1199,-64.9425],[-62.7747,-64.8417],[-62.6645,-64.8575],[-62.5275,-64.8334],[-62.5762,-64.7557],[-62.5035,-64.6564],[-62.4042,-64.6433],[-62.3381,-64.7292],[-62.2433,-64.7469],[-62.1396,-64.7268],[-61.8825,-64.6254],[-61.7564,-64.6099],[-61.6318,-64.6047],[-61.5005,-64.5456],[-61.47,-64.4756],[-61.3959,-64.4271],[-61.1736,-64.3625],[-61.0821,-64.3147],[-60.8866,-64.1497],[-60.9221,-64.1079],[-60.8642,-64.0734],[-60.2772,-63.9239],[-59.9898,-63.9096],[-59.5102,-63.8207],[-59.2176,-63.7139],[-59.0364,-63.6703],[-58.8721,-63.5519],[-58.6735,-63.5344],[-58.2156,-63.4513],[-57.8681,-63.3188],[-57.3896,-63.2263],[-57.1683,-63.2348],[-57.0767,-63.2625],[-57.0207,-63.3729]]]]}},{"type":"Feature","properties":{},"geometry":{"type":"MultiPolygon","coordinates":[[[[17.9798,59.3291],[18.1326,59.3162],[18.2105,59.3314],[18.2705,59.3671],[18.336,59.3753],[18.3958,59.3686],[18.4592,59.3967],[18.5089,59.408],[18.5603,59.3945],[18.6176,59.3271],[18.4986,59.2919],[18.4143,59.2903],[18.373,59.1797],[18.322,59.1322],[18.2854,59.1094],[18.0981,59.0623],[17.9746,59.0026],[17.829,58.9546],[17.7654,58.965],[17.6696,58.9162],[17.4567,58.8584],[17.3477,58.7805],[17.1028,58.7108],[16.9781,58.6542],[16.6394,58.6512],[16.3158,58.6636],[16.2143,58.6367],[16.3181,58.6283],[16.3908,58.6019],[16.478,58.6129],[16.683,58.5997],[16.7885,58.5853],[16.9238,58.4926],[16.8243,58.4596],[16.652,58.4343],[16.7166,58.3029],[16.7699,58.2143],[16.7001,58.1608],[16.6949,57.9175],[16.597,57.9129],[16.5554,57.8123],[16.5862,57.7609],[16.5838,57.6417],[16.6042,57.5683],[16.6522,57.5007],[16.6309,57.4302],[16.476,57.2651],[16.4795,57.1877],[16.5073,57.1417],[16.5279,57.0682],[16.4575,56.9268],[16.4078,56.8087],[16.3487,56.7093],[16.2165,56.59],[16.1507,56.5008],[15.9967,56.2226],[15.9203,56.1674],[15.8267,56.125],[15.7223,56.1642],[15.6266,56.1856],[15.5097,56.183],[15.3266,56.1508],[15.0512,56.1722],[14.782,56.1619],[14.714,56.1341],[14.7548,56.0332],[14.6556,56.0199],[14.5586,56.0486],[14.4732,56.0144],[14.402,55.9768],[14.2619,55.8875],[14.215,55.8326],[14.2029,55.7291],[14.2765,55.6364],[14.3417,55.5277],[14.1737,55.3966],[14.08,55.3922],[13.8063,55.4286],[13.3214,55.3464],[12.8858,55.4114],[12.9406,55.4816],[12.9388,55.5332],[12.9634,55.6126],[12.978,55.6938],[12.9739,55.7481],[12.942,55.8061],[12.8346,55.8818],[12.5926,56.1376],[12.521,56.2456],[12.4712,56.2905],[12.507,56.293],[12.7063,56.235],[12.7528,56.2421],[12.8017,56.2639],[12.7422,56.3469],[12.6911,56.3844],[12.6564,56.4406],[12.7731,56.4558],[12.8574,56.4524],[12.9195,56.5156],[12.8837,56.6177],[12.7932,56.6492],[12.7176,56.6628],[12.5727,56.8233],[12.4215,56.9064],[12.1519,57.227],[12.0532,57.447],[11.9615,57.4261],[11.917,57.5219],[11.8851,57.6127],[11.8787,57.6794],[11.735,57.7177],[11.7291,57.7645],[11.7032,57.9732],[11.549,58.0012],[11.4493,58.1184],[11.4315,58.34],[11.33,58.3803],[11.2482,58.3691],[11.2521,58.4241],[11.2716,58.4756],[11.2238,58.6799],[11.2079,58.8664],[11.1691,58.9227],[11.1472,58.9886],[11.1669,59.0456],[11.1958,59.0783],[11.2953,59.0869],[11.3883,59.0365],[11.3864,59.0657],[11.3659,59.1045],[11.1321,59.1432],[11.0908,59.1418],[10.9989,59.1645],[10.945,59.1709],[10.8345,59.1839],[10.7426,59.296],[10.6449,59.3892],[10.6311,59.4282],[10.6344,59.6025],[10.6045,59.68],[10.5953,59.7646],[10.5339,59.6958],[10.5695,59.5871],[10.4938,59.5415],[10.3981,59.5193],[10.4071,59.4557],[10.4464,59.4436],[10.4546,59.3775],[10.4313,59.2796],[10.2432,59.0621],[10.2052,59.0387],[10.1794,59.0093],[10.0831,59.0288],[9.9596,58.9682],[9.8426,58.9585],[9.8002,59.0271],[9.6352,59.1178],[9.5572,59.1127],[9.6271,59.0679],[9.6961,59.0097],[9.6569,58.9712],[9.6185,58.946],[9.5511,58.933],[9.31,58.8568],[9.3958,58.8057],[9.3229,58.7476],[9.2387,58.739],[9.1937,58.7119],[9.1781,58.675],[8.9284,58.57],[8.5214,58.3006],[8.3122,58.2245],[8.1661,58.1453],[8.0374,58.1473],[7.8756,58.08],[7.4659,58.0209],[7.1941,58.0477],[7.0049,58.0242],[6.9034,58.0705],[6.8902,58.1023],[6.8953,58.1208],[6.9123,58.1429],[6.8771,58.1507],[6.8028,58.1545],[6.7711,58.1322],[6.7668,58.0815],[6.7314,58.0683],[6.5905,58.0973],[6.5551,58.1234],[6.6058,58.1764],[6.6925,58.224],[6.6768,58.2338],[6.6599,58.2627],[6.6176,58.2664],[6.4915,58.2594],[6.3891,58.268],[6.0547,58.3751],[5.9766,58.4323],[5.7068,58.5236],[5.5859,58.6204],[5.5173,58.7265],[5.5225,58.8227],[5.5556,58.9752],[5.6122,59.0129],[5.8543,58.9595],[6.099,58.8703],[6.1373,58.8747],[6.2142,58.9447],[6.3633,59.0009],[6.3211,59.0165],[6.0994,58.952],[6.017,58.9877],[5.8892,59.0605],[5.8892,59.0979],[5.9487,59.1354],[5.9686,59.1861],[5.9373,59.234],[5.9519,59.2991],[6.0507,59.3682],[6.1989,59.4381],[6.3057,59.5056],[6.4153,59.5471],[6.4039,59.561],[6.2785,59.5345],[6.1586,59.4896],[6.0174,59.4145],[5.8452,59.3535],[5.718,59.3298],[5.6573,59.3103],[5.5641,59.2912],[5.4676,59.2038],[5.3623,59.1664],[5.1732,59.1625],[5.1316,59.2265],[5.1851,59.4537],[5.2422,59.5643],[5.3049,59.6426],[5.4035,59.6558],[5.4725,59.7131],[5.5297,59.7131],[5.5795,59.6866],[5.7722,59.6609],[5.8673,59.734],[5.991,59.7447],[6.2166,59.8184],[6.2119,59.8318],[6.0593,59.8156],[5.9667,59.8132],[5.834,59.7947],[5.7635,59.8079],[5.7305,59.8631],[5.7836,59.9128],[5.9965,60.0315],[6.0699,60.0835],[6.1118,60.1321],[6.1052,60.1651],[6.1405,60.2335],[6.3487,60.353],[6.5181,60.4076],[6.5736,60.3606],[6.5264,60.2136],[6.5269,60.1529],[6.6609,60.3672],[6.7199,60.4182],[6.7871,60.4541],[6.9497,60.4782],[6.9957,60.512],[6.8063,60.5008],[6.347,60.4191],[6.1533,60.3462],[6.1018,60.2901],[5.9674,60.2056],[5.9044,60.1506],[5.8766,60.07],[5.8009,60.0262],[5.6988,60.01],[5.557,59.9078],[5.4945,59.8256],[5.3534,59.7601],[5.2639,59.7098],[5.2345,59.6918],[5.186,59.6423],[5.1458,59.6388],[5.1107,59.6678],[5.1049,59.7317],[5.1192,59.8337],[5.1871,59.9071],[5.2195,59.9788],[5.1744,60.0457],[5.2057,60.0879],[5.2654,60.0865],[5.3765,60.0672],[5.4945,60.0703],[5.6886,60.1232],[5.6576,60.1541],[5.5738,60.1585],[5.4174,60.1541],[5.2858,60.2057],[5.1836,60.3084],[5.1371,60.4456],[5.1682,60.4848],[5.5465,60.6246],[5.6483,60.688],[5.5894,60.6943],[5.4474,60.6173],[5.244,60.5696],[5.1158,60.636],[5.0491,60.7075],[5.0107,60.8585],[5.0246,60.9361],[5.0086,61.0382],[5.0954,61.0713],[5.1925,61.0537],[5.2882,61.0472],[5.5053,61.0561],[5.984,61.1173],[6.2926,61.081],[6.418,61.0843],[6.6099,61.137],[6.7778,61.1424],[6.9034,61.1021],[6.9721,61.056],[6.9806,60.9941],[7.0387,60.9529],[7.0779,60.9663],[7.0467,61.0153],[7.0401,61.0912],[7.545,61.1771],[7.6045,61.2105],[7.4039,61.2222],[7.3466,61.3006],[7.4525,61.4192],[7.4426,61.4346],[7.3312,61.372],[7.2763,61.2839],[7.298,61.2136],[7.276,61.181],[7.1735,61.166],[6.9426,61.1605],[6.7943,61.1904],[6.657,61.2066],[6.6103,61.2291],[6.6259,61.2793],[6.5999,61.2896],[6.5431,61.2445],[6.4926,61.1546],[6.3835,61.1339],[6.0825,61.1673],[5.6468,61.1476],[5.4513,61.1023],[5.3246,61.1083],[5.1067,61.1875],[5.0217,61.2506],[4.9899,61.3777],[5.0027,61.4336],[5.1725,61.4571],[5.2583,61.4555],[5.3387,61.4855],[5.2676,61.505],[5.1676,61.5434],[5.0994,61.6202],[4.9967,61.6452],[4.9278,61.7107],[4.9104,61.8096],[4.9301,61.8783],[4.9851,61.9004],[5.117,61.8854],[5.4653,61.8969],[5.7933,61.8271],[6.0158,61.7875],[6.4667,61.8074],[6.7308,61.8698],[6.6823,61.887],[6.3959,61.851],[6.1312,61.8524],[5.6645,61.9229],[5.473,61.9456],[5.2669,61.9356],[5.1596,61.957],[5.0965,62.0267],[5.1432,62.1599],[5.2409,62.1887],[5.2938,62.1539],[5.3577,62.1517],[5.4224,62.2074],[5.4843,62.2391],[5.5333,62.3109],[5.7182,62.3789],[5.7963,62.3847],[5.9083,62.416],[5.9798,62.4071],[6.0256,62.3757],[6.0835,62.3496],[6.209,62.3528],[6.5801,62.4073],[6.62,62.4233],[6.6924,62.4681],[6.4571,62.4481],[6.2617,62.4163],[6.1361,62.4075],[6.1185,62.4472],[6.1647,62.4824],[6.2375,62.5199],[6.2729,62.5838],[6.3529,62.6111],[6.4395,62.6097],[6.6184,62.6213],[6.7446,62.6379],[6.9611,62.6268],[7.2838,62.6023],[7.4918,62.5428],[7.5701,62.5482],[7.6531,62.564],[7.6907,62.5856],[7.5274,62.6103],[7.5182,62.6455],[7.5384,62.6721],[7.8047,62.721],[8.0955,62.7318],[8.0455,62.7712],[7.4084,62.7118],[7.2421,62.7523],[7.1108,62.752],[7.0249,62.7288],[6.78,62.7007],[6.735,62.7207],[6.7815,62.7896],[6.9282,62.9027],[6.9404,62.9305],[7.0085,62.9577],[7.3891,63.0233],[7.5719,63.0995],[7.6543,63.1092],[7.736,63.1039],[7.8604,63.1128],[8.1006,63.091],[8.2111,62.9955],[8.3105,62.9655],[8.6231,62.8462],[8.6092,62.8806],[8.3386,63.0422],[8.2352,63.0822],[8.158,63.1615],[8.1845,63.2365],[8.2715,63.2866],[8.5802,63.3134],[8.6355,63.3423],[8.641,63.3921],[8.5938,63.4261],[8.4802,63.4242],[8.3865,63.4453],[8.3607,63.4989],[8.3981,63.5351],[8.5762,63.6012],[8.6736,63.6226],[8.8424,63.6459],[9.1358,63.5937],[9.1581,63.5663],[9.0759,63.5004],[9.0842,63.4634],[9.1561,63.4593],[9.3236,63.5704],[9.5207,63.5857],[9.6022,63.6096],[9.6969,63.6246],[9.8322,63.5242],[9.8915,63.492],[9.936,63.4789],[9.9792,63.3953],[10.021,63.3908],[10.0806,63.4327],[10.1886,63.4548],[10.34,63.4693],[10.5909,63.4472],[10.7045,63.4636],[10.7602,63.4613],[10.7067,63.5363],[10.6736,63.558],[10.7253,63.625],[10.7792,63.6512],[10.9525,63.6982],[11.1179,63.7192],[11.2258,63.7638],[11.3707,63.8048],[11.3479,63.8377],[11.3076,63.8757],[11.2139,63.8781],[11.1756,63.8989],[11.2946,63.9482],[11.4576,64.003],[11.4292,64.0245],[11.3066,64.0489],[11.2136,64.0305],[11.0752,63.9881],[10.9143,63.9211],[10.9667,63.9016],[11.0473,63.8452],[10.9349,63.7702],[10.3392,63.571],[10.0551,63.5127],[9.924,63.5218],[9.8928,63.5762],[9.8323,63.6165],[9.7675,63.6995],[9.6572,63.6973],[9.5946,63.679],[9.5673,63.7062],[9.6147,63.7948],[9.708,63.8649],[9.8645,63.9178],[9.9395,63.9817],[10.01,64.0832],[10.2362,64.1796],[10.5656,64.4183],[10.834,64.4945],[10.9323,64.5777],[11.0904,64.6146],[11.2254,64.6795],[11.3313,64.6859],[11.5238,64.7444],[11.6329,64.8139],[11.5617,64.8183],[11.3925,64.773],[11.2968,64.7548],[11.3035,64.8294],[11.3499,64.9059],[11.4894,64.9758],[12.1597,65.179],[12.2266,65.1454],[12.3065,65.086],[12.5084,65.0994],[12.7384,65.2144],[12.9155,65.3393],[12.8198,65.3175],[12.7153,65.2664],[12.5117,65.1953],[12.4176,65.1841],[12.3639,65.1933],[12.334,65.2407],[12.2634,65.2561],[12.1996,65.2455],[12.1339,65.2792],[12.1222,65.3624],[12.2063,65.4862],[12.2729,65.5682],[12.3448,65.6302],[12.6277,65.8062],[12.6889,65.9022],[12.8168,65.9529],[12.983,65.9416],[13.0331,65.9562],[12.9761,66.0192],[12.7949,66.0691],[12.7838,66.1004],[13.3871,66.1828],[13.6744,66.18],[13.7597,66.221],[13.9158,66.2474],[14.0342,66.2976],[13.9731,66.3197],[13.6813,66.2736],[13.4989,66.2519],[13.4164,66.2526],[13.3521,66.2367],[13.1188,66.2307],[13.0682,66.4308],[13.1047,66.5394],[13.1916,66.5372],[13.2114,66.6408],[13.3118,66.7019],[13.4504,66.7155],[13.5202,66.7417],[13.6211,66.7948],[13.788,66.7825],[13.9595,66.7943],[13.917,66.8194],[13.7041,66.8517],[13.6516,66.9071],[13.7267,66.938],[13.8084,66.9608],[13.8802,66.9649],[14.0224,67.0731],[14.1088,67.1192],[14.2056,67.1112],[14.3403,67.1589],[14.4727,67.1427],[14.6007,67.1739],[14.7756,67.1945],[15.4157,67.2024],[15.4348,67.2467],[15.3001,67.2569],[14.8244,67.2683],[14.5815,67.2674],[14.4793,67.256],[14.4417,67.2714],[14.4483,67.2979],[14.5366,67.3397],[14.5785,67.386],[14.755,67.499],[14.9619,67.5743],[15.1205,67.555],[15.2892,67.4832],[15.4094,67.4742],[15.4653,67.4509],[15.5529,67.3518],[15.5944,67.3485],[15.5757,67.4438],[15.6915,67.5214],[15.6613,67.5428],[15.4873,67.5148],[15.354,67.5439],[15.2487,67.6021],[15.2187,67.6554],[15.2841,67.708],[15.3458,67.7344],[15.3039,67.7653],[15.0408,67.6826],[14.8547,67.6633],[14.7813,67.6749],[14.8211,67.7499],[14.7989,67.8093],[15.0484,67.9558],[15.1343,67.9727],[15.2744,67.9609],[15.4009,67.9196],[15.5066,67.9262],[15.6214,67.9483],[15.6058,67.9879],[15.3569,68.0036],[15.2929,68.0365],[15.316,68.0687],[15.4868,68.1028],[15.6566,68.1644],[15.8513,68.1822],[16.0079,68.2287],[16.0381,68.2182],[16.0646,68.1999],[16.1208,68.0273],[16.2607,67.8866],[16.3123,67.8814],[16.2586,68.0012],[16.3087,68.0356],[16.3722,68.0618],[16.392,68.0916],[16.3192,68.1018],[16.2598,68.1445],[16.1748,68.2812],[16.2038,68.3167],[16.3879,68.3896],[16.6188,68.4063],[16.8649,68.3553],[16.9514,68.3547],[17.094,68.3684],[17.3361,68.4104],[17.4785,68.4263],[17.5528,68.4263],[17.5712,68.4475],[17.5023,68.4611],[17.4802,68.4743],[17.4262,68.4819],[17.2023,68.4593],[16.5849,68.4665],[16.5253,68.4907],[16.5144,68.5326],[16.5799,68.5927],[16.6519,68.6258],[16.8847,68.6854],[17.1312,68.6935],[17.3908,68.7994],[17.49,68.8788],[17.5463,69.0011],[17.7046,69.1],[18.1015,69.1563],[18.1175,69.1812],[18.0754,69.2326],[18.0787,69.3252],[18.1875,69.4331],[18.2598,69.4706],[18.2932,69.4751],[18.3787,69.4398],[18.4826,69.3648],[18.6455,69.3219],[18.859,69.3145],[18.9159,69.3356],[18.75,69.3784],[18.6244,69.4344],[18.6145,69.4906],[18.674,69.5204],[18.7666,69.517],[18.8828,69.5233],[18.9911,69.5611],[19.0068,69.5877],[19.0113,69.6237],[19.0384,69.6604],[19.1973,69.7479],[19.687,69.8047],[19.7225,69.7816],[19.696,69.6129],[19.6397,69.5038],[19.6415,69.424],[19.7368,69.5038],[19.8646,69.7221],[19.9605,69.8246],[20.0689,69.8834],[20.1464,69.8967],[20.223,69.9272],[20.3242,69.9453],[20.3552,69.9219],[20.3872,69.8676],[20.3327,69.677],[20.3382,69.6167],[20.2771,69.5358],[20.0437,69.3557],[20.0545,69.3327],[20.1072,69.3412],[20.1977,69.3709],[20.4867,69.5421],[20.7395,69.5205],[20.7426,69.5345],[20.6615,69.5847],[20.5625,69.6328],[20.5327,69.6923],[20.546,69.8511],[20.6221,69.9139],[20.8403,69.9073],[20.9711,69.916],[21.0321,69.8875],[21.1631,69.8895],[21.2537,70.0032],[21.4329,70.0132],[21.5902,69.938],[21.7796,69.8875],[21.9317,69.8147],[21.9747,69.8346],[21.8926,70.0042],[21.8027,70.0661],[21.6078,70.0982],[21.4004,70.1745],[21.3463,70.2083],[21.3558,70.2334],[21.5388,70.2577],[21.7803,70.2299],[21.9955,70.2934],[22.0544,70.276],[22.2194,70.3092],[22.322,70.2645],[22.3848,70.2777],[22.4212,70.3376],[22.6846,70.3748],[22.8517,70.3405],[22.9412,70.305],[22.9828,70.2368],[23.0465,70.1019],[23.177,70.0291],[23.2579,69.9933],[23.3539,69.9834],[23.4002,70.0198],[23.3103,70.0636],[23.286,70.1048],[23.3291,70.2072],[23.3794,70.2475],[23.6612,70.3998],[23.8972,70.4788],[24.0385,70.4854],[24.2855,70.6624],[24.3556,70.6946],[24.42,70.702],[24.4035,70.7453],[24.2682,70.7727],[24.2635,70.8263],[24.4418,70.8916],[24.658,71.001],[24.7647,71.0084],[24.8316,70.978],[25.0422,70.9286],[25.1712,70.872],[25.2646,70.8435],[25.3254,70.8494],[25.3756,70.8919],[25.4359,70.9119],[25.5698,70.9007],[25.6497,70.8733],[25.7119,70.8697],[25.7682,70.8532],[25.7814,70.8168],[25.6656,70.7771],[25.4683,70.672],[25.2735,70.5524],[25.2093,70.4894],[25.1464,70.324],[24.9942,70.2182],[24.9827,70.144],[25.0438,70.109],[25.2118,70.1365],[25.4188,70.2355],[25.4705,70.3406],[25.9881,70.6254],[26.2309,70.7826],[26.5069,70.9128],[26.6613,70.9397],[26.734,70.8536],[26.6755,70.741],[26.5582,70.6691],[26.6446,70.6362],[26.6281,70.5509],[26.6012,70.5035],[26.584,70.4538],[26.5851,70.41],[26.6661,70.4217],[26.9894,70.5114],[27.0713,70.6084],[27.1473,70.6812],[27.1837,70.744],[27.3094,70.8036],[27.5465,70.804],[27.5557,70.8274],[27.269,70.91],[27.2353,70.9472],[27.3316,70.9967],[27.5971,71.0913],[27.7335,71.0809],[27.815,71.0594],[28.1417,71.043],[28.3923,70.9753],[28.3827,70.8694],[28.3269,70.8252],[28.2719,70.7979],[27.951,70.7176],[27.898,70.6779],[27.9988,70.6643],[28.2156,70.7043],[28.2718,70.668],[28.2027,70.5769],[28.191,70.4402],[28.166,70.3604],[28.166,70.2876],[28.193,70.2486],[28.2801,70.4034],[28.3099,70.4431],[28.4373,70.5014],[28.4848,70.6188],[28.6094,70.7597],[28.7498,70.8415],[28.8315,70.864],[29.1023,70.8607],[29.2186,70.8299],[29.3211,70.7615],[29.3977,70.7341],[29.6391,70.705],[29.722,70.6686],[29.7375,70.6468],[29.7965,70.6425],[29.9594,70.6944],[30.0651,70.703],[30.2377,70.6222],[30.203,70.5623],[30.2132,70.5433],[30.4221,70.5472],[30.5959,70.5237],[30.9264,70.4011],[30.9606,70.3438],[30.9441,70.2744],[30.4689,70.1979],[30.263,70.1247],[29.9259,70.0965],[28.7812,70.1454],[28.8043,70.0925],[29.6014,69.9768],[29.6469,69.9437],[29.6214,69.8741],[29.621,69.8182],[29.6359,69.7801],[29.6946,69.7446],[29.7921,69.7279],[29.9903,69.7367],[30.0883,69.7176],[30.1552,69.7459],[30.1801,69.8412],[30.2376,69.8622],[30.3488,69.8346],[30.3973,69.7328],[30.4283,69.7223],[30.4844,69.7949],[30.5945,69.7896],[30.7145,69.7957],[30.8697,69.7834],[31.0495,69.7692],[31.4527,69.6896],[31.547,69.6969],[31.6662,69.721],[31.7886,69.8158],[31.8794,69.832],[31.9979,69.8099],[32.0306,69.8353],[31.9693,69.9139],[31.9846,69.9537],[32.3916,69.8687],[32.5654,69.8065],[32.9417,69.7519],[33.0078,69.7221],[33.0126,69.6705],[32.9946,69.6262],[32.915,69.6017],[32.7543,69.6057],[32.1768,69.674],[32.0915,69.6326],[32.1613,69.5966],[32.3306,69.5542],[32.3777,69.4791],[32.6368,69.4895],[32.8838,69.4608],[32.9998,69.4701],[33.021,69.4456],[32.9416,69.3833],[32.9789,69.3673],[33.2559,69.4277],[33.3849,69.4443],[33.4543,69.4282],[33.4637,69.3782],[33.418,69.3153],[33.413,69.2674],[33.3277,69.1519],[33.1964,69.1168],[33.1412,69.0687],[33.3334,69.0982],[33.4356,69.1304],[33.6271,69.2892],[33.6844,69.3103],[34.2294,69.3131],[34.3527,69.3029],[34.864,69.2281],[35.0096,69.2212],[35.1759,69.2308],[35.2332,69.2656],[35.2898,69.2754],[35.8579,69.1917],[36.6183,69.0035],[37.7306,68.6921],[38.3576,68.4151],[38.4302,68.3556],[38.6568,68.3219],[38.7056,68.3447],[38.8315,68.3249],[39.5689,68.0717],[39.8233,68.0586],[39.7897,68.1122],[39.7463,68.1622],[39.8093,68.1508],[39.8956,68.1145],[40.0357,68.0154],[40.2066,67.9419],[40.3807,67.8319],[40.5258,67.7897],[40.6565,67.7741],[40.7663,67.743],[40.9664,67.7135],[41.0609,67.4442],[41.1339,67.386],[41.1339,67.2669],[41.2617,67.2185],[41.3588,67.2097],[41.3543,67.1214],[41.2756,66.9143],[41.189,66.8262],[40.5216,66.4466],[40.1033,66.3],[39.2891,66.132],[38.6539,66.069],[38.3976,66.0645],[37.9007,66.0956],[37.6282,66.1296],[37.2948,66.225],[36.9837,66.2726],[36.7699,66.2936],[36.3734,66.3023],[35.5135,66.3958],[35.364,66.4287],[34.8246,66.6111],[34.6103,66.5596],[34.4826,66.5503],[34.3961,66.6132],[34.4309,66.6298],[34.4516,66.6512],[34.1461,66.7033],[33.8937,66.7067],[33.7596,66.751],[33.5954,66.7846],[33.5229,66.7644],[33.482,66.7646],[33.1502,66.8439],[33.002,66.9083],[32.8476,67.0215],[32.8853,67.0611],[32.9305,67.0868],[32.3999,67.1527],[31.8953,67.1614],[31.983,67.1298],[32.2016,67.1132],[32.3406,67.0679],[32.501,67.0039],[32.4637,66.9163],[32.6864,66.8295],[32.8573,66.7469],[32.8624,66.7214],[32.9287,66.7041],[33.1806,66.6799],[33.2244,66.6039],[33.1829,66.5739],[33.2174,66.5316],[33.4053,66.4843],[33.5177,66.4714],[33.656,66.4426],[33.5933,66.3846],[33.477,66.3469],[33.3605,66.3295],[33.4158,66.3156],[33.5667,66.321],[34.1127,66.2252],[34.3998,66.1284],[34.6918,65.9519],[34.7863,65.8646],[34.7932,65.8164],[34.777,65.7683],[34.7348,65.7163],[34.7155,65.6641],[34.6157,65.5099],[34.5441,65.4567],[34.4064,65.3958],[34.5359,65.2779],[34.6711,65.1681],[34.8035,64.986],[34.8271,64.9127],[34.8326,64.8002],[34.9522,64.756],[34.9055,64.7387],[34.8583,64.7067],[34.8695,64.56],[35.0354,64.4402],[35.2841,64.3625],[35.432,64.3468],[35.6471,64.3783],[35.8021,64.3354],[36.1465,64.189],[36.302,64.0344],[36.3649,64.0028],[36.7138,63.9451],[36.9752,63.9095],[37.3728,63.8167],[37.4422,63.8134],[37.6354,63.8934],[37.968,63.9491],[38.0708,64.0258],[38.0622,64.091],[37.9771,64.207],[37.9537,64.3201],[37.8436,64.3663],[37.7406,64.397],[37.4296,64.3736],[37.2896,64.3779],[37.1837,64.4085],[37.0404,64.4892],[36.7693,64.6853],[36.6242,64.7505],[36.5787,64.791],[36.5282,64.8474],[36.5346,64.9386],[36.6529,64.9354],[36.7859,64.9872],[36.8828,65.1724],[37.0502,65.1959],[37.1408,65.1943],[37.5281,65.1083],[38.0094,64.8788],[38.1157,64.8546],[38.2282,64.8512],[38.4121,64.8571],[38.442,64.8271],[38.5409,64.7913],[38.6131,64.7867],[39.0535,64.7139],[39.5674,64.5706],[39.758,64.5771],[39.833,64.6564],[39.8486,64.6905],[40.0578,64.7708],[40.2037,64.784],[40.4078,64.7549],[40.4449,64.7787],[40.3754,64.8963],[40.2812,64.9981],[40.1427,65.0633],[39.8965,65.2548],[39.798,65.3499],[39.7491,65.4479],[39.7812,65.5347],[39.8165,65.5979],[40.3278,65.7517],[40.5128,65.8438],[40.6916,65.9634],[40.7744,65.9879],[41.0761,66.0211],[41.4758,66.1234],[41.7809,66.2593],[42.0836,66.4659],[42.2105,66.5197],[42.3137,66.5147],[42.4508,66.4824],[42.6021,66.4225],[42.8065,66.4113],[43.006,66.4209],[43.2332,66.4155],[43.5509,66.3213],[43.6033,66.2912],[43.6531,66.251],[43.5504,66.1734],[43.5419,66.1234],[43.6239,66.1467],[43.737,66.1584],[43.8438,66.1424],[43.9441,66.0987],[44.0167,66.0498],[44.1044,66.0086],[44.1324,66.0646],[44.1453,66.1127],[44.0972,66.2351],[44.2207,66.4071],[44.3164,66.4817],[44.4887,66.6718],[44.4371,66.7946],[44.4293,66.9377],[44.4039,67.0042],[44.2918,67.0997],[44.0744,67.1673],[43.8554,67.1886],[43.7824,67.2545],[43.7957,67.3296],[43.8563,67.4393],[44.0364,67.6707],[44.2254,67.9956],[44.2315,68.0712],[44.2139,68.1126],[44.2265,68.1544],[44.2047,68.2538],[44.1691,68.3271],[43.404,68.6085],[43.358,68.6358],[43.3332,68.6734],[43.4133,68.6817],[43.472,68.6798],[44.048,68.5488],[44.1753,68.5417],[45.0781,68.5782],[45.5194,68.5465],[45.892,68.4797],[46.1584,68.2914],[46.4297,68.1188],[46.6836,67.9705],[46.6904,67.8488],[46.4289,67.8237],[46.1742,67.8182],[45.5287,67.7576],[45.3741,67.6889],[44.9395,67.4774],[44.9021,67.4131],[44.9395,67.3508],[45.1389,67.2847],[45.5622,67.1856],[45.7525,66.9892],[45.8854,66.8911],[45.986,66.8531],[46.084,66.8435],[46.2978,66.8428],[46.4485,66.819],[46.4924,66.8002],[46.5523,66.819],[46.6908,66.8255],[47.4965,66.9298],[47.6559,66.9759],[47.7091,67.045],[47.7681,67.2756],[47.8393,67.3557],[47.9082,67.4547],[47.8826,67.5153],[47.8747,67.5842],[48.2787,67.6504],[48.6538,67.6953],[48.8332,67.6815],[48.8779,67.7313],[48.7627,67.827],[48.6957,67.8742],[48.7543,67.8959],[48.8406,67.8697],[48.9539,67.8538],[49.1553,67.8704],[49.9312,68.0651],[50.2332,68.1753],[50.4141,68.2184],[50.6994,68.3177],[50.8389,68.35],[51.0785,68.3633],[51.3361,68.4024],[51.6167,68.4763],[51.9947,68.5388],[52.0557,68.5413],[52.1288,68.532],[52.2854,68.4594],[52.2274,68.4186],[52.1835,68.3743],[52.2592,68.3509],[52.3223,68.3397],[52.3967,68.3517],[52.475,68.3821],[52.6697,68.4268],[52.7227,68.484],[52.6477,68.5062],[52.5501,68.5924],[52.4351,68.6102],[52.344,68.6082],[52.6836,68.7312],[53.4129,68.9125],[53.802,68.9959],[54.1858,69.0033],[54.4912,68.9923],[54.3763,68.9647],[53.8744,68.9266],[53.7977,68.9075],[53.7982,68.8847],[53.9195,68.8712],[53.9706,68.8443],[53.9293,68.8119],[53.8912,68.8015],[53.8339,68.7089],[53.7589,68.634],[53.9177,68.537],[53.9309,68.4355],[53.8295,68.3827],[53.69,68.4025],[53.5667,68.3671],[53.3426,68.3432],[53.2934,68.3117],[53.2605,68.2675],[53.4031,68.2568],[53.5151,68.2597],[53.9137,68.2312],[53.9679,68.2273],[54.0992,68.259],[54.2329,68.2663],[54.3939,68.2751],[54.4762,68.2941],[54.5612,68.273],[54.718,68.1842],[54.8613,68.2019],[54.923,68.3738],[55.1509,68.48],[55.4181,68.5678],[55.6753,68.5759],[55.9246,68.6373],[56.0437,68.6489],[56.2757,68.6241],[56.6202,68.619],[56.9094,68.5667],[57.1269,68.554],[57.4443,68.6415],[58.173,68.8897],[58.237,68.8339],[58.3539,68.9162],[58.9189,69.0038],[59.0573,69.0061],[59.0599,68.9726],[59.1102,68.8963],[59.2204,68.8496],[59.3705,68.7384],[59.2983,68.7084],[59.2226,68.6913],[59.1123,68.6163],[59.099,68.4443],[59.3107,68.4003],[59.6043,68.3511],[59.7257,68.3516],[59.8275,68.3803],[59.8588,68.396],[59.8974,68.4219],[59.9229,68.4713],[59.9414,68.5105],[59.8651,68.6049],[59.896,68.7063],[60.1603,68.6995],[60.4892,68.729],[60.6377,68.787],[60.8151,68.8952],[60.9336,68.9868],[60.8586,69.1455],[60.6646,69.1103],[60.3373,69.457],[60.1706,69.5909],[60.2765,69.6526],[60.5587,69.6923],[60.813,69.8211],[60.9091,69.8471],[61.0159,69.8515],[61.7705,69.763],[62.6313,69.7431],[63.3614,69.6753],[64.1904,69.5347],[64.5922,69.4356],[64.9285,69.3254],[64.8963,69.2478],[65.0315,69.2698],[65.3268,69.2014],[65.5279,69.1734],[65.7357,69.1323],[65.8127,69.077],[66.0848,69.0363],[66.4161,68.9479],[66.7564,68.892],[67.0024,68.8736],[67.1492,68.754],[67.6396,68.5793],[67.7308,68.5137],[68.1569,68.4037],[68.3712,68.3143],[68.5042,68.3484],[68.8295,68.5674],[69.0243,68.818],[69.1405,68.9506],[68.9244,68.9562],[68.7629,68.9174],[68.6596,68.9274],[68.5428,68.9671],[68.3551,69.0676],[68.1174,69.2362],[68.073,69.4208],[68.0059,69.48],[67.7743,69.53],[67.6241,69.5844],[67.0645,69.6937],[66.9641,69.6556],[66.9342,69.5967],[66.8967,69.5538],[66.8402,69.6092],[66.804,69.6592],[66.8029,69.7401],[66.8322,69.8422],[66.9264,70.0143],[67.069,70.0056],[67.1444,70.0306],[67.2393,70.1081],[67.1975,70.1716],[67.1465,70.2199],[67.1568,70.2951],[67.2469,70.5001],[67.2848,70.7387],[67.2115,70.7984],[67.1434,70.8375],[66.8225,70.7974],[66.7022,70.8185],[66.6752,70.8647],[66.6661,70.9006],[66.7588,70.9624],[66.8471,71.0637],[66.6926,71.0417],[66.6396,71.0814],[66.7681,71.1399],[66.9176,71.2824],[67.2742,71.3479],[67.5418,71.412],[67.9594,71.5484],[68.2692,71.6828],[68.4694,71.8526],[68.6074,72.0127],[68.8297,72.3916],[69.0391,72.6699],[69.3914,72.9555],[69.6118,72.9819],[69.6943,72.9775],[69.709,72.9564],[69.6588,72.9318],[69.6451,72.8976],[69.7383,72.885],[69.8875,72.8826],[70.1722,72.9012],[70.6554,72.8904],[71.5002,72.9137],[71.617,72.9021],[71.9296,72.8197],[72.101,72.829],[72.4464,72.7903],[72.6338,72.7445],[72.8121,72.6914],[72.7874,72.483],[72.7529,72.3432],[72.6244,72.0794],[72.5741,72.0125],[72.375,71.8216],[72.2795,71.6955],[72.1297,71.6092],[71.912,71.5479],[71.8844,71.5114],[71.8673,71.4574],[72.0793,71.3067],[72.5813,71.1511],[72.7045,70.9632],[72.7316,70.8229],[72.7,70.4573],[72.6533,70.4034],[72.5619,70.3456],[72.4694,70.275],[72.5297,70.1725],[72.5994,69.7932],[72.6156,69.484],[72.5573,69.3784],[72.5271,69.1542],[72.5273,69.0805],[72.5768,68.9687],[72.6783,68.8749],[72.8119,68.8152],[73.1907,68.7068],[73.548,68.5745],[73.5734,68.5326],[73.5917,68.4819],[73.4652,68.4308],[73.2664,68.2945],[73.1395,68.1813],[73.1294,68.0909],[73.173,67.973],[73.1521,67.865],[73.0668,67.7669],[72.9487,67.6962],[72.5943,67.587],[71.8475,67.0076],[71.6682,66.9397],[71.3652,66.9615],[71.4489,66.879],[71.5512,66.7604],[71.5396,66.6831],[71.342,66.6867],[71.0656,66.6045],[70.9395,66.5481],[70.7249,66.5194],[70.5614,66.5487],[70.3828,66.6025],[70.4089,66.6476],[70.4426,66.6683],[70.568,66.7009],[70.6907,66.7453],[70.6308,66.7542],[70.5791,66.7538],[70.4439,66.6973],[70.2834,66.6858],[70.0938,66.7543],[69.9486,66.83],[69.8771,66.8455],[69.7404,66.8146],[69.2178,66.8286],[69.0787,66.8159],[69.0135,66.7883],[69.0512,66.7664],[69.0911,66.7236],[69.1439,66.6407],[69.1943,66.5787],[69.412,66.5107],[69.701,66.4846],[69.9824,66.4014],[70.3395,66.3424],[71.1455,66.3667],[71.358,66.3594],[71.5656,66.3337],[71.917,66.2467],[72.0676,66.2533],[72.3216,66.3321],[72.384,66.5065],[72.4174,66.5608],[73.3416,66.8068],[73.5136,66.8611],[73.7921,66.9953],[73.8833,67.085],[73.9862,67.3277],[74.0745,67.4141],[74.6761,67.6946],[74.7695,67.7664],[74.7873,67.8975],[74.7782,67.9859],[74.7427,68.0735],[74.6324,68.2183],[74.5112,68.3031],[74.3914,68.4206],[74.481,68.6589],[74.5796,68.7512],[75.1246,68.8617],[75.5896,68.9012],[76.1075,68.9757],[76.316,68.9915],[76.4592,68.9783],[76.6058,68.8976],[76.7351,68.7769],[77.1117,68.5962],[77.2385,68.4696],[77.261,68.3156],[77.2484,67.941],[77.1744,67.7785],[77.3251,67.7356],[77.3956,67.6987],[77.5792,67.6439],[77.6751,67.5896],[77.7716,67.5703],[77.9855,67.5592],[78.5896,67.5785],[78.9225,67.5891],[78.8876,67.6131],[78.8391,67.6312],[78.5591,67.6391],[78.1612,67.6784],[77.5883,67.7519],[77.5201,67.9096],[77.5359,68.0077],[77.6648,68.1904],[77.7568,68.2224],[77.8683,68.2347],[77.9951,68.2595],[77.9587,68.3771],[77.9068,68.4823],[77.7853,68.6305],[77.6507,68.903],[77.4663,68.9051],[77.3283,68.9586],[76.6449,69.1174],[76.001,69.2351],[75.5611,69.2518],[75.42,69.2386],[75.0535,69.1163],[74.8148,69.0906],[74.3626,69.1446],[73.9774,69.1146],[73.836,69.1432],[73.7757,69.1982],[73.8909,69.418],[73.8327,69.5039],[73.6633,69.6171],[73.5602,69.7072],[73.5781,69.803],[73.8302,70.1757],[73.9374,70.2729],[74.2067,70.4455],[74.3434,70.5787],[74.3109,70.6536],[73.7315,71.0687],[73.5766,71.2165],[73.5072,71.2635],[73.3652,71.3198],[73.1505,71.3852],[73.0862,71.4449],[73.6718,71.8451],[73.9395,71.9147],[74.3112,71.9578],[74.4891,71.997],[74.8041,72.0774],[74.9922,72.1448],[75.0532,72.1992],[75.0899,72.2631],[75.0971,72.4207],[75.0604,72.5488],[75.008,72.6194],[74.8969,72.7101],[74.7868,72.8119],[74.8649,72.8384],[74.9422,72.8538],[75.1524,72.8527],[75.3693,72.7966],[75.4749,72.685],[75.6035,72.5811],[75.6031,72.5122],[75.5914,72.4572],[75.6443,72.3823],[75.6911,72.35],[75.7414,72.2962],[75.6944,72.2535],[75.6443,72.2323],[75.5502,72.1708],[75.3945,71.9832],[75.2738,71.9589],[75.2475,71.8134],[75.5032,71.6546],[75.4686,71.5344],[75.4172,71.4947],[75.2803,71.4301],[75.298,71.3785],[75.332,71.3417],[75.7336,71.2659],[76.1104,71.2186],[76.742,71.2021],[76.929,71.1279],[76.9952,71.1811],[77.5896,71.1679],[78.0683,70.9863],[78.3206,70.9304],[78.5258,70.9118],[78.9422,70.9338],[79.0154,70.9502],[79.0839,71.002],[78.8887,70.9972],[78.8035,70.9735],[78.7239,70.976],[78.5877,70.9939],[78.4914,71.0254],[78.3865,71.0871],[78.2126,71.2663],[77.9084,71.3241],[77.7066,71.3006],[77.4811,71.3116],[77.1137,71.4094],[76.8712,71.4466],[76.4334,71.5525],[76.3121,71.5955],[76.2157,71.6829],[76.1036,71.829],[76.0324,71.9104],[76.124,71.9266],[76.4217,72.006],[76.8714,72.033],[77.0613,72.0042],[77.5508,71.8421],[77.7775,71.8364],[78.1869,71.9071],[78.2324,71.9523],[78.1408,72.0447],[78.0164,72.092],[77.7807,72.1143],[77.4929,72.0717],[77.4108,72.1078],[77.4397,72.1565],[77.4716,72.1921],[77.6253,72.2014],[77.7332,72.2292],[77.9682,72.3287],[78.2254,72.3774],[78.4826,72.395],[79.4221,72.3808],[79.9539,72.223],[80.474,72.1531],[80.6992,72.0983],[80.7625,72.0892],[80.8147,72.0543],[80.8561,71.9702],[81.5112,71.7461],[81.6616,71.716],[82.0799,71.7068],[82.5473,71.7586],[82.7578,71.7641],[82.9861,71.7487],[83.1066,71.7205],[83.2336,71.6682],[83.1655,71.6022],[83.1057,71.5625],[82.9771,71.4514],[82.918,71.4199],[82.4932,71.2929],[82.3229,71.26],[82.277,71.0935],[82.2543,71.0562],[82.2392,70.9977],[82.316,70.8794],[82.3359,70.8074],[82.2707,70.7067],[82.1632,70.5981],[82.1824,70.5115],[82.2212,70.3957],[82.2358,70.4303],[82.2314,70.4829],[82.2584,70.5436],[82.4517,70.6901],[82.5925,70.8899],[82.7378,70.9421],[82.8691,70.9548],[83.0102,70.8954],[83.0511,70.8152],[83.0584,70.6947],[83.0302,70.5805],[82.9198,70.4074],[82.7425,70.2865],[82.6823,70.2177],[82.7673,70.1541],[82.8565,70.1045],[82.961,70.0883],[83.0808,70.093],[83.1096,70.1096],[83.132,70.1572],[83.0941,70.2211],[83.0738,70.2767],[83.2935,70.3213],[83.4971,70.3453],[83.6599,70.4184],[83.7005,70.4664],[83.7359,70.5465],[83.6513,70.6722],[83.5789,70.7659],[83.3339,70.9885],[83.1513,71.1036],[83.266,71.2759],[83.4576,71.4675],[83.5311,71.5143],[83.5505,71.5437],[83.5713,71.5944],[83.5535,71.6498],[83.5344,71.6839],[83.3404,71.8275],[83.2003,71.8747],[82.7551,71.9028],[82.6454,71.9252],[82.3191,72.0718],[82.2807,72.1051],[82.2093,72.2112],[82.1836,72.2375],[82.0937,72.2654],[81.7929,72.3266],[81.5862,72.3517],[81.2827,72.3588],[81.0981,72.3897],[80.8271,72.4883],[80.7978,72.52],[80.7196,72.6479],[80.6562,72.712],[80.6754,72.7592],[80.7737,72.8608],[80.8416,72.9492],[80.7574,73.0252],[80.6387,73.0492],[80.5097,73.0861],[80.4555,73.1552],[80.4245,73.2312],[80.4189,73.2896],[80.398,73.3568],[80.4583,73.4137],[80.5959,73.474],[80.5619,73.515],[80.5832,73.5685],[81.4688,73.6404],[81.817,73.6588],[83.5447,73.6665],[83.667,73.6865],[84.4174,73.722],[84.7379,73.7628],[85.0774,73.7195],[85.2006,73.7215],[85.4483,73.7346],[85.6114,73.8216],[85.9793,73.8569],[86.5914,73.8943],[86.893,73.8871],[86.9613,73.8607],[87.0295,73.8242],[86.6977,73.7168],[86.3659,73.6198],[86.0941,73.5783],[85.8271,73.4928],[85.8005,73.4589],[85.7926,73.4383],[85.8024,73.3717],[85.8182,73.327],[86.0981,73.2726],[86.3079,73.1958],[86.5144,73.1405],[86.6771,73.1068],[86.715,73.1258],[86.1217,73.3067],[85.9708,73.3471],[85.9101,73.3904],[85.939,73.4565],[85.9989,73.4858],[86.0924,73.5191],[86.1551,73.5347],[86.3763,73.5688],[87.1201,73.615],[87.2944,73.7047],[87.3695,73.7559],[87.5712,73.8107],[87.5032,73.8325],[87.3375,73.846],[87.2097,73.8787],[86.6971,74.1953],[86.5711,74.2438],[86.1778,74.2794],[86.0014,74.316],[86.1829,74.423],[86.3958,74.4501],[86.5385,74.4442],[86.6647,74.4143],[86.8979,74.3253],[87.2297,74.3639],[87.1062,74.4036],[86.8942,74.4497],[86.7001,74.5225],[86.4257,74.5855],[86.1161,74.6286],[85.791,74.6451],[85.8808,74.7402],[86.0589,74.7282],[86.1195,74.7574],[86.2013,74.8162],[86.6515,74.6824],[86.8629,74.7179],[87.0418,74.7789],[87.4193,74.9409],[87.4676,75.0132],[87.2874,75.0525],[87.1407,75.0723],[86.9391,75.0681],[86.9217,75.1128],[87.006,75.1698],[87.1708,75.1917],[87.6714,75.1296],[88.5037,75.2905],[88.7331,75.3692],[89.3103,75.4701],[89.5951,75.4583],[90.185,75.5911],[91.0047,75.6496],[91.4795,75.6497],[91.8454,75.7237],[92.4075,75.7497],[92.6025,75.7791],[93.5498,75.8541],[94.0752,75.9129],[94.1563,75.9592],[93.687,75.9216],[93.574,75.9563],[93.4755,75.9329],[93.4061,75.9013],[93.1781,75.959],[93.1163,75.9446],[93.0687,75.9128],[92.9866,75.9027],[92.8904,75.91],[92.8586,75.9795],[92.9716,76.0751],[93.1049,76.0258],[93.2593,76.0988],[93.3596,76.1007],[93.6484,76.0542],[93.8429,76.1013],[94.1023,76.1236],[94.3883,76.1028],[94.5067,76.108],[94.5756,76.1518],[95.0385,76.1135],[95.3593,76.1396],[95.5787,76.1373],[95.9199,76.1131],[96.0755,76.082],[95.986,76.0097],[95.6533,75.8922],[95.7438,75.8723],[95.9348,75.926],[96.5086,76.0056],[96.6006,75.9899],[96.5377,75.9216],[96.4971,75.8912],[96.8792,75.9311],[97.2055,76.0187],[97.3507,76.0334],[97.4992,75.9802],[97.6377,76.0291],[97.6698,76.078],[97.9184,76.0887],[98.02,76.1337],[98.1946,76.1664],[98.342,76.1806],[98.662,76.2427],[98.7713,76.224],[98.9847,76.2076],[99.1873,76.1776],[99.5627,76.1093],[99.6156,76.0823],[99.6632,76.078],[99.7704,76.0288],[99.6893,75.9563],[99.6023,75.8521],[99.4422,75.8032],[99.5407,75.7986],[99.6094,75.8113],[99.7375,75.8807],[99.8514,75.9303],[99.8254,76.1359],[99.6168,76.2402],[99.4606,76.2751],[99.0938,76.3843],[98.9695,76.4308],[98.8057,76.4807],[98.8694,76.5096],[99.5763,76.4714],[99.9357,76.4899],[100.3224,76.4792],[100.8438,76.5252],[101.0607,76.4772],[101.3107,76.4789],[101.5978,76.4392],[101.6838,76.4855],[101.213,76.5357],[101.0026,76.5305],[100.928,76.5567],[101.0062,76.6151],[101.0993,76.704],[101.0082,76.7813],[100.9204,76.8225],[100.9059,76.9007],[100.9899,76.9905],[101.1857,77.0286],[101.2929,77.1016],[101.5177,77.1981],[102.6102,77.5085],[103.1314,77.6265],[103.3312,77.6411],[103.5607,77.6319],[104.0146,77.7304],[104.1849,77.7305],[104.8143,77.6521],[104.9652,77.5947],[105.309,77.5492],[105.7103,77.5252],[105.8945,77.4889],[105.9834,77.4476],[106.0596,77.3905],[105.7342,77.352],[105.3846,77.2378],[104.9119,77.1747],[104.3236,77.1327],[104.2024,77.1018],[105.3202,77.0923],[105.6459,77.1007],[105.712,77.0015],[105.8222,76.9975],[106.1454,77.0453],[106.3387,77.0479],[106.7051,77.0138],[106.7837,77.0318],[106.9416,77.0344],[107.2789,76.991],[107.4298,76.9266],[107.1902,76.822],[106.9409,76.7305],[106.6388,76.5734],[106.5455,76.5863],[106.3847,76.5895],[106.4136,76.5123],[106.6832,76.5147],[106.8254,76.4801],[107.1577,76.5241],[107.6242,76.5101],[107.7222,76.5223],[107.9022,76.5697],[107.9499,76.6606],[108.0279,76.7185],[108.1816,76.7378],[108.3521,76.7195],[108.6384,76.7201],[109.3693,76.7492],[109.9812,76.7119],[110.4715,76.7584],[111.1148,76.723],[111.3925,76.6867],[111.6006,76.6223],[111.7861,76.6036],[111.9387,76.5534],[112.0939,76.4803],[112.0168,76.4206],[111.9427,76.3805],[112.1428,76.424],[112.2971,76.4347],[112.4133,76.4083],[112.6195,76.3835],[112.6842,76.2188],[112.7426,76.1869],[112.7984,76.1296],[112.7219,76.0772],[112.6562,76.0536],[112.8189,76.0586],[113.0467,76.1141],[113.094,76.1329],[113.1504,76.1745],[113.066,76.2152],[112.988,76.2397],[113.086,76.2581],[113.2727,76.2517],[113.3655,76.1789],[113.4277,76.1121],[113.5639,75.8916],[113.8572,75.9213],[113.871,75.856],[113.7487,75.7048],[113.6199,75.5927],[113.5676,75.5684],[113.4859,75.564],[113.5172,75.6219],[113.469,75.6567],[113.3916,75.6779],[113.1264,75.6987],[112.6292,75.8354],[112.4967,75.8499],[112.4661,75.8437],[112.453,75.8302],[112.7296,75.7376],[112.9557,75.5719],[113.1615,75.6205],[113.243,75.6114],[113.3563,75.5343],[113.5589,75.5021],[113.7262,75.4506],[113.6136,75.293],[112.9249,75.015],[112.192,74.8532],[111.8683,74.74],[111.299,74.6584],[110.8928,74.5481],[110.3735,74.4661],[110.2259,74.3787],[109.8403,74.322],[109.8664,74.2931],[109.9113,74.2613],[109.8639,74.2089],[109.8103,74.1692],[109.5108,74.0888],[109.075,74.0323],[108.1995,73.6941],[107.7654,73.625],[107.2711,73.621],[107.167,73.5894],[106.7942,73.3767],[106.6794,73.3307],[106.1887,73.308],[105.6771,72.9593],[105.3928,72.841],[105.1439,72.7771],[105.4027,72.7899],[105.7082,72.8367],[106.0667,72.9499],[106.1596,73.002],[106.2088,73.0605],[106.315,73.1064],[106.4779,73.1394],[107.1088,73.1773],[107.3688,73.1631],[107.7504,73.1731],[108.0013,73.2356],[108.151,73.2579],[108.2854,73.2659],[108.3515,73.3102],[108.5754,73.319],[109.0899,73.3784],[109.1656,73.3996],[109.3311,73.4875],[109.6371,73.454],[109.8553,73.4725],[110.4287,73.6289],[110.7733,73.6892],[110.8682,73.7307],[110.7992,73.7598],[110.7224,73.7799],[110.3883,73.726],[110.0912,73.7085],[109.7527,73.7226],[109.7067,73.7438],[109.6656,73.8002],[109.7741,73.8812],[109.8691,73.9306],[110.0839,73.9944],[110.2614,74.0174],[110.9201,73.9479],[111.0563,73.9394],[111.1309,74.0528],[111.3414,74.0474],[111.5506,74.0285],[111.46,74.0048],[111.2281,73.9686],[111.2995,73.8849],[111.4004,73.8277],[111.8037,73.7453],[112.1473,73.7089],[112.4,73.7111],[112.7954,73.7461],[112.856,73.7711],[112.9396,73.8356],[112.8359,73.9621],[112.935,73.9457],[113.0328,73.9139],[113.1815,73.8374],[113.3269,73.7074],[113.4162,73.6476],[113.3645,73.5828],[113.1569,73.4596],[113.277,73.3915],[113.4909,73.3461],[113.4876,73.1451],[113.4746,73.0479],[113.3693,72.9419],[113.2474,72.8972],[113.1278,72.8307],[113.1582,72.7695],[113.1861,72.7302],[113.3122,72.6574],[113.6646,72.6345],[113.7119,72.6542],[113.6301,72.6771],[113.3914,72.711],[113.2981,72.7389],[113.2155,72.8059],[113.3115,72.8783],[113.4175,72.9322],[113.5428,73.0543],[113.5814,73.1422],[113.5589,73.2326],[113.6392,73.2736],[113.7652,73.318],[113.8293,73.3266],[113.8862,73.3458],[113.7951,73.3674],[113.7113,73.3786],[113.5395,73.4336],[113.5104,73.505],[113.8569,73.5334],[114.0605,73.5847],[114.816,73.6072],[115.3377,73.7026],[116.4955,73.6761],[117.3086,73.5992],[118.4502,73.5898],[118.8709,73.5379],[118.9112,73.5184],[118.9364,73.4812],[118.7545,73.4645],[118.457,73.4644],[118.3766,73.3672],[118.4303,73.2465],[118.9604,73.1173],[119.4253,73.064],[119.7504,72.9791],[119.9217,72.9713],[120.5979,72.9811],[120.9972,72.9367],[121.3543,72.9708],[121.7479,72.9697],[121.886,72.9609],[122.0298,72.8972],[122.2602,72.8806],[122.5375,72.8778],[122.6921,72.8908],[122.752,72.9065],[122.7309,72.9313],[122.502,72.9707],[122.5268,73.0167],[122.6152,73.0279],[122.9993,72.9646],[123.1604,72.9549],[123.3012,73.0018],[123.4046,73.0856],[123.4616,73.1442],[123.5219,73.1729],[123.5725,73.1773],[123.6223,73.1933],[123.501,73.2616],[123.3839,73.3473],[123.3553,73.4025],[123.3227,73.4308],[123.3051,73.5329],[123.4162,73.6369],[123.4911,73.6664],[123.7969,73.6268],[123.9339,73.6893],[124.019,73.7123],[124.3881,73.7548],[124.5412,73.7513],[124.7963,73.7118],[125.6171,73.5206],[125.5985,73.4474],[125.7944,73.4685],[125.8879,73.4981],[126.1074,73.5175],[126.2545,73.5482],[126.296,73.5367],[126.3449,73.5063],[126.3089,73.4637],[126.2574,73.4198],[126.2925,73.3942],[126.3354,73.3888],[126.5525,73.3349],[126.8385,73.4342],[126.9552,73.5282],[127.0313,73.5475],[127.7403,73.4815],[127.9551,73.4456],[127.9969,73.4256],[128.0257,73.3908],[128.1417,73.3524],[128.2814,73.3306],[128.2642,73.3007],[128.2578,73.2675],[128.587,73.2624],[128.7305,73.2334],[128.8887,73.1902],[128.8717,73.1394],[128.9134,73.1106],[129.0592,73.1075],[129.1006,73.1124],[129.0537,73.0454],[128.8535,72.9726],[128.7353,72.9433],[128.599,72.8952],[128.674,72.8859],[129.0173,72.8725],[129.2291,72.7757],[129.2504,72.7052],[129.1176,72.677],[128.8153,72.5859],[128.6334,72.5501],[128.5085,72.5473],[128.4183,72.5352],[128.5494,72.4959],[129.1166,72.4857],[129.2813,72.4377],[129.4117,72.3155],[129.4106,72.1663],[129.2835,72.092],[128.935,72.0795],[128.4752,72.2456],[128.197,72.3096],[127.8034,72.434],[127.7261,72.4132],[127.8414,72.3083],[128.0266,72.25],[128.3588,72.0883],[128.9114,71.7553],[129.0401,71.7824],[129.1166,71.8246],[129.1542,71.8787],[129.1216,71.9532],[129.2103,71.9169],[129.2918,71.8502],[129.4608,71.7393],[129.2342,71.7448],[128.949,71.7076],[128.8433,71.6635],[128.9227,71.6018],[129.1343,71.5929],[129.2245,71.5088],[129.3898,71.4049],[129.7619,71.1195],[130.026,71.0654],[130.2812,70.9473],[130.5371,70.8925],[130.6685,70.8883],[130.7571,70.9624],[130.8319,70.9359],[130.898,70.8036],[131.0216,70.7461],[131.1574,70.7422],[131.2683,70.7655],[131.4323,70.8283],[131.562,70.901],[131.769,71.1014],[131.9064,71.2026],[132.0354,71.244],[131.9908,71.2932],[132.0037,71.3502],[132.0988,71.484],[132.2276,71.6428],[132.3258,71.7262],[132.5623,71.8953],[132.6539,71.926],[132.7158,71.8715],[132.7686,71.7987],[132.8036,71.7676],[132.8393,71.7552],[133.1309,71.6067],[133.4262,71.491],[133.6889,71.4342],[134.1028,71.379],[134.7027,71.3868],[134.8139,71.4606],[135.0224,71.515],[135.3594,71.5435],[135.5592,71.6104],[135.8848,71.6306],[136.0903,71.6196],[136.4062,71.5708],[137.1158,71.4157],[137.3154,71.3594],[137.4175,71.299],[137.6506,71.2082],[137.7979,71.1639],[137.9396,71.1334],[137.9917,71.1427],[137.9737,71.1687],[137.902,71.194],[137.844,71.2268],[138.0127,71.2608],[138.0325,71.2858],[138.0906,71.3074],[138.3141,71.3255],[138.0972,71.3586],[138.0222,71.3634],[137.9184,71.3841],[137.9273,71.4298],[137.9957,71.4635],[138.0483,71.526],[138.1185,71.5662],[138.2342,71.5963],[138.3181,71.6028],[138.5252,71.5627],[138.67,71.6348],[138.7802,71.629],[139.0049,71.5561],[139.2094,71.4448],[139.3202,71.4447],[139.6321,71.4893],[139.9842,71.4915],[139.9388,71.5577],[139.6951,71.7004],[139.7229,71.885],[139.5523,71.9267],[139.3593,71.9514],[139.6402,71.9983],[139.8471,72.1486],[140.0141,72.1621],[140.1877,72.1913],[140.1344,72.2096],[139.617,72.2257],[139.5053,72.2077],[139.4305,72.1635],[139.1764,72.1635],[139.145,72.2644],[139.1408,72.3297],[139.4736,72.4665],[139.6012,72.4961],[140.4506,72.4931],[140.7051,72.5189],[141.0793,72.5869],[140.9832,72.63],[140.9729,72.717],[140.6523,72.8428],[140.676,72.8716],[140.7081,72.89],[140.8082,72.891],[141.3098,72.8577],[141.5184,72.7887],[142.0614,72.7208],[143.5158,72.6982],[143.681,72.6732],[144.3039,72.643],[144.5687,72.6099],[145.1993,72.5702],[145.4857,72.5421],[145.7142,72.4974],[146.0833,72.4714],[146.2529,72.4422],[146.2348,72.3497],[145.4671,72.3621],[145.2129,72.3927],[144.8975,72.3962],[144.7764,72.3823],[144.5876,72.3055],[144.3609,72.2653],[144.1692,72.2588],[144.2949,72.1926],[144.4707,72.1748],[145.0392,72.2599],[146.5941,72.3024],[146.8318,72.2954],[146.807,72.2366],[146.5992,72.1235],[146.4017,72.0355],[146.1133,71.945],[146.0059,71.9455],[146.2303,72.1375],[146.1373,72.1465],[146.0515,72.1423],[145.7994,72.2219],[145.7586,72.2259],[145.7097,72.2063],[145.7102,72.1776],[145.6641,72.067],[145.7567,72.0207],[145.7567,71.9413],[145.4072,71.8901],[145.2712,71.8946],[145.1258,71.9271],[145.064,71.9261],[145.0469,71.901],[145.0777,71.8546],[145.0737,71.8309],[145.0179,71.7937],[144.9896,71.7534],[145.0756,71.7074],[145.1886,71.6958],[145.8048,71.7465],[146.0732,71.8084],[146.368,71.9221],[146.8947,72.1975],[147.1271,72.292],[147.2618,72.3279],[147.434,72.3409],[148.4021,72.312],[148.9648,72.2523],[149.5016,72.1643],[149.7662,72.0913],[149.9631,71.9922],[149.9981,71.9505],[150.0169,71.8957],[149.8811,71.843],[149.2797,71.8255],[149.0487,71.7958],[148.9653,71.7628],[148.9549,71.7441],[148.9233,71.7146],[148.9682,71.6905],[149.2379,71.6879],[149.498,71.664],[149.8571,71.6015],[149.9127,71.5807],[150.0265,71.5213],[150.0608,71.5108],[150.5998,71.5201],[150.6349,71.4989],[150.6678,71.4552],[150.5251,71.3858],[150.3848,71.3388],[150.0977,71.2266],[150.243,71.2672],[150.8217,71.3629],[150.9678,71.3805],[151.1453,71.3737],[151.5824,71.287],[151.7598,71.2178],[152.0928,71.0233],[151.9998,71.0025],[151.762,70.9825],[152.5088,70.8345],[152.7983,70.8356],[153.4606,70.8786],[153.7941,70.88],[154.414,70.9745],[155.0295,71.0342],[155.5959,71.0386],[155.8952,71.0955],[156.6846,71.0938],[157.4474,71.0745],[158.037,71.0393],[158.7021,70.935],[159.3507,70.7907],[159.7279,70.6497],[159.8047,70.6049],[159.9118,70.5061],[159.9586,70.4236],[160.0064,70.3097],[159.9834,70.2214],[159.8896,70.1588],[159.8314,70.0814],[159.8392,69.99],[159.7294,69.8702],[159.8325,69.785],[160.1191,69.7298],[160.7395,69.6552],[160.9107,69.6063],[160.9289,69.4585],[160.982,69.3345],[161.0355,69.0982],[161.1408,69.0389],[161.3099,68.9823],[161.3406,68.9052],[161.129,68.6539],[160.9967,68.6075],[160.8561,68.5383],[161.1045,68.5625],[161.2302,68.6539],[161.3651,68.823],[161.4953,68.8499],[161.5656,68.9052],[161.5656,69.064],[161.4801,69.2017],[161.4801,69.3001],[161.5369,69.3795],[161.9451,69.5451],[162.166,69.6116],[162.3757,69.6491],[162.9446,69.6828],[163.2014,69.7147],[163.498,69.6933],[163.7053,69.7018],[163.946,69.7352],[164.1596,69.7193],[164.5133,69.6091],[165.7607,69.5844],[165.9805,69.546],[166.8203,69.4996],[166.8844,69.4999],[167.0731,69.5544],[167.6281,69.7403],[167.8568,69.7282],[167.9501,69.6992],[168.0477,69.6256],[168.15,69.5774],[168.23,69.447],[168.303,69.2715],[168.423,69.2395],[168.5876,69.2284],[168.9462,69.1633],[169.3106,69.0795],[169.4146,68.9196],[169.6099,68.786],[170.0656,68.7987],[170.5376,68.8254],[170.9954,69.0453],[170.9967,69.1347],[170.8838,69.2636],[170.7142,69.3882],[170.5822,69.5833],[170.1609,69.6266],[170.2012,69.6832],[170.3596,69.751],[170.5031,69.8565],[170.5254,69.9379],[170.4868,70.1076],[170.868,70.096],[171.2467,70.0761],[171.9705,70.0003],[172.5596,69.9684],[172.8692,69.9198],[173.0563,69.8649],[173.2774,69.8238],[173.3533,69.924],[173.4387,69.9468],[173.7334,69.8911],[173.948,69.8741],[174.3194,69.8816],[174.7855,69.8557],[175.2956,69.8601],[175.7512,69.9042],[175.9215,69.8953],[176.1075,69.8603],[176.4104,69.7685],[176.9244,69.646],[177.3945,69.6116],[177.9337,69.4956],[178.4428,69.453],[178.8483,69.3872],[178.9069,69.3621],[178.925,69.326],[178.9507,69.2958],[179.2727,69.2597],[179.8683,69.0127],[180,68.9834],[180,65.3099],[180,65.0672],[179.8273,65.0342],[179.6514,64.9209],[179.4482,64.822],[179.15,64.7816],[178.6984,64.6311],[178.5195,64.603],[178.2854,64.6723],[177.7486,64.717],[177.5816,64.7779],[177.337,64.9313],[177.2519,64.9536],[177.1792,65.0141],[176.8809,65.0819],[176.6248,65.0376],[176.4131,65.0712],[176.341,65.0473],[176.4521,65.0252],[176.6455,65.0072],[176.94,65.016],[177.0373,64.9997],[177.1234,64.947],[177.2229,64.8617],[177.1482,64.8048],[177.0687,64.7867],[176.8311,64.8492],[176.5566,64.84],[176.4295,64.8552],[176.0611,64.9609],[175.7812,64.844],[175.3965,64.7837],[175.0978,64.7769],[174.5488,64.6839],[174.6986,64.6814],[175.0971,64.7466],[175.3307,64.7466],[175.6779,64.7825],[175.8586,64.8253],[175.9459,64.8652],[176.0565,64.9047],[176.1692,64.8848],[176.247,64.843],[176.3009,64.7838],[176.351,64.7051],[176.2832,64.6638],[176.2194,64.6419],[176.1409,64.5858],[176.5076,64.6824],[176.731,64.6249],[176.8429,64.6338],[177.0498,64.7192],[177.3875,64.774],[177.4274,64.7634],[177.4672,64.7368],[177.4099,64.5728],[177.4329,64.4445],[177.6875,64.3047],[177.9533,64.2223],[178.0447,64.2196],[178.1306,64.2353],[178.164,64.3091],[178.2295,64.3644],[178.313,64.3144],[178.3814,64.2609],[178.4771,64.1279],[178.4748,64.089],[178.4514,64.0114],[178.536,63.9756],[178.6503,63.9653],[178.6925,63.8423],[178.7314,63.6671],[178.6813,63.6507],[178.626,63.6507],[178.4404,63.6056],[178.4661,63.5741],[178.6537,63.5566],[178.7064,63.5215],[178.6688,63.4399],[178.6787,63.4023],[178.744,63.3948],[178.7867,63.4424],[178.7754,63.5103],[178.793,63.5403],[178.9186,63.4002],[178.9215,63.345],[179.0281,63.2824],[179.3323,63.1902],[179.3886,63.1472],[179.4051,63.0777],[179.329,63.0579],[179.2596,63.0083],[179.3021,62.9398],[179.3811,62.8837],[179.5109,62.8628],[179.5705,62.7735],[179.5705,62.6875],[179.4772,62.6131],[179.2887,62.5104],[179.177,62.4692],[179.1339,62.3964],[179.1207,62.3204],[179.0446,62.3237],[178.9639,62.3553],[178.0192,62.547],[177.6631,62.5828],[177.3513,62.5875],[177.2926,62.599],[177.2959,62.6445],[177.3158,62.6853],[177.3597,62.737],[177.339,62.7813],[177.2983,62.7842],[177.2587,62.7504],[177.1727,62.7503],[177.0912,62.7896],[177.0235,62.7772],[176.99,62.7222],[176.9635,62.6933],[176.9647,62.6586],[177.008,62.6266],[177.1896,62.5916],[177.1595,62.561],[176.9074,62.5361],[176.7025,62.5058],[176.4365,62.4108],[176.3284,62.346],[175.6139,62.1844],[175.442,62.1279],[175.3658,62.1213],[175.2679,62.1024],[175.1924,62.0344],[174.7976,61.9389],[174.715,61.9479],[174.6105,61.8676],[174.5144,61.8236],[174.285,61.8175],[174.1389,61.7952],[173.8224,61.6794],[173.6234,61.7161],[173.3907,61.5567],[173.1318,61.4066],[173.0546,61.4062],[172.8565,61.4692],[172.8068,61.4361],[172.8379,61.3756],[172.908,61.3116],[172.8678,61.2931],[172.7891,61.3107],[172.7307,61.3144],[172.69,61.2952],[172.697,61.2493],[172.5848,61.1904],[172.4971,61.1859],[172.3961,61.1674],[172.3624,61.1166],[172.3928,61.0618],[172.2133,60.9979],[172.0673,60.9157],[171.9977,60.9007],[171.918,60.8641],[171.8306,60.8374],[171.7295,60.8431],[171.4897,60.7257],[170.9493,60.5229],[170.7993,60.4965],[170.6082,60.4349],[170.5897,60.3937],[170.5886,60.3429],[170.5123,60.2595],[170.4234,60.0478],[170.3965,60.0098],[170.351,59.9655],[170.1541,59.9861],[169.9826,60.0671],[169.9272,60.1042],[169.8976,60.1479],[169.887,60.2179],[169.8543,60.2502],[169.8147,60.2654],[169.6184,60.438],[169.2757,60.5566],[169.2268,60.5959],[168.7883,60.5638],[168.6703,60.5629],[168.4628,60.5922],[168.1375,60.5739],[167.746,60.5093],[167.6261,60.4689],[167.2268,60.4063],[166.9641,60.307],[166.4525,59.947],[166.3318,59.8724],[166.273,59.8563],[166.1865,59.8495],[166.1489,59.9221],[166.136,59.9793],[166.1684,60.0888],[166.2298,60.1783],[166.2925,60.3461],[166.3081,60.4143],[166.3521,60.4848],[166.1802,60.4804],[165.942,60.3569],[165.583,60.2365],[165.4158,60.2052],[165.2853,60.1349],[165.1926,60.1248],[165.0846,60.0986],[165.0736,59.9456],[165.0189,59.8607],[164.9537,59.8436],[164.8543,59.841],[164.7794,59.8742],[164.6697,59.9975],[164.5253,60.0613],[164.44,60.0727],[164.3769,60.0581],[164.2516,59.9738],[164.1133,59.8976],[164.1351,59.9844],[164.0176,60.0173],[163.9129,60.0371],[163.7801,60.0411],[163.7438,60.028],[163.69,59.9784],[163.5743,59.9141],[163.4938,59.8868],[163.41,59.835],[163.3648,59.7814],[163.3212,59.7054],[163.269,59.52],[163.2729,59.3026],[163.0849,59.1314],[163.0102,59.1483],[162.9749,59.1371],[162.94,59.1143],[163.0043,59.0202],[162.9698,58.9865],[162.9346,58.964],[162.8473,58.9393],[162.6434,58.7999],[162.453,58.7086],[162.1416,58.4474],[162.0492,58.2729],[161.9601,58.0769],[162.002,57.981],[162.0396,57.9183],[162.0979,57.8747],[162.1975,57.8291],[162.4114,57.7784],[162.3922,57.745],[162.3914,57.7172],[162.467,57.7662],[162.522,57.9041],[162.6543,57.9482],[162.7184,57.9461],[163.145,57.8373],[163.2258,57.7904],[163.2139,57.6868],[163.1879,57.6374],[163.1088,57.5648],[162.957,57.4775],[162.7793,57.3576],[162.7623,57.2841],[162.7615,57.2439],[162.8081,57.1028],[162.8148,57.0234],[162.7911,56.8754],[162.8026,56.8115],[162.8499,56.7568],[162.9221,56.7227],[163.0464,56.7413],[163.1654,56.7255],[163.2565,56.688],[163.2433,56.5646],[163.294,56.4477],[163.3355,56.2325],[163.2613,56.1737],[163.1893,56.137],[163.0474,56.0447],[162.9717,56.0338],[162.8403,56.0656],[162.6281,56.2323],[162.7132,56.3309],[162.8933,56.3995],[162.9752,56.449],[163.0384,56.5219],[162.9441,56.5081],[162.8776,56.4764],[162.6715,56.4901],[162.5891,56.4549],[162.4887,56.3991],[162.5282,56.2607],[162.4611,56.2355],[162.3341,56.1877],[162.1461,56.1283],[162.085,56.0896],[161.924,55.8404],[161.7756,55.6548],[161.7239,55.4961],[161.7294,55.358],[161.785,55.2053],[161.8242,55.1389],[161.9961,54.998],[162.0803,54.8861],[162.1056,54.7521],[161.9669,54.6887],[161.7257,54.533],[161.6248,54.5163],[161.294,54.5206],[161.1299,54.5982],[160.9355,54.5784],[160.7727,54.5414],[160.5172,54.4309],[160.2889,54.2882],[160.0744,54.1892],[160.0102,54.1309],[159.9218,54.0084],[159.8438,53.7836],[159.8709,53.6727],[159.9143,53.6208],[159.9559,53.5522],[159.8991,53.4477],[159.8977,53.3808],[160.0021,53.2749],[160.0251,53.1296],[159.9475,53.1251],[159.7716,53.2297],[159.5859,53.2377],[159.1361,53.1171],[158.9521,53.0476],[158.7454,52.9089],[158.6837,52.9354],[158.6396,53.0148],[158.5646,53.05],[158.4721,53.0324],[158.4323,52.9574],[158.5602,52.9222],[158.6088,52.8736],[158.5337,52.6884],[158.4808,52.6267],[158.5004,52.4603],[158.4932,52.3832],[158.4635,52.305],[158.3316,52.0909],[158.1035,51.8096],[157.8232,51.6053],[157.6289,51.5346],[157.531,51.4799],[157.4898,51.4089],[157.2022,51.2127],[156.8475,51.0066],[156.7478,50.9693],[156.7243,51.0471],[156.7135,51.1241],[156.6708,51.2269],[156.5435,51.3116],[156.5212,51.3803],[156.5004,51.4751],[156.4898,51.913],[156.3773,52.3666],[156.3647,52.5094],[156.2286,52.6263],[156.1544,52.7473],[156.1104,52.8662],[156.0988,53.0065],[155.9502,53.7443],[155.9049,53.9281],[155.7064,54.5215],[155.6203,54.8646],[155.5639,55.1991],[155.5549,55.3485],[155.6435,55.7936],[155.7166,56.0722],[155.9825,56.6952],[156.0254,56.752],[156.0675,56.7816],[156.5293,57.0212],[156.7284,57.1522],[156.8488,57.2902],[156.9768,57.4663],[156.9636,57.5609],[156.9482,57.6158],[156.8999,57.6769],[156.7916,57.7479],[156.8299,57.7796],[156.872,57.8037],[156.9857,57.8302],[157.2168,57.7768],[157.4504,57.7993],[157.6664,58.0198],[157.9746,57.9859],[158.2104,58.0253],[158.2752,58.009],[158.3211,58.0834],[158.4494,58.1628],[158.687,58.2813],[159.0369,58.4239],[159.2106,58.5194],[159.3084,58.6105],[159.4526,58.6959],[159.5915,58.8037],[159.8474,59.1271],[160.3504,59.394],[160.5475,59.5474],[160.7114,59.6017],[160.8553,59.6269],[161.2189,59.8456],[161.4493,60.0273],[161.7535,60.1523],[161.846,60.2322],[162.0036,60.4202],[162.0682,60.4664],[162.2663,60.5367],[162.7132,60.6595],[162.9731,60.7829],[163.3523,60.8004],[163.4664,60.8498],[163.5852,60.8771],[163.71,60.9168],[163.5535,61.0256],[163.5893,61.0844],[163.6196,61.1113],[163.8934,61.2405],[164.0055,61.3438],[163.9921,61.3882],[163.9728,61.4199],[163.8044,61.4614],[163.8371,61.5583],[163.8827,61.6401],[164.0195,61.7107],[164.068,61.8739],[164.0742,62.045],[164.2072,62.2922],[164.2875,62.3466],[164.5983,62.4706],[164.6707,62.4738],[164.8877,62.4319],[165.1241,62.4115],[165.2081,62.374],[165.2257,62.4058],[165.2139,62.4482],[165.2804,62.463],[165.4174,62.4471],[165.3966,62.4939],[165.044,62.517],[164.7924,62.5711],[164.567,62.6755],[164.4184,62.7046],[164.2557,62.6966],[163.3317,62.5509],[163.2871,62.5114],[163.2442,62.4554],[163.3021,62.373],[163.258,62.3369],[163.2133,62.3134],[163.1635,62.2596],[163.1185,62.1529],[163.1311,62.0499],[163.0177,61.8911],[163.0093,61.7915],[163.2076,61.7366],[163.2578,61.6995],[163.1979,61.6448],[163.1389,61.6114],[163.0853,61.5706],[163.0473,61.5541],[162.9939,61.5442],[162.9217,61.5977],[162.856,61.705],[162.7523,61.7113],[162.7179,61.6951],[162.699,61.6526],[162.6076,61.65],[162.5064,61.6701],[162.3926,61.6621],[162.1884,61.5407],[161.0371,60.9629],[160.915,60.8927],[160.7666,60.7533],[160.482,60.7398],[160.3682,60.7085],[160.2873,60.667],[160.1736,60.6384],[160.1773,60.6907],[160.2011,60.7296],[160.2258,60.8315],[160.3789,61.0255],[160.2812,61.0448],[160.1843,61.0477],[160.004,61.0074],[159.8831,60.9434],[159.7904,60.9566],[159.8346,61.014],[159.9492,61.1286],[159.914,61.2345],[159.8831,61.2918],[159.9309,61.3239],[160.1627,61.5375],[160.2469,61.6476],[160.3174,61.7934],[160.3215,61.8386],[160.3094,61.8944],[160.2378,61.9039],[160.1825,61.9028],[159.7222,61.7584],[159.5523,61.7195],[159.4963,61.7814],[159.423,61.8081],[159.295,61.9142],[159.1893,61.9294],[159.0767,61.9223],[158.8243,61.8502],[158.5472,61.8109],[158.3337,61.8257],[158.1516,61.7648],[158.0701,61.7536],[157.7993,61.7953],[157.4693,61.7989],[157.3707,61.7471],[157.0842,61.6757],[156.8918,61.5652],[156.7906,61.5296],[156.6803,61.4806],[156.6297,61.2725],[156.4826,61.206],[156.3441,61.1551],[156.056,60.9956],[155.8533,60.7771],[155.7161,60.6824],[155.4278,60.5499],[154.9708,60.3767],[154.5782,60.095],[154.4407,59.8838],[154.3898,59.8768],[154.2931,59.8334],[154.2666,59.7304],[154.2688,59.6584],[154.2092,59.6003],[154.1498,59.5285],[154.2129,59.4834],[154.2722,59.4751],[154.3576,59.4814],[154.5825,59.5401],[154.9713,59.4496],[155.1667,59.3602],[155.153,59.2702],[155.1604,59.1901],[155.0167,59.1956],[154.8237,59.1875],[154.7035,59.1413],[154.458,59.2166],[154.376,59.1878],[154.2467,59.1086],[154.0109,59.0755],[153.8917,59.1142],[153.6952,59.2248],[153.3611,59.2148],[153.2729,59.0913],[153.1961,59.0944],[153.0777,59.0819],[152.8822,58.9391],[152.8179,58.9263],[152.5756,58.9541],[152.4007,59.0264],[152.3196,59.0308],[152.1652,58.997],[152.0879,58.9104],[151.7046,58.8667],[151.3268,58.8751],[151.1211,59.0825],[151.505,59.164],[151.7335,59.1467],[151.99,59.1601],[152.2606,59.2236],[152.1695,59.2779],[152.1045,59.2906],[151.9424,59.2841],[151.798,59.3232],[151.4857,59.5241],[151.3482,59.5611],[151.1703,59.5833],[151.0336,59.5856],[150.9825,59.5713],[150.9119,59.523],[150.8633,59.4754],[150.8234,59.4607],[150.7295,59.4691],[150.6152,59.5065],[150.4836,59.4944],[150.5398,59.525],[150.6673,59.5563],[150.4572,59.5907],[150.3256,59.6389],[150.2025,59.6513],[149.6426,59.7704],[149.4245,59.761],[149.2904,59.7285],[149.0652,59.6305],[149.1277,59.5588],[149.1754,59.5268],[149.205,59.4882],[149.133,59.4805],[148.925,59.475],[148.7971,59.5323],[148.7089,59.4485],[148.7441,59.3735],[148.8896,59.4],[148.9646,59.3691],[148.9141,59.2827],[148.7267,59.2579],[148.4912,59.2623],[148.2574,59.4142],[147.8746,59.388],[147.6879,59.2907],[147.5145,59.2686],[147.04,59.3657],[146.8037,59.3729],[146.5372,59.457],[146.4443,59.4305],[146.2734,59.2215],[146.0495,59.1706],[145.9316,59.1984],[145.8291,59.3303],[145.7564,59.3737],[145.5546,59.4135],[144.4834,59.3763],[144.1234,59.4083],[143.8688,59.4114],[143.5238,59.3437],[143.1922,59.3701],[142.5803,59.2401],[142.3304,59.1526],[142.0254,58.9997],[141.7547,58.7453],[141.6029,58.649],[141.3471,58.5281],[140.9877,58.4168],[140.7902,58.3035],[140.685,58.2122],[140.4951,57.8654],[140.4469,57.8137],[140.0023,57.6875],[139.8615,57.5493],[139.8033,57.5142],[139.6192,57.4557],[139.5066,57.3583],[139.4438,57.3297],[139.1816,57.2615],[138.9657,57.0881],[138.6621,56.9655],[138.2178,56.629],[138.1801,56.5885],[138.1406,56.4987],[138.0738,56.4331],[137.6915,56.1394],[137.5729,56.1121],[137.3841,55.9748],[137.1898,55.8923],[137.0121,55.7953],[136.7936,55.6942],[136.4603,55.5767],[136.3512,55.51],[136.1752,55.3522],[135.7508,55.1606],[135.5406,55.1138],[135.2625,54.9433],[135.2348,54.9032],[135.2115,54.8408],[135.2577,54.7315],[135.3254,54.7074],[135.4378,54.6925],[135.8516,54.5839],[136.238,54.6141],[136.5803,54.6136],[136.7146,54.6243],[136.7973,54.621],[136.8237,54.5615],[136.8204,54.4523],[136.7704,54.3533],[136.7294,54.0606],[136.683,53.9313],[136.7188,53.8041],[136.8026,53.782],[136.8864,53.8394],[137.0188,53.8481],[137.1554,53.8217],[137.258,54.0252],[137.1725,54.0569],[137.0962,54.1286],[137.1416,54.1822],[137.3777,54.2823],[137.5251,54.2912],[137.666,54.2833],[137.5132,54.1564],[137.4513,54.1305],[137.4034,54.1235],[137.3393,54.1005],[137.4765,54.0276],[137.6228,53.9705],[137.8348,53.9467],[137.7861,53.9033],[137.6448,53.8658],[137.517,53.7071],[137.3137,53.6316],[137.2215,53.5792],[137.2537,53.5461],[137.3283,53.539],[137.7382,53.5603],[137.9505,53.6036],[138.2529,53.7264],[138.3789,53.9093],[138.4936,53.9597],[138.5279,53.9599],[138.5682,53.9472],[138.5691,53.8188],[138.407,53.6742],[138.2922,53.5924],[138.2497,53.524],[138.3203,53.5229],[138.4507,53.537],[138.5109,53.57],[138.6607,53.7448],[138.6994,53.8697],[138.7217,54.0438],[138.7047,54.1477],[138.7159,54.2227],[138.6572,54.2983],[138.6957,54.32],[139.1051,54.2178],[139.3197,54.193],[139.7074,54.2771],[139.7955,54.2564],[139.8584,54.2053],[140.1787,54.0516],[140.2417,54.001],[140.3471,53.8126],[140.6876,53.5964],[141.0057,53.4946],[141.015,53.4542],[141.2177,53.3345],[141.3737,53.2928],[141.4021,53.184],[141.3279,53.0973],[141.1813,53.0153],[140.8873,53.0915],[140.8396,53.0879],[140.8745,53.0398],[141.0868,52.8976],[141.2559,52.8401],[141.2659,52.6526],[141.245,52.5501],[141.1324,52.4357],[141.1698,52.3684],[141.3297,52.2711],[141.4091,52.2343],[141.4853,52.1785],[141.3855,52.0572],[141.3669,51.9207],[141.2584,51.8607],[141.1294,51.7278],[140.9326,51.6199],[140.8386,51.4142],[140.6877,51.2323],[140.6707,51.0513],[140.6456,50.9868],[140.5209,50.8002],[140.4764,50.546],[140.5354,50.1308],[140.5641,50.1067],[140.6245,50.0824],[140.6133,50.0537],[140.5846,50.0333],[140.4627,49.9115],[140.4646,49.8256],[140.5113,49.7617],[140.5172,49.5961],[140.4311,49.3315],[140.3991,49.2898],[140.3644,49.2208],[140.3486,49.1592],[140.3256,49.12],[140.309,49.0539],[140.3337,48.9948],[140.3783,48.9641],[140.2242,48.7729],[140.1706,48.5237],[140.1133,48.4227],[139.9984,48.3238],[139.7607,48.1806],[139.6763,48.0899],[139.5205,47.9753],[139.3727,47.8874],[139.167,47.6349],[139.0014,47.3833],[138.5868,47.0572],[138.5297,46.9762],[138.5005,46.8898],[138.3918,46.7451],[138.3369,46.5434],[138.2102,46.4629],[138.1063,46.2507],[137.7691,45.9285],[137.6854,45.8184],[137.4252,45.64],[137.147,45.3935],[136.8035,45.1711],[136.7372,45.08],[136.6041,44.9782],[136.4604,44.8221],[136.2512,44.6668],[136.2087,44.562],[136.1423,44.4891],[135.987,44.4398],[135.8746,44.3735],[135.5332,43.9715],[135.4891,43.8988],[135.4834,43.835],[135.2602,43.6846],[135.1311,43.5257],[134.917,43.4266],[134.6918,43.2906],[134.1564,43.0421],[134.0104,42.9475],[133.7094,42.8299],[133.5867,42.8282],[133.3295,42.7639],[133.16,42.697],[133.0594,42.7228],[132.9966,42.808],[132.9239,42.8053],[132.8636,42.7938],[132.709,42.8758],[132.5765,42.8716],[132.4813,42.9098],[132.3038,42.8833],[132.3344,43.2387],[132.3096,43.3135],[132.2332,43.2451],[132.0287,43.1189],[131.9473,43.0954],[131.8666,43.0952],[131.8983,43.1708],[132.0131,43.28],[131.9763,43.296],[131.939,43.302],[131.7947,43.2553],[131.7221,43.2026],[131.5164,42.9964],[131.3933,42.8223],[131.2925,42.7721],[131.2453,42.6974],[131.1583,42.626],[131.0248,42.6452],[130.9457,42.6339],[130.7562,42.6733],[130.7094,42.6564],[130.8342,42.5229],[130.7299,42.3258],[130.6873,42.3025],[130.6365,42.2749],[130.5692,42.2917],[130.4575,42.3017],[130.3147,42.2141],[130.2357,42.1832],[130.1799,42.097],[130.0683,42.0458],[130.0073,41.9912],[129.9282,41.8967],[129.8764,41.8055],[129.7563,41.7123],[129.6863,41.595],[129.6824,41.4943],[129.759,41.3915],[129.7658,41.3039],[129.7121,41.1237],[129.742,40.9323],[129.7087,40.8573],[129.3411,40.7263],[129.2451,40.661],[129.1098,40.4911],[128.9452,40.4279],[128.843,40.3585],[128.7014,40.3175],[128.6107,40.1979],[128.5112,40.1302],[128.393,40.089],[128.3045,40.0359],[128.1063,40.0326],[127.9666,39.9956],[127.8671,39.8959],[127.5682,39.782],[127.5274,39.6957],[127.5473,39.5628],[127.5489,39.4611],[127.5229,39.3774],[127.4574,39.401],[127.4223,39.3736],[127.3835,39.2961],[127.3945,39.2079],[127.497,39.1795],[127.581,39.1433],[127.6989,39.125],[127.7861,39.0841],[127.9717,38.898],[128.123,38.8164],[128.1625,38.7861],[128.2494,38.7452],[128.3295,38.6809],[128.3746,38.6234],[128.6188,38.1761],[128.8524,37.8871],[129.0516,37.6776],[129.3352,37.2746],[129.4183,37.059],[129.4262,36.9255],[129.4734,36.7419],[129.433,36.6366],[129.445,36.4707],[129.4271,36.3855],[129.3926,36.3227],[129.3913,36.2021],[129.4024,36.1376],[129.4035,36.0521],[129.4258,36.0188],[129.4583,36.0064],[129.5098,36.0376],[129.5729,36.0505],[129.5617,35.9477],[129.4854,35.6874],[129.4191,35.4979],[129.329,35.3328],[129.2142,35.1818],[129.0768,35.1227],[128.9801,35.1015],[128.7957,35.0939],[128.6426,35.1196],[128.5109,35.101],[128.4581,35.0694],[128.4188,35.0157],[128.4477,34.9321],[128.4439,34.8704],[128.3877,34.8751],[128.276,34.911],[128.1523,34.9159],[128.0945,34.9336],[128.0362,35.022],[127.9768,35.0187],[127.8732,34.9663],[127.7148,34.9547],[127.6591,34.9264],[127.6394,34.8897],[127.6625,34.8434],[127.7422,34.7826],[127.7154,34.721],[127.6324,34.6902],[127.5654,34.7659],[127.5236,34.8401],[127.477,34.8443],[127.4043,34.8231],[127.3896,34.743],[127.4234,34.6885],[127.4791,34.6252],[127.4012,34.5525],[127.3806,34.5006],[127.3246,34.4633],[127.1734,34.5461],[127.1949,34.605],[127.2605,34.6617],[127.2687,34.7204],[127.2471,34.7551],[127.0308,34.6069],[126.8975,34.4389],[126.8263,34.4511],[126.7965,34.4943],[126.7548,34.5119],[126.6108,34.4035],[126.5844,34.3175],[126.5314,34.3143],[126.5083,34.3506],[126.5064,34.4284],[126.4817,34.4939],[126.3326,34.5896],[126.2645,34.6732],[126.3011,34.72],[126.4256,34.6946],[126.5245,34.6979],[126.505,34.7375],[126.4729,34.7563],[126.5386,34.7787],[126.5934,34.8244],[126.5479,34.8368],[126.4785,34.8104],[126.4207,34.8234],[126.3979,34.9328],[126.3274,35.0451],[126.2911,35.1542],[126.3605,35.2169],[126.3959,35.3144],[126.4604,35.4556],[126.4928,35.5013],[126.5822,35.5345],[126.6141,35.571],[126.5649,35.5897],[126.4865,35.6063],[126.4885,35.6471],[126.5419,35.6693],[126.6016,35.7142],[126.7174,35.7688],[126.753,35.872],[126.7196,35.8979],[126.6475,35.9224],[126.6637,35.9745],[126.6935,36.0142],[126.6823,36.0379],[126.5971,36.105],[126.5404,36.1662],[126.5572,36.2358],[126.5442,36.3412],[126.552,36.4297],[126.5482,36.4776],[126.5066,36.5856],[126.4877,36.6938],[126.433,36.678],[126.3888,36.6512],[126.2307,36.6893],[126.1809,36.6916],[126.1605,36.7719],[126.2172,36.8709],[126.3516,36.9582],[126.4287,36.969],[126.487,37.0075],[126.5777,37.0196],[126.6867,36.9604],[126.7845,36.9484],[126.8388,36.8461],[126.8721,36.8245],[126.8791,36.8621],[126.958,36.9062],[126.9769,36.9394],[126.9598,36.9576],[126.8689,36.9757],[126.7874,37.1027],[126.7761,37.1582],[126.7464,37.1936],[126.7905,37.2949],[126.6962,37.4107],[126.6503,37.4471],[126.6568,37.5512],[126.6076,37.6174],[126.5802,37.6538],[126.5634,37.7165],[126.5777,37.7447],[126.6207,37.7555],[126.6339,37.7818],[126.6232,37.7902],[126.5728,37.7968],[126.3699,37.8784],[126.2031,37.8285],[126.161,37.7637],[126.1167,37.7429],[126.0503,37.8698],[125.9417,37.8737],[125.7691,37.9854],[125.695,37.9627],[125.6762,37.9177],[125.5815,37.815],[125.4493,37.7302],[125.4066,37.719],[125.3578,37.7248],[125.3648,37.7482],[125.3107,37.8435],[125.102,37.8821],[125.0268,37.9226],[124.9888,37.9314],[125.1932,38.0378],[125.2467,38.0568],[125.2067,38.0815],[125.1626,38.0937],[124.995,38.0778],[124.907,38.1126],[124.7795,38.1015],[124.6909,38.1292],[124.8745,38.2334],[124.8827,38.295],[124.8806,38.3417],[124.9737,38.4801],[125.0674,38.5567],[125.3097,38.6654],[125.4153,38.6804],[125.4918,38.6761],[125.5545,38.6862],[125.4887,38.7278],[125.4242,38.7469],[125.2989,38.743],[125.1688,38.8055],[125.1573,38.8715],[125.4097,39.2884],[125.4132,39.3263],[125.3736,39.4276],[125.3608,39.5266],[125.1801,39.5835],[125.1001,39.5903],[124.8679,39.7018],[124.7753,39.7581],[124.7389,39.7415],[124.7322,39.6522],[124.6992,39.6324],[124.6383,39.6151],[124.6076,39.7169],[124.5574,39.7906],[124.4038,39.8655],[124.3486,39.9069],[124.3751,39.9961],[124.3621,40.0041],[124.35,40.0116],[124.2675,39.9242],[124.1058,39.841],[123.7602,39.8224],[123.6509,39.8816],[123.6112,39.8408],[123.5807,39.7861],[123.49,39.7679],[123.3481,39.7629],[123.2689,39.7269],[123.2266,39.6866],[123.0322,39.6735],[122.9609,39.6199],[122.84,39.6008],[122.3349,39.3661],[122.225,39.2673],[122.1209,39.1519],[122.0477,39.0938],[121.9823,39.0532],[121.9227,39.0365],[121.8644,38.9965],[121.8052,38.9914],[121.7448,39.0097],[121.6772,39.0034],[121.6328,38.9548],[121.6704,38.8918],[121.6499,38.8651],[121.5172,38.8308],[121.3201,38.8082],[121.2363,38.7669],[121.2074,38.7435],[121.1636,38.7316],[121.1217,38.8133],[121.1067,38.9208],[121.1883,38.9467],[121.2633,38.9603],[121.6799,39.1087],[121.6276,39.2202],[121.6646,39.2687],[121.7578,39.3476],[121.8185,39.3865],[121.7854,39.4008],[121.5125,39.3749],[121.3557,39.3768],[121.2755,39.3848],[121.2998,39.4522],[121.2863,39.5194],[121.2675,39.5447],[121.4064,39.6212],[121.4695,39.6401],[121.5176,39.639],[121.5143,39.6853],[121.4742,39.7549],[121.5174,39.8448],[121.801,39.9505],[121.8689,40.0464],[121.9828,40.1358],[122.1909,40.3583],[122.2033,40.396],[122.2639,40.5002],[122.275,40.5418],[122.1787,40.6027],[122.1404,40.6882],[121.8588,40.8421],[121.8349,40.9743],[121.8086,40.9685],[121.7656,40.8759],[121.7293,40.8461],[121.5989,40.8434],[121.5371,40.8784],[121.1745,40.9013],[121.0859,40.8416],[121.0029,40.7491],[120.9223,40.6831],[120.8413,40.6492],[120.7707,40.5891],[120.4791,40.231],[120.3689,40.2039],[119.8504,39.9875],[119.5911,39.9026],[119.3911,39.7525],[119.3224,39.6616],[119.2613,39.5609],[119.2246,39.4081],[119.0401,39.2224],[118.977,39.1826],[118.9123,39.1664],[118.8265,39.1721],[118.7524,39.1605],[118.6264,39.1769],[118.472,39.118],[118.2979,39.0671],[118.1479,39.1951],[118.0409,39.2268],[117.8657,39.1913],[117.7847,39.1345],[117.6167,38.8529],[117.5538,38.6915],[117.5578,38.6251],[117.6561,38.4242],[117.7667,38.3117],[118.0149,38.1834],[118.5433,38.0949],[118.6671,38.1264],[118.8,38.1267],[118.94,38.0428],[119.0275,37.904],[119.0356,37.8092],[119.0385,37.7765],[119.0703,37.7486],[119.0892,37.7007],[119.0335,37.661],[118.9908,37.6414],[118.9549,37.4941],[118.9526,37.3312],[118.9981,37.2771],[119.1118,37.2012],[119.2874,37.1383],[119.4499,37.1248],[119.7605,37.1551],[119.8875,37.2534],[119.88,37.2958],[119.8829,37.3508],[120.1559,37.495],[120.3115,37.6227],[120.2871,37.6565],[120.2572,37.679],[120.2847,37.6921],[120.3701,37.701],[120.75,37.8339],[121.049,37.7252],[121.2195,37.6001],[121.3881,37.579],[121.5053,37.515],[121.6402,37.4604],[121.8164,37.4566],[121.9648,37.4453],[122.0102,37.4958],[122.0566,37.5289],[122.1096,37.5223],[122.1691,37.4562],[122.3377,37.4053],[122.4933,37.408],[122.6023,37.4264],[122.667,37.4028],[122.5733,37.3179],[122.5873,37.1811],[122.5155,37.1378],[122.4467,37.0681],[122.4874,37.0223],[122.5234,37.0026],[122.5197,36.9468],[122.457,36.9151],[122.3409,36.8322],[122.2742,36.8338],[122.2423,36.8499],[122.2197,36.8795],[122.2032,36.9272],[122.1624,36.9586],[122.0495,36.9708],[121.9327,36.9595],[121.6696,36.8364],[121.4131,36.7384],[121.144,36.6604],[121.0538,36.6114],[120.9899,36.5979],[120.8785,36.6352],[120.8108,36.6328],[120.7967,36.6072],[120.8826,36.5389],[120.905,36.4853],[120.8958,36.4441],[120.8471,36.4261],[120.7762,36.4563],[120.7115,36.4133],[120.6822,36.3407],[120.681,36.1684],[120.6379,36.1299],[120.5193,36.1087],[120.3931,36.0539],[120.3482,36.0792],[120.3303,36.1101],[120.3435,36.1895],[120.3277,36.2282],[120.2701,36.2262],[120.1833,36.2024],[120.117,36.1503],[120.0941,36.1189],[120.1814,36.0175],[120.2647,36.0072],[120.2848,35.9844],[120.219,35.9349],[120.0547,35.8611],[120.0274,35.7994],[119.9787,35.7402],[119.9117,35.6932],[119.8662,35.6437],[119.8105,35.6177],[119.7197,35.5887],[119.6084,35.4699],[119.5265,35.3586],[119.4297,35.3014],[119.3528,35.1138],[119.2158,35.0118],[119.1653,34.8488],[119.201,34.7484],[119.3514,34.7494],[119.4268,34.7142],[119.5829,34.5822],[119.7697,34.4962],[119.9637,34.4478],[120.2015,34.3257],[120.2667,34.274],[120.3227,34.169],[120.4257,33.8663],[120.4998,33.7165],[120.5048,33.6382],[120.6156,33.4905],[120.7345,33.2366],[120.8711,33.0165],[120.8974,32.8432],[120.853,32.7641],[120.8532,32.6614],[120.9899,32.567],[121.2934,32.4573],[121.3417,32.425],[121.401,32.3719],[121.4039,32.2062],[121.4508,32.1533],[121.4905,32.1211],[121.6742,32.051],[121.7511,31.9929],[121.8324,31.8998],[121.8563,31.8165],[121.8663,31.7036],[121.7636,31.6995],[121.6809,31.7122],[121.352,31.8588],[121.2664,31.8627],[121.1458,31.8423],[120.9735,31.8694],[120.7917,32.0317],[120.6605,32.0811],[120.5201,32.1059],[120.1841,31.9662],[120.0987,31.976],[120.0739,31.9603],[120.0359,31.9363],[120.1916,31.9063],[120.3475,31.9521],[120.4972,32.0198],[120.7155,31.9837],[120.7522,31.9229],[120.7878,31.8198],[120.9375,31.7502],[121.0554,31.7194],[121.2049,31.6281],[121.351,31.4854],[121.6606,31.3197],[121.7859,31.1629],[121.8345,31.0616],[121.8779,30.917],[121.7694,30.8704],[121.6752,30.8638],[121.5275,30.841],[121.4189,30.7898],[121.31,30.6997],[120.9977,30.5583],[120.9383,30.4697],[120.8975,30.3926],[120.8215,30.3546],[120.63,30.3909],[120.4498,30.3878],[120.2455,30.2835],[120.1946,30.2413],[120.2285,30.2496],[120.2605,30.263],[120.3525,30.2474],[120.4945,30.3031],[120.6334,30.1332],[120.9045,30.1606],[121.1594,30.3018],[121.258,30.3041],[121.3406,30.2824],[121.4327,30.2267],[121.6779,29.9791],[121.8123,29.9521],[121.9443,29.8941],[122.0173,29.8877],[122.0829,29.8704],[121.9058,29.7797],[121.6766,29.5838],[121.5746,29.537],[121.5062,29.4846],[121.6904,29.511],[121.8219,29.6046],[121.888,29.6278],[121.9412,29.6059],[121.9684,29.4906],[121.9178,29.135],[121.8535,29.1289],[121.7908,29.2257],[121.7175,29.2563],[121.656,29.2361],[121.5337,29.2367],[121.4871,29.1932],[121.4477,29.1313],[121.5209,29.1185],[121.6649,29.0106],[121.6797,28.9531],[121.641,28.9159],[121.54,28.9319],[121.6625,28.8514],[121.6301,28.7679],[121.5903,28.7348],[121.5191,28.7137],[121.4752,28.6414],[121.5381,28.5211],[121.6021,28.3666],[121.61,28.2921],[121.51,28.3243],[121.3546,28.2299],[121.2723,28.2221],[121.2168,28.3462],[121.1457,28.3267],[121.0984,28.2905],[121.0354,28.1573],[120.9586,28.037],[120.8925,28.0039],[120.813,28.0134],[120.7477,28.01],[120.7635,27.9774],[120.833,27.9378],[120.833,27.8915],[120.6852,27.7446],[120.6613,27.6879],[120.6648,27.6395],[120.5875,27.5808],[120.6291,27.4821],[120.6075,27.4124],[120.5398,27.3184],[120.4687,27.2563],[120.3846,27.1555],[120.2787,27.0971],[120.1386,26.8861],[120.0975,26.7807],[120.0867,26.6716],[120.043,26.6338],[119.9678,26.5864],[119.8822,26.6104],[119.8795,26.683],[119.8424,26.6893],[119.8213,26.7369],[119.8151,26.7976],[119.8242,26.8464],[119.7887,26.8315],[119.7667,26.7747],[119.7104,26.7287],[119.6516,26.7473],[119.5882,26.785],[119.5899,26.7305],[119.6236,26.6759],[119.6382,26.6212],[119.726,26.6094],[119.7848,26.5466],[119.8312,26.4502],[119.8403,26.4142],[119.8765,26.3709],[119.8811,26.3342],[119.7973,26.3001],[119.6927,26.2364],[119.5671,26.1273],[119.4631,26.0547],[119.3697,26.0541],[119.3131,26.0625],[119.2321,26.1044],[119.1395,26.1218],[119.2638,25.9748],[119.332,25.9487],[119.4178,25.9543],[119.5009,26.0092],[119.6188,26.0036],[119.6482,25.9187],[119.6169,25.8229],[119.5528,25.6987],[119.5395,25.5913],[119.6191,25.4375],[119.6225,25.3912],[119.5928,25.368],[119.4992,25.4086],[119.4218,25.4596],[119.3438,25.4463],[119.2631,25.468],[119.1801,25.4498],[119.1463,25.4143],[119.1693,25.3557],[119.2436,25.307],[119.2855,25.2322],[119.2355,25.206],[119.0246,25.2234],[118.9775,25.2093],[118.9145,25.1268],[118.9557,25.0048],[118.9091,24.9289],[118.8221,24.9111],[118.7075,24.8498],[118.6369,24.8355],[118.6402,24.8091],[118.6918,24.7823],[118.7191,24.7461],[118.657,24.6214],[118.5604,24.5804],[118.412,24.6007],[118.2953,24.5728],[118.1945,24.6258],[118.0871,24.627],[118.0139,24.5599],[118.006,24.482],[117.9351,24.4742],[117.8969,24.4798],[117.8427,24.4743],[117.8482,24.4325],[117.879,24.3959],[118.0242,24.3796],[118.0506,24.3271],[118.0561,24.2461],[117.9041,24.1064],[117.8395,24.0123],[117.7417,24.0148],[117.6679,23.9393],[117.6282,23.8367],[117.5792,23.857],[117.4664,23.8406],[117.4331,23.7917],[117.4596,23.7715],[117.4622,23.7362],[117.417,23.621],[117.3677,23.5886],[117.3467,23.6357],[117.3308,23.7088],[117.2908,23.7144],[117.225,23.647],[117.1481,23.5988],[117.0825,23.5788],[117.0328,23.6234],[116.9106,23.6467],[116.8609,23.4531],[116.7596,23.3825],[116.7121,23.3605],[116.6294,23.3539],[116.6823,23.3274],[116.6988,23.2778],[116.6691,23.2282],[116.5864,23.2183],[116.5383,23.1797],[116.5198,23.0066],[116.4707,22.9459],[116.3455,22.9411],[116.2519,22.9813],[116.2221,22.9496],[116.2063,22.9187],[116.1574,22.8875],[116.0626,22.8791],[115.8521,22.8016],[115.7559,22.8239],[115.6404,22.8534],[115.5611,22.8247],[115.5347,22.7652],[115.4983,22.7188],[115.3825,22.7188],[115.2899,22.776],[115.1958,22.8173],[115.0915,22.7817],[115.0121,22.7089],[114.9145,22.6846],[114.8964,22.6395],[114.8538,22.6168],[114.7504,22.6263],[114.7111,22.7387],[114.6517,22.7553],[114.5928,22.6984],[114.572,22.6541],[114.5444,22.6206],[114.5542,22.5289],[114.4962,22.5271],[114.4201,22.5833],[114.3406,22.5932],[114.266,22.541],[114.2911,22.4995],[114.2846,22.4576],[114.3252,22.4374],[114.3353,22.3962],[114.2905,22.3738],[114.2879,22.3253],[114.268,22.2956],[114.1391,22.3484],[114.0328,22.3759],[113.9373,22.365],[113.9025,22.3961],[113.8965,22.4282],[114.0067,22.484],[114.0154,22.5119],[113.9312,22.5311],[113.8283,22.6072],[113.7545,22.7336],[113.6611,22.8017],[113.6196,22.8614],[113.6034,22.9689],[113.5863,23.02],[113.5922,23.077],[113.6205,23.1275],[113.5197,23.1021],[113.4453,23.0551],[113.4604,22.9957],[113.4419,22.9406],[113.3311,22.912],[113.3378,22.8888],[113.3448,22.8646],[113.432,22.7894],[113.4498,22.7261],[113.4848,22.6924],[113.553,22.594],[113.5515,22.4042],[113.5889,22.3505],[113.5765,22.2973],[113.5481,22.2226],[113.4988,22.2017],[113.4157,22.1784],[113.3674,22.1648],[113.3277,22.1454],[113.2664,22.0888],[113.149,22.075],[113.0888,22.208],[113.0082,22.1193],[112.9838,21.9382],[112.9539,21.9073],[112.9038,21.8814],[112.8086,21.9446],[112.7254,21.9023],[112.6607,21.8595],[112.6341,21.8199],[112.5863,21.7769],[112.4947,21.8183],[112.4213,21.8806],[112.4395,21.9273],[112.4293,21.9581],[112.3961,21.9813],[112.3597,21.978],[112.3774,21.9175],[112.3897,21.8012],[112.3564,21.7676],[112.305,21.7417],[112.1934,21.7631],[112.1172,21.8065],[112.0252,21.843],[111.9439,21.8497],[111.9265,21.7763],[111.8734,21.7171],[111.8246,21.7098],[111.776,21.7192],[111.7119,21.6552],[111.6816,21.6085],[111.6027,21.5591],[111.3924,21.5351],[111.3191,21.4861],[111.2206,21.4939],[111.1442,21.4822],[111.1006,21.4847],[111.0611,21.511],[111.0169,21.5117],[110.9968,21.4303],[110.878,21.3959],[110.7711,21.3865],[110.6521,21.2791],[110.5672,21.2141],[110.5043,21.2074],[110.458,21.2306],[110.4346,21.3269],[110.4109,21.3381],[110.3975,21.2477],[110.3746,21.1724],[110.3312,21.1313],[110.1936,21.0376],[110.154,20.9446],[110.1804,20.8586],[110.3654,20.8376],[110.3885,20.7905],[110.3705,20.7521],[110.3262,20.7199],[110.3131,20.6717],[110.5115,20.5183],[110.5176,20.46],[110.4869,20.4269],[110.4495,20.3554],[110.3447,20.2948],[110.1231,20.2637],[109.9385,20.2951],[109.8825,20.3641],[109.8858,20.4131],[109.9316,20.3989],[109.9839,20.4033],[109.9684,20.4481],[109.9464,20.4744],[109.861,20.5143],[109.792,20.6219],[109.8053,20.7115],[109.7674,20.7807],[109.7263,20.8388],[109.6848,20.8736],[109.6626,20.9169],[109.7045,21.0527],[109.6813,21.1316],[109.7602,21.2284],[109.7796,21.3375],[109.9211,21.3765],[109.9308,21.4806],[109.8296,21.4836],[109.7594,21.5601],[109.7434,21.528],[109.6869,21.5246],[109.5943,21.672],[109.5664,21.6906],[109.5215,21.6934],[109.544,21.5379],[109.4355,21.4795],[109.3467,21.454],[109.2204,21.4434],[109.1486,21.4255],[109.0815,21.4403],[109.0981,21.4874],[109.1335,21.5436],[109.1018,21.5905],[109.0306,21.6265],[108.9218,21.6244],[108.8464,21.6345],[108.7717,21.6305],[108.7439,21.6513],[108.6745,21.7247],[108.6158,21.7705],[108.5894,21.816],[108.6158,21.8689],[108.5938,21.901],[108.4799,21.9046],[108.4809,21.8288],[108.4926,21.7394],[108.5257,21.6714],[108.5021,21.6334],[108.4443,21.6073],[108.3828,21.6792],[108.3546,21.6969],[108.3248,21.6935],[108.3021,21.6219],[108.2463,21.5584],[108.1456,21.5652],[108.0674,21.526],[107.9727,21.508],[107.9258,21.4989],[107.8091,21.4971],[107.7072,21.4059],[107.6367,21.3681],[107.527,21.3362],[107.41,21.2848],[107.3762,21.1941],[107.3733,21.1285],[107.3543,21.0552],[107.1647,20.9487],[107.1117,20.9596],[107.0752,20.9993],[107.0192,20.9912],[106.9814,20.9714],[106.9364,20.9741],[106.8862,20.95],[106.8206,20.9575],[106.7603,20.9911],[106.7252,20.9999],[106.6834,21.0003],[106.6755,20.9605],[106.7373,20.8062],[106.7534,20.7351],[106.5508,20.5266],[106.5729,20.3922],[106.518,20.2889],[106.3955,20.2059],[106.1657,19.992],[106.0622,19.9874],[105.9841,19.9391],[105.814,19.5875],[105.8121,19.467],[105.7854,19.3789],[105.7911,19.2942],[105.7164,19.1278],[105.6391,19.0572],[105.6218,18.9663],[105.732,18.7793],[105.7442,18.7463],[105.8082,18.6458],[105.8393,18.5742],[105.8883,18.5025],[106.0656,18.3164],[106.1445,18.2594],[106.2396,18.2207],[106.4119,18.0532],[106.499,17.9464],[106.4594,17.8737],[106.4789,17.7196],[106.3559,17.765],[106.3705,17.7469],[106.5168,17.6628],[106.7357,17.3672],[106.9262,17.2214],[107.1199,17.0555],[107.1804,16.8979],[107.3551,16.7937],[107.5493,16.6426],[107.5408,16.6086],[107.5935,16.5681],[107.7241,16.4878],[107.8031,16.4031],[107.8338,16.3225],[107.882,16.3096],[107.9363,16.3294],[107.9907,16.3371],[108.0294,16.3311],[108.088,16.2427],[108.1697,16.1637],[108.209,16.0911],[108.2408,16.1008],[108.2674,16.0898],[108.274,16.0291],[108.286,15.9891],[108.3953,15.8725],[108.4475,15.7627],[108.5778,15.5847],[108.6742,15.4836],[108.7428,15.4266],[108.8213,15.3779],[108.8982,15.1805],[108.9399,15.0015],[109.0225,14.8028],[109.0849,14.7162],[109.087,14.5526],[109.1373,14.3841],[109.1914,14.2705],[109.2073,14.1543],[109.2239,14.0967],[109.2446,14.0534],[109.3033,13.8564],[109.2881,13.765],[109.2471,13.8547],[109.2521,13.5905],[109.2881,13.4508],[109.2719,13.2793],[109.3096,13.2192],[109.3768,13.0255],[109.4239,12.956],[109.42,12.719],[109.4449,12.5996],[109.3814,12.6708],[109.3355,12.7519],[109.274,12.709],[109.2189,12.6458],[109.3047,12.3912],[109.2068,12.4154],[109.2157,12.0729],[109.2562,11.9929],[109.2592,11.9545],[109.2473,11.9087],[109.2202,11.9588],[109.2146,12.0104],[109.1991,11.999],[109.1999,11.9725],[109.1673,11.912],[109.1575,11.8371],[109.1927,11.7734],[109.1986,11.7249],[109.1732,11.6647],[109.1325,11.6011],[109.0396,11.5927],[109.0185,11.4684],[108.9867,11.3364],[108.8208,11.3154],[108.7003,11.1993],[108.5513,11.156],[108.4186,11.0407],[108.2717,10.9343],[108.1762,10.9202],[108.0949,10.8973],[108.0014,10.7204],[107.8451,10.7001],[107.5645,10.5555],[107.4703,10.4858],[107.3845,10.4586],[107.2615,10.3984],[107.2351,10.4199],[107.1941,10.4716],[107.0878,10.4983],[107.0357,10.5563],[107.0207,10.631],[107.0066,10.6605],[106.9837,10.6183],[106.9661,10.4407],[106.9475,10.4003],[106.9021,10.3828],[106.8127,10.4333],[106.7273,10.5356],[106.6059,10.4649],[106.6431,10.4563],[106.6984,10.4621],[106.7412,10.4444],[106.7775,10.3761],[106.7763,10.339],[106.7574,10.2958],[106.6436,10.2889],[106.4917,10.3041],[106.4641,10.2983],[106.6024,10.2317],[106.729,10.1933],[106.7853,10.1512],[106.7853,10.1165],[106.7142,10.0602],[106.6592,9.9914],[106.6581,9.9487],[106.6568,9.9011],[106.5956,9.8599],[106.5573,9.8681],[106.4491,9.9396],[106.1364,10.2217],[106.1836,10.1421],[106.5074,9.8212],[106.5644,9.7156],[106.5725,9.6411],[106.5392,9.6036],[106.4841,9.5594],[106.378,9.5561],[106.204,9.6754],[105.9257,9.9617],[105.831,10.0007],[106.1125,9.6736],[106.1586,9.5941],[106.2062,9.5023],[106.1926,9.4478],[106.1684,9.3967],[105.501,9.0932],[105.4014,8.9624],[105.3223,8.8011],[105.1912,8.7113],[105.1144,8.6292],[104.8919,8.5833],[104.7704,8.5977],[104.8963,8.7466],[104.8186,8.8019],[104.8146,9.1855],[104.8452,9.6062],[104.9032,9.8163],[104.9871,9.8687],[105.0926,9.901],[105.0949,9.9453],[105.0845,9.9957],[105.0278,10.0674],[104.9658,10.1006],[104.8732,10.1148],[104.802,10.2027],[104.7477,10.1991],[104.6635,10.1699],[104.6127,10.2077],[104.594,10.2669],[104.5161,10.34],[104.4264,10.4112],[104.2624,10.5413],[103.9371,10.5866],[103.9018,10.6439],[103.8705,10.6551],[103.8405,10.5806],[103.6619,10.5089],[103.5871,10.5522],[103.5322,10.6046],[103.5404,10.6687],[103.5921,10.721],[103.6809,10.7586],[103.7219,10.8901],[103.6543,11.0587],[103.595,11.1078],[103.5324,11.1467],[103.4667,11.084],[103.4113,10.9768],[103.3536,10.9216],[103.2722,10.9093],[103.1528,10.9137],[103.1064,11.0738],[103.0911,11.2111],[103.1074,11.3678],[103.1255,11.4606],[103.0105,11.5887],[103.0042,11.7106],[102.9486,11.7735],[102.9323,11.7417],[102.9339,11.7067],[102.9123,11.7039],[102.8837,11.7728],[102.7916,11.8886],[102.763,12.0125],[102.6549,12.1488],[102.5941,12.203],[102.5748,12.1578],[102.5402,12.1092],[102.4341,12.1792],[102.3432,12.2526],[102.2591,12.3943],[102.2484,12.3614],[102.2296,12.3316],[102.1342,12.443],[102.0344,12.5319],[101.9445,12.5637],[101.8891,12.5933],[101.8357,12.6404],[101.7236,12.6894],[101.4449,12.6189],[101.0902,12.6736],[100.9537,12.6212],[100.8978,12.6538],[100.8633,12.7145],[100.8964,12.8182],[100.9039,13.0349],[100.9461,13.1873],[100.9263,13.303],[100.947,13.3576],[100.9627,13.432],[100.9065,13.4624],[100.6561,13.5213],[100.6029,13.5682],[100.5364,13.5145],[100.2356,13.4845],[100.1224,13.4396],[100.0175,13.3532],[99.9905,13.2435],[100.0511,13.1712],[100.0899,13.0457],[99.982,12.7715],[99.964,12.69],[100.0057,12.3547],[99.9891,12.1708],[99.9303,12.0475],[99.8371,11.9366],[99.7987,11.7488],[99.7255,11.6618],[99.6273,11.4629],[99.5613,11.2152],[99.5144,11.1006],[99.4869,10.8896],[99.2848,10.5691],[99.2373,10.3881],[99.165,10.3198],[99.1903,10.2659],[99.1946,10.1754],[99.1693,9.9342],[99.1607,9.734],[99.1913,9.6271],[99.2883,9.4146],[99.265,9.353],[99.2539,9.2652],[99.3354,9.2254],[99.3938,9.2137],[99.7238,9.3142],[99.8355,9.2884],[99.8775,9.1946],[99.9047,9.1129],[99.9606,8.6712],[99.9896,8.5892],[100.0563,8.5111],[100.1293,8.4281],[100.1541,8.443],[100.1589,8.4738],[100.1635,8.5084],[100.2287,8.4247],[100.2794,8.2685],[100.4535,7.4423],[100.5037,7.3373],[100.5452,7.2269],[100.4394,7.2808],[100.4107,7.4643],[100.3804,7.5415],[100.343,7.5529],[100.2838,7.5515],[100.28,7.5843],[100.3243,7.6442],[100.3174,7.716],[100.2566,7.7749],[100.1582,7.7281],[100.1607,7.5993],[100.2049,7.5005],[100.3714,7.2801],[100.4235,7.1878],[100.4897,7.1614],[100.5862,7.176],[100.7017,7.082],[100.7926,6.9947],[101.0179,6.8609],[101.1544,6.8751],[101.302,6.9083],[101.4009,6.8996],[101.4979,6.8653],[101.6143,6.754],[101.7992,6.4746],[102.1011,6.2422],[102.274,6.2034],[102.3401,6.172],[102.5344,5.8625],[102.7902,5.6449],[102.8985,5.5638],[102.9824,5.525],[103.0971,5.4084],[103.197,5.2622],[103.4158,4.8503],[103.4539,4.6695],[103.4688,4.3933],[103.4205,3.9769],[103.362,3.7691],[103.3733,3.6711],[103.4535,3.5206],[103.4295,3.3786],[103.445,3.2606],[103.4395,2.9331],[103.4852,2.8366],[103.5373,2.7748],[103.8122,2.5805],[103.8323,2.5085],[103.9678,2.2612],[104.2186,1.7229],[104.2885,1.4807],[104.2804,1.4156],[104.2501,1.3886],[104.1764,1.3649],[104.1149,1.4123],[104.0942,1.4462],[104.1006,1.4883],[104.0762,1.5298],[104.016,1.5793],[103.9814,1.6236],[103.9912,1.55],[103.9915,1.4548],[103.9151,1.4467],[103.8168,1.4766],[103.6945,1.4497],[103.5498,1.3328],[103.4803,1.3295],[103.4273,1.4298],[103.4,1.4979],[103.3568,1.5461],[102.8969,1.7923],[102.7271,1.8556],[102.5482,2.0424],[102.1456,2.2485],[101.8899,2.4494],[101.7812,2.5736],[101.5197,2.6836],[101.4068,2.8135],[101.3514,2.839],[101.2955,2.8852],[101.3543,3.0111],[101.3302,3.1425],[101.2999,3.2533],[101.1154,3.472],[101.0248,3.6247],[100.8513,3.7767],[100.7818,3.8645],[100.7154,3.9662],[100.757,4.0018],[100.7955,4.0234],[100.7603,4.0972],[100.661,4.2257],[100.6146,4.3734],[100.6146,4.6522],[100.4734,5.0443],[100.3526,5.5877],[100.374,5.778],[100.3433,5.9842],[100.2633,6.1825],[100.1584,6.3242],[100.1191,6.442],[99.8687,6.7499],[99.696,6.8767],[99.7203,7.1062],[99.6678,7.1509],[99.6024,7.1553],[99.553,7.2188],[99.597,7.3556],[99.5291,7.3295],[99.4352,7.3344],[99.3586,7.3722],[99.3004,7.5613],[99.2637,7.619],[99.1834,7.7181],[99.0776,7.7181],[99.0427,7.7656],[99.0511,7.8878],[98.9739,7.9628],[98.8725,8.0239],[98.7887,8.0598],[98.7035,8.2567],[98.6363,8.305],[98.5792,8.3443],[98.4998,8.3178],[98.474,8.2469],[98.421,8.1782],[98.3607,8.187],[98.3055,8.2262],[98.2382,8.4231],[98.227,8.5437],[98.2418,8.7679],[98.326,8.9689],[98.3714,9.2905],[98.4432,9.4928],[98.493,9.5614],[98.5619,9.8375],[98.7025,10.1904],[98.658,10.1791],[98.5626,10.035],[98.5213,10.1072],[98.4969,10.1825],[98.523,10.3531],[98.4649,10.6758],[98.501,10.7189],[98.5356,10.7407],[98.5988,10.8644],[98.6756,10.9869],[98.6826,11.1331],[98.7447,11.2404],[98.7301,11.33],[98.7333,11.4353],[98.7464,11.5213],[98.7414,11.5917],[98.7907,11.6651],[98.876,11.7197],[98.8402,11.7393],[98.8048,11.7792],[98.6937,11.7184],[98.6363,11.7384],[98.6249,11.8015],[98.6391,11.8691],[98.6449,11.9103],[98.6895,11.9567],[98.6863,12.0471],[98.6639,12.1267],[98.6963,12.2252],[98.6306,12.2255],[98.6003,12.2453],[98.6191,12.3],[98.6787,12.3485],[98.6244,12.4407],[98.6646,12.5399],[98.6632,12.6624],[98.6356,12.7705],[98.6371,12.8482],[98.5951,12.986],[98.576,13.1619],[98.4871,13.2931],[98.4213,13.4838],[98.2454,13.7335],[98.2484,13.8404],[98.239,13.9345],[98.2004,13.9802],[98.1495,13.6476],[98.1106,13.7129],[98.0982,13.8983],[98.0727,13.9865],[98.1002,14.1615],[97.9984,14.3353],[97.9766,14.4615],[97.9098,14.6527],[97.9293,14.6956],[98.0187,14.6526],[97.9365,14.7639],[97.8691,14.7387],[97.8123,14.8589],[97.7998,15.1849],[97.7438,15.3068],[97.7742,15.431],[97.7104,15.8755],[97.5843,16.0196],[97.6093,16.1438],[97.6406,16.2539],[97.6337,16.4577],[97.6646,16.5205],[97.726,16.5686],[97.6685,16.5516],[97.6196,16.5372],[97.5051,16.5253],[97.3759,16.5229],[97.3311,16.6718],[97.2675,16.7431],[97.2117,16.8926],[97.1783,17.062],[97.2002,17.0954],[97.1002,17.1646],[97.0745,17.2069],[96.9701,17.3173],[96.8515,17.401],[96.8777,17.3422],[96.9098,17.3048],[96.8509,17.2029],[96.9086,17.031],[96.858,16.9212],[96.8106,16.7784],[96.7654,16.7104],[96.6225,16.5639],[96.5066,16.5144],[96.4312,16.5049],[96.3644,16.5205],[96.2822,16.596],[96.2621,16.6591],[96.2489,16.7653],[96.2203,16.7806],[96.1891,16.7683],[96.2377,16.6313],[96.2367,16.5674],[96.3243,16.4444],[96.2931,16.4101],[96.1351,16.3425],[96.081,16.3534],[96.0429,16.3399],[96.0321,16.2846],[96.0123,16.2537],[95.7633,16.169],[95.7114,16.0734],[95.6795,15.9768],[95.5557,15.8378],[95.3896,15.7228],[95.3484,15.7293],[95.3015,15.7562],[95.3078,15.8804],[95.3647,15.9854],[95.3468,16.0976],[95.333,16.0333],[95.2259,15.8768],[95.177,15.8257],[95.0783,15.8392],[94.9426,15.8183],[94.8912,15.9791],[94.8922,16.0382],[94.8822,16.0879],[94.8979,16.1408],[94.8932,16.1828],[94.8602,16.1024],[94.8478,16.0329],[94.7981,15.9711],[94.6615,15.9044],[94.6562,15.9888],[94.6514,16.0648],[94.6808,16.1333],[94.6766,16.242],[94.7199,16.3987],[94.7166,16.4525],[94.7033,16.5119],[94.679,16.4256],[94.6652,16.3361],[94.6377,16.3091],[94.5875,16.2888],[94.4957,16.1861],[94.4416,16.0944],[94.299,16.0076],[94.2238,16.0165],[94.2143,16.1266],[94.2713,16.5173],[94.3273,16.5722],[94.3534,16.6399],[94.4,16.8682],[94.4524,16.9545],[94.4731,17.1354],[94.4943,17.1666],[94.5645,17.3085],[94.589,17.5693],[94.5601,17.699],[94.4943,17.8246],[94.4308,18.2017],[94.2658,18.5072],[94.2521,18.6092],[94.1707,18.7324],[94.2457,18.7412],[94.0913,18.8492],[94.07,18.8934],[94.039,19.1462],[94.0449,19.2874],[94.0225,19.2688],[94.0016,19.1818],[93.941,19.1461],[93.9681,18.9951],[93.9613,18.9584],[93.9292,18.8997],[93.8001,18.9606],[93.7055,19.0269],[93.5981,19.1885],[93.4931,19.3695],[93.5306,19.3976],[93.5786,19.4012],[93.728,19.2665],[93.8249,19.2385],[93.8861,19.2719],[93.962,19.3293],[93.9981,19.4409],[93.9607,19.4817],[93.8879,19.5039],[93.8396,19.5341],[93.7699,19.6096],[93.761,19.648],[93.7396,19.6973],[93.6688,19.732],[93.6117,19.7761],[93.6599,19.8542],[93.707,19.9122],[93.5818,19.9096],[93.4391,20.0094],[93.4096,20.0383],[93.3623,20.0583],[93.25,20.0701],[93.1566,20.0408],[93.199,19.8983],[93.1906,19.8512],[93.1295,19.858],[93.002,20.0749],[93.0403,20.1298],[93.0955,20.1813],[93.0684,20.1887],[93.0151,20.1853],[93.0668,20.3776],[93.0354,20.4062],[93.0187,20.346],[92.9907,20.288],[92.8821,20.1521],[92.8283,20.1776],[92.7912,20.2114],[92.8436,20.2826],[92.8717,20.3018],[92.8911,20.3403],[92.8507,20.4148],[92.7869,20.469],[92.7356,20.5627],[92.709,20.564],[92.7326,20.4534],[92.7229,20.2956],[92.608,20.4699],[92.3783,20.7176],[92.3241,20.7918],[92.3078,20.7904],[92.2481,20.8836],[92.1946,20.9843],[92.0561,21.1748],[92.0109,21.5163],[92.008,21.6848],[91.9132,21.8831],[91.85,22.1574],[91.8248,22.2287],[91.8578,22.3173],[91.8634,22.3505],[91.8454,22.3431],[91.7971,22.2975],[91.7341,22.4067],[91.693,22.5048],[91.5297,22.7077],[91.4821,22.7974],[91.4801,22.8848],[91.4096,22.797],[91.3138,22.7352],[91.2162,22.6422],[91.1514,22.6141],[90.9456,22.597],[90.8268,22.7214],[90.6562,23.0255],[90.6336,23.0942],[90.6561,23.273],[90.6156,23.4423],[90.6161,23.5316],[90.604,23.5914],[90.5734,23.5781],[90.5616,23.5371],[90.5681,23.4743],[90.5557,23.4215],[90.408,23.4319],[90.2691,23.4559],[90.3915,23.3669],[90.5228,23.3461],[90.5909,23.2664],[90.5992,23.2041],[90.5951,23.1339],[90.5277,23.085],[90.466,23.0539],[90.4775,22.9868],[90.5522,22.9049],[90.4616,22.8818],[90.4369,22.8282],[90.4351,22.7519],[90.4807,22.6847],[90.4984,22.6348],[90.4874,22.5887],[90.5317,22.5393],[90.5955,22.4358],[90.6161,22.3622],[90.5895,22.2584],[90.5528,22.2182],[90.4941,22.1789],[90.3558,22.0482],[90.2882,21.8994],[90.2306,21.8298],[90.1588,21.8168],[90.1308,21.8474],[90.0712,21.8873],[90.07,21.9599],[90.0879,22.0175],[90.2096,22.1566],[90.1435,22.1379],[90.0686,22.0982],[89.9542,22.0229],[89.9181,22.1162],[89.894,22.2026],[89.8938,22.3084],[89.9852,22.4664],[89.8818,22.3876],[89.8532,22.289],[89.8658,22.173],[89.8525,22.0909],[89.8119,21.9835],[89.7568,21.919],[89.6678,21.8777],[89.6281,21.8142],[89.5686,21.7674],[89.5666,21.8606],[89.5475,21.9837],[89.4832,22.2755],[89.4693,22.2129],[89.5025,22.0319],[89.5006,21.9144],[89.452,21.8211],[89.3537,21.7211],[89.2786,21.707],[89.2343,21.7224],[89.1671,21.7843],[89.0939,21.8728],[89.0816,22.0149],[89.0515,22.0932],[89.0279,21.9372],[88.9493,21.9379],[89.0196,21.8336],[89.042,21.7587],[89.0517,21.6541],[88.9671,21.6414],[88.9074,21.6531],[88.8575,21.7447],[88.8344,21.6614],[88.745,21.5844],[88.713,21.622],[88.6947,21.6624],[88.6912,21.7335],[88.7402,22.0054],[88.7303,22.0361],[88.7083,22.0562],[88.6596,22.0669],[88.6416,22.122],[88.5668,21.8321],[88.5998,21.7138],[88.5847,21.6597],[88.446,21.6143],[88.3055,21.7233],[88.2875,21.7582],[88.2792,21.6969],[88.2537,21.6223],[88.1221,21.6358],[88.0568,21.6941],[88.0994,21.7936],[88.1811,22.0329],[88.1963,22.1396],[88.0871,22.2177],[87.9944,22.2657],[87.9414,22.3743],[87.9616,22.255],[88.0107,22.2126],[88.083,22.1827],[88.1593,22.1217],[88.1041,22.0474],[88.0508,22.0011],[87.9484,21.8254],[87.8237,21.7273],[87.6782,21.6535],[87.2007,21.5449],[87.1007,21.5008],[86.9541,21.3653],[86.8596,21.2367],[86.8423,21.1063],[86.8958,20.9656],[86.9394,20.7451],[86.9755,20.7001],[86.9245,20.6198],[86.8359,20.5343],[86.7625,20.4191],[86.7692,20.3559],[86.7504,20.3132],[86.4987,20.1716],[86.4458,20.0889],[86.3766,20.0067],[86.2937,20.0538],[86.2452,20.053],[86.3119,19.9878],[86.3029,19.9447],[86.2795,19.9194],[86.2162,19.8958],[85.8529,19.7917],[85.575,19.6929],[85.4969,19.6969],[85.5111,19.7269],[85.5598,19.7535],[85.5551,19.8669],[85.5041,19.8877],[85.46,19.8959],[85.2486,19.7577],[85.1628,19.6209],[85.1808,19.5949],[85.2285,19.6013],[85.3709,19.6789],[85.4369,19.6569],[85.4416,19.6266],[85.2256,19.5084],[84.771,19.1254],[84.7498,19.0501],[84.6908,18.9647],[84.6094,18.8843],[84.4628,18.6897],[84.1817,18.4006],[84.1041,18.2927],[83.6543,18.0699],[83.5723,18.0036],[83.388,17.7867],[83.1983,17.609],[82.9769,17.4618],[82.5932,17.2739],[82.3596,17.0962],[82.2865,16.9781],[82.2819,16.9361],[82.3072,16.8786],[82.35,16.8252],[82.3598,16.7828],[82.3387,16.7065],[82.3271,16.6644],[82.2588,16.5599],[82.1415,16.4854],[81.7619,16.3295],[81.7117,16.3345],[81.4019,16.3652],[81.2861,16.3371],[81.2386,16.264],[81.1321,15.9618],[81.0301,15.8814],[80.9935,15.8087],[80.9787,15.7584],[80.9178,15.7597],[80.8647,15.7822],[80.826,15.7659],[80.7818,15.8673],[80.7078,15.8881],[80.6466,15.895],[80.3849,15.7928],[80.2935,15.7107],[80.1011,15.3236],[80.0534,15.074],[80.0986,14.7982],[80.1654,14.5778],[80.1787,14.4783],[80.1701,14.3494],[80.1362,14.2866],[80.1117,14.2122],[80.1437,14.0589],[80.2244,13.8582],[80.2441,13.7735],[80.2458,13.6858],[80.3065,13.4851],[80.2656,13.5213],[80.2334,13.6058],[80.1562,13.7138],[80.0621,13.6062],[80.1143,13.5287],[80.2903,13.4367],[80.3424,13.3613],[80.2291,12.6903],[80.1431,12.452],[80.0375,12.2958],[79.9817,12.2354],[79.8585,11.9888],[79.7714,11.6902],[79.7541,11.5753],[79.7934,11.4467],[79.7489,11.3706],[79.6932,11.3125],[79.799,11.3387],[79.8353,11.2688],[79.8486,11.1969],[79.8502,10.7688],[79.8382,10.3226],[79.7569,10.3043],[79.6674,10.2997],[79.5886,10.3124],[79.5316,10.3296],[79.3905,10.306],[79.3146,10.2567],[79.2536,10.1748],[79.2578,10.0352],[78.9963,9.6831],[78.9399,9.5658],[78.9191,9.4529],[78.9531,9.3938],[79.0199,9.3333],[79.107,9.3089],[79.2755,9.2846],[79.3563,9.2521],[79.4114,9.1924],[79.2129,9.256],[78.9796,9.2686],[78.4215,9.105],[78.2745,8.9902],[78.1925,8.8909],[78.136,8.6634],[78.1264,8.5113],[78.0602,8.3846],[77.7703,8.1898],[77.5872,8.1299],[77.5176,8.0783],[77.3015,8.1453],[77.0659,8.3159],[76.9669,8.4073],[76.6173,8.8471],[76.5534,8.9028],[76.4829,9.0908],[76.4718,9.1608],[76.4523,9.1888],[76.419,9.2078],[76.4031,9.2368],[76.3246,9.4521],[76.2924,9.6765],[76.2424,9.9271],[76.2847,9.9099],[76.3431,9.8273],[76.3723,9.7074],[76.3756,9.5399],[76.4195,9.5205],[76.4588,9.5362],[76.3465,9.9221],[76.2487,10.018],[76.2228,10.0243],[76.1956,10.0861],[76.1927,10.1638],[76.2015,10.2006],[76.1233,10.327],[76.0961,10.4022],[75.9226,10.7841],[75.8446,11.0576],[75.7238,11.3618],[75.6461,11.4684],[75.5245,11.7031],[75.4227,11.8122],[75.3146,11.9584],[75.2298,12.0233],[75.1967,12.0575],[74.9455,12.5646],[74.8683,12.8446],[74.8029,12.9769],[74.7705,13.0773],[74.6823,13.5069],[74.6816,13.5837],[74.6709,13.6676],[74.6085,13.8497],[74.4985,14.0463],[74.4667,14.1688],[74.467,14.2165],[74.3972,14.4074],[74.3822,14.4947],[74.3351,14.5754],[74.2804,14.6495],[74.223,14.7089],[74.0888,14.9022],[74.0406,14.9494],[73.9492,15.0748],[73.8843,15.3064],[73.8008,15.397],[73.9319,15.397],[73.852,15.4825],[73.8139,15.5386],[73.7718,15.573],[73.8328,15.6594],[73.7328,15.6569],[73.6799,15.7089],[73.6077,15.8711],[73.4761,16.0542],[73.4537,16.1521],[73.3376,16.4599],[73.2392,17.1985],[73.149,17.5274],[73.1561,17.6219],[73.0472,17.9067],[72.9939,18.0977],[72.9721,18.2593],[72.9432,18.3656],[72.9172,18.5761],[72.8755,18.6428],[72.8709,18.6831],[72.8987,18.779],[72.9769,18.9272],[73.0056,19.0211],[72.9721,19.1533],[72.9007,19.0145],[72.8347,18.9756],[72.803,19.0793],[72.8027,19.2188],[72.7945,19.2521],[72.8116,19.2989],[72.9872,19.2774],[72.7879,19.363],[72.764,19.4132],[72.7564,19.4505],[72.7994,19.5198],[72.7266,19.5783],[72.6975,19.7571],[72.676,19.7979],[72.6678,19.831],[72.709,20.078],[72.8812,20.5632],[72.8937,20.6728],[72.8789,20.8285],[72.8405,20.9525],[72.8243,21.0836],[72.8139,21.1172],[72.7516,21.1291],[72.6924,21.1776],[72.6238,21.372],[72.6865,21.4357],[72.7348,21.4708],[72.6684,21.4559],[72.6133,21.4618],[72.7176,21.5513],[72.8105,21.6199],[73.0225,21.6996],[73.1125,21.7504],[72.9791,21.7047],[72.8397,21.6873],[72.5431,21.6966],[72.5925,21.8776],[72.644,21.938],[72.7002,21.9719],[72.6175,21.9617],[72.5223,21.9762],[72.553,22.16],[72.6279,22.1996],[72.7088,22.2072],[72.8092,22.2333],[72.702,22.2636],[72.5901,22.2781],[72.456,22.2481],[72.3326,22.2702],[72.1828,22.2697],[72.2426,22.2452],[72.3064,22.1892],[72.2744,22.0897],[72.2443,22.0276],[72.1617,21.9848],[72.0944,21.92],[72.0756,21.863],[72.0372,21.823],[72.1029,21.7946],[72.1709,21.7743],[72.2104,21.7282],[72.2566,21.6612],[72.254,21.531],[72.0766,21.2241],[72.0152,21.1557],[71.5711,20.9706],[71.3965,20.8698],[71.0246,20.7389],[70.8797,20.7145],[70.7193,20.7404],[70.4851,20.8402],[70.1273,21.0947],[70.0344,21.1788],[69.7484,21.5057],[69.542,21.6786],[69.3854,21.8396],[69.1917,21.9915],[69.0088,22.1968],[68.9699,22.2903],[68.9835,22.3854],[69.0517,22.4373],[69.1313,22.4163],[69.1942,22.3361],[69.2389,22.3002],[69.2766,22.2855],[69.5492,22.4084],[69.6552,22.4035],[69.7275,22.4652],[69.819,22.4518],[70.0059,22.5477],[70.0842,22.5535],[70.1772,22.5728],[70.3277,22.8158],[70.4404,22.9703],[70.5135,23.0025],[70.5094,23.0401],[70.4893,23.0895],[70.4346,23.0771],[70.3963,23.0301],[70.368,22.9735],[70.3395,22.9397],[70.2512,22.9709],[70.1917,22.9657],[70.1183,22.947],[69.8498,22.8564],[69.7396,22.7752],[69.6646,22.7591],[69.2359,22.8485],[68.8171,23.0537],[68.6407,23.1899],[68.5292,23.3641],[68.4175,23.5715],[68.4538,23.6295],[68.6271,23.7541],[68.7768,23.8521],[68.6424,23.8085],[68.4969,23.748],[68.4249,23.7056],[68.3434,23.6168],[68.235,23.597],[68.192,23.7289],[68.165,23.8573],[68.1488,23.7972],[68.1155,23.7534],[68.0678,23.8184],[68.037,23.8482],[68.0015,23.8261],[67.951,23.8286],[67.86,23.9027],[67.819,23.8281],[67.6685,23.811],[67.6495,23.8673],[67.6458,23.9199],[67.5631,23.8818],[67.5036,23.94],[67.4769,24.0183],[67.4539,24.0399],[67.4276,24.0648],[67.3652,24.0916],[67.3094,24.1748],[67.3043,24.2629],[67.2887,24.3678],[67.1715,24.7561],[67.1006,24.7919],[66.703,24.8609],[66.6822,24.9289],[66.7099,25.1113],[66.6986,25.2263],[66.5699,25.3785],[66.5339,25.4844],[66.4286,25.5753],[66.3242,25.6018],[66.219,25.5899],[66.1623,25.5539],[66.1312,25.4933],[66.3564,25.5074],[66.4071,25.4851],[66.4677,25.4453],[66.4029,25.4468],[66.3283,25.4658],[66.2347,25.4644],[65.8836,25.4196],[65.6797,25.3553],[65.4062,25.3743],[65.0613,25.3111],[64.7767,25.3073],[64.659,25.1841],[64.594,25.2063],[64.5438,25.2367],[64.1521,25.3334],[64.1249,25.3739],[64.0594,25.4029],[63.9873,25.3512],[63.9355,25.3425],[63.7209,25.3859],[63.5566,25.3532],[63.4957,25.2975],[63.4914,25.2108],[63.2857,25.2276],[63.17,25.2549],[63.015,25.2247],[62.6647,25.2648],[62.5725,25.2547],[62.4447,25.1973],[62.3912,25.1525],[62.3153,25.1349],[62.2487,25.1974],[62.1986,25.2249],[62.1521,25.2066],[62.0895,25.1553],[61.9079,25.1313],[61.7437,25.1382],[61.5331,25.1955],[61.4903,25.1537],[61.4122,25.1021],[61.243,25.142],[61.1086,25.1839],[60.6639,25.2822],[60.6151,25.3298],[60.5875,25.4135],[60.5105,25.4371],[60.4002,25.3116],[60.0247,25.3841],[59.8971,25.3618],[59.8184,25.4009],[59.616,25.4033],[59.4561,25.4815],[59.2272,25.4277],[59.0461,25.4173],[58.7979,25.5546],[58.5309,25.5924],[58.3143,25.5809],[58.2029,25.5916],[58.0224,25.6408],[57.9366,25.6916],[57.7961,25.653],[57.7325,25.7249],[57.3346,25.7916],[57.2609,25.9188],[57.2056,26.0372],[57.2014,26.1588],[57.1043,26.3714],[57.072,26.6801],[57.036,26.8007],[56.9822,26.9055],[56.9104,26.9946],[56.8129,27.09],[56.7281,27.1277],[56.3562,27.2002],[56.2844,27.1906],[56.1181,27.1431],[55.9411,27.0376],[55.6503,26.9775],[55.5916,26.9321],[55.5186,26.8299],[55.424,26.7706],[55.2941,26.7859],[55.1546,26.7254],[54.8958,26.5567],[54.7593,26.5051],[54.6449,26.5089],[54.5221,26.5892],[54.2471,26.6966],[54.0693,26.7324],[53.8226,26.7077],[53.7058,26.7256],[53.5071,26.8518],[53.455,26.9433],[53.3417,27.0045],[52.9825,27.1419],[52.6916,27.3234],[52.6382,27.392],[52.6026,27.4934],[52.4759,27.6165],[52.1919,27.7173],[52.0308,27.8244],[51.842,27.8482],[51.6663,27.845],[51.5891,27.8642],[51.5186,27.91],[51.2789,28.1313],[51.2761,28.2188],[51.1284,28.4352],[51.0938,28.5121],[51.062,28.7261],[51.0212,28.7821],[50.867,28.8702],[50.843,28.9278],[50.8758,29.0044],[50.8758,29.0627],[50.7955,29.1174],[50.6752,29.1466],[50.6461,29.2122],[50.668,29.3398],[50.6496,29.4201],[50.5436,29.548],[50.3869,29.6791],[50.2302,29.8729],[50.1689,29.9212],[50.1289,30.0481],[50.0716,30.1985],[49.9831,30.2094],[49.5549,30.029],[49.43,30.1305],[49.0543,30.3069],[49.0281,30.3334],[49.002,30.3739],[49.049,30.3973],[49.0962,30.4068],[49.1903,30.3754],[49.2473,30.4125],[49.2245,30.4723],[49.1304,30.5094],[49.002,30.5065],[49.0371,30.4505],[48.9168,30.3973],[48.8912,30.3276],[48.9087,30.2415],[48.9191,30.1209],[48.8701,30.0624],[48.8324,30.0355],[48.6709,30.0283],[48.5955,29.975],[48.5465,29.9624],[48.4542,29.9385],[48.3546,29.9567],[48.1417,30.0409],[48.0728,30.0432],[47.9825,30.0113],[47.9787,29.9828],[47.9736,29.9459],[48.0057,29.8358],[48.0773,29.7156],[48.1361,29.6181],[48.1435,29.5725],[48.0895,29.5791],[48.0483,29.5975],[47.9696,29.6167],[47.8175,29.4874],[47.7253,29.4169],[47.7227,29.393],[47.8453,29.3657],[47.9354,29.3666],[47.9981,29.3855],[48.0515,29.3554],[48.0863,29.2755],[48.1004,29.2107],[48.1838,28.9794],[48.2529,28.9013],[48.3393,28.7633],[48.3713,28.6918],[48.3896,28.6316],[48.4425,28.5429],[48.4985,28.4489],[48.523,28.355],[48.6264,28.1326],[48.7737,27.9591],[48.809,27.8959],[48.8328,27.8007],[48.8072,27.7653],[48.7972,27.7243],[48.9064,27.6291],[49.0869,27.5486],[49.1575,27.5282],[49.2375,27.4927],[49.1751,27.4376],[49.2815,27.3105],[49.4053,27.181],[49.5377,27.1518],[49.7165,26.9559],[49.9861,26.8289],[50.1498,26.6626],[50.1347,26.6595],[50.0866,26.6764],[50.0264,26.6992],[50.0081,26.6785],[50.0113,26.6088],[50.0273,26.5269],[50.1107,26.456],[50.185,26.4049],[50.2139,26.3085],[50.1555,26.1005],[50.1353,26.1007],[50.096,26.1187],[50.0539,26.1229],[50.0316,26.111],[50.0811,25.9614],[50.1303,25.8466],[50.1896,25.7558],[50.239,25.6229],[50.2812,25.5661],[50.4552,25.4248],[50.5085,25.3067],[50.5579,25.0867],[50.6669,24.9638],[50.7256,24.8694],[50.8044,24.7893],[50.8359,24.8504],[50.8468,24.8886],[50.7773,25.1774],[50.7546,25.3993],[50.7629,25.4447],[50.8026,25.4971],[50.8687,25.6127],[50.9038,25.7241],[51.0031,25.9814],[51.1081,26.0806],[51.2623,26.1533],[51.3891,26.0111],[51.5431,25.9024],[51.5723,25.781],[51.527,25.6821],[51.4854,25.5247],[51.5103,25.4523],[51.5195,25.3897],[51.5614,25.2845],[51.602,25.1479],[51.6089,25.0529],[51.5869,24.9648],[51.5334,24.8909],[51.4279,24.6683],[51.3965,24.6451],[51.268,24.6072],[51.3385,24.5644],[51.4112,24.5708],[51.4184,24.531],[51.3699,24.4769],[51.3099,24.3404],[51.3952,24.3188],[51.4768,24.3082],[51.5348,24.2863],[51.5684,24.2862],[51.6055,24.3384],[51.6231,24.3011],[51.6646,24.2504],[51.7348,24.2628],[51.7676,24.2544],[51.7917,24.0748],[51.8432,24.0109],[51.9061,23.9854],[52.1186,23.9711],[52.2509,23.9952],[52.5114,24.1125],[52.6482,24.1546],[53.0264,24.1473],[53.3296,24.0984],[53.8018,24.0695],[53.8934,24.0771],[54.1479,24.1712],[54.3043,24.2543],[54.3971,24.2782],[54.4584,24.3583],[54.4988,24.4627],[54.5347,24.531],[54.5805,24.5635],[54.6241,24.6213],[54.659,24.7155],[54.7468,24.8104],[55.0981,25.0416],[55.3035,25.2368],[55.3217,25.2998],[55.4334,25.3945],[55.5229,25.4981],[55.9412,25.794],[56.0252,25.916],[56.0746,26.0528],[56.0805,26.0626],[56.1645,26.207],[56.1973,26.2292],[56.2284,26.2198],[56.3056,26.2352],[56.3465,26.3136],[56.3787,26.3563],[56.4131,26.3512],[56.4298,26.3272],[56.4178,26.2082],[56.4164,26.1087],[56.3736,25.8046],[56.3293,25.752],[56.3072,25.7093],[56.2979,25.6507],[56.3635,25.5694],[56.3729,25.0183],[56.388,24.9792],[56.4898,24.7164],[56.6406,24.4703],[56.7741,24.3346],[56.9125,24.1502],[57.123,23.9807],[57.2198,23.9228],[57.6113,23.8037],[57.8251,23.7591],[58.1204,23.7166],[58.3245,23.6238],[58.3932,23.6182],[58.5,23.6457],[58.578,23.6435],[58.773,23.5172],[58.8304,23.3975],[58.9115,23.3342],[58.9834,23.2347],[59.0299,23.1306],[59.1947,22.9719],[59.3109,22.7934],[59.4294,22.6608],[59.5352,22.5785],[59.6956,22.5461],[59.8232,22.509],[59.8375,22.4206],[59.8244,22.3052],[59.8,22.2199],[59.6809,22.0538],[59.6525,21.9514],[59.5176,21.7823],[59.3715,21.4988],[59.3045,21.4354],[59.0688,21.2891],[58.8957,21.1128],[58.6904,20.8071],[58.5342,20.5039],[58.4742,20.4069],[58.3487,20.3869],[58.266,20.3955],[58.209,20.424],[58.2316,20.5068],[58.245,20.5992],[58.1694,20.5895],[58.1029,20.5704],[57.9472,20.3436],[57.8618,20.2441],[57.8437,20.1177],[57.8021,19.9546],[57.7412,19.8045],[57.7142,19.6784],[57.7151,19.6069],[57.7608,19.4322],[57.764,19.2533],[57.7903,19.1459],[57.8116,19.0171],[57.7385,18.9773],[57.6758,18.9579],[57.4279,18.9438],[57.1766,18.9026],[56.9572,18.8278],[56.826,18.7535],[56.6551,18.5874],[56.5508,18.166],[56.3835,17.988],[56.2703,17.9508],[55.9977,17.9352],[55.6139,17.8861],[55.4791,17.8433],[55.2554,17.5856],[55.2382,17.5047],[55.2814,17.4462],[55.2956,17.3816],[55.2752,17.3209],[55.1737,17.1576],[55.0642,17.0389],[54.7719,16.9646],[54.6646,17.0089],[54.5665,17.0312],[54.377,17.0336],[54.0682,17.0055],[53.9544,16.9178],[53.7754,16.8557],[53.6099,16.76],[53.2978,16.7233],[53.0856,16.6484],[52.5814,16.4704],[52.4484,16.3913],[52.3277,16.2936],[52.2373,16.1714],[52.174,15.9568],[52.2221,15.7606],[52.2175,15.6555],[52.0873,15.5859],[51.9658,15.5357],[51.8308,15.4593],[51.7486,15.4401],[51.6815,15.3791],[51.6037,15.3368],[51.3225,15.2263],[51.0151,15.1408],[50.5271,15.0382],[50.3386,14.9272],[50.1669,14.851],[49.9063,14.8281],[49.5486,14.7224],[49.3499,14.6378],[49.1029,14.5],[49.048,14.4564],[49.0047,14.355],[48.9287,14.2675],[48.78,14.1239],[48.6684,14.0501],[48.5938,14.0462],[48.449,14.0059],[48.2778,13.9977],[47.9899,14.0481],[47.916,14.0128],[47.8551,13.9569],[47.6334,13.8584],[47.4077,13.6616],[47.2426,13.6094],[46.9757,13.5475],[46.7889,13.4656],[46.6635,13.4327],[46.502,13.4156],[46.2031,13.4238],[45.9197,13.3943],[45.6573,13.3387],[45.534,13.2335],[45.3936,13.067],[45.1639,12.9983],[45.1098,12.9386],[45.0387,12.8159],[44.8898,12.7842],[44.7553,12.7638],[44.6178,12.8172],[44.3585,12.6691],[44.2604,12.6446],[44.1115,12.6387],[44.0059,12.6077],[43.9298,12.6165],[43.8354,12.6744],[43.6344,12.7445],[43.4876,12.6988],[43.4753,12.839],[43.2319,13.2671],[43.2826,13.6398],[43.2824,13.6925],[43.2341,13.8589],[43.0891,14.011],[43.0934,14.2037],[43.0448,14.3416],[43.0063,14.4831],[43.0187,14.5208],[43.0211,14.5549],[42.947,14.7731],[42.9222,14.8174],[42.913,14.8631],[42.9373,14.898],[42.9364,14.9386],[42.8971,15.0056],[42.8557,15.133],[42.6578,15.2328],[42.6979,15.3263],[42.7364,15.2936],[42.7885,15.2657],[42.799,15.3263],[42.7999,15.3716],[42.7172,15.6546],[42.8396,16.032],[42.7993,16.3718],[42.7898,16.4516],[42.7307,16.5698],[42.7264,16.6533],[42.6988,16.737],[42.6475,16.8014],[42.5529,16.8685],[42.5441,16.9597],[42.475,17.0499],[42.3833,17.1225],[42.3324,17.2566],[42.2939,17.435],[42.0522,17.6693],[41.75,17.8857],[41.658,18.0077],[41.5076,18.2561],[41.4317,18.4524],[41.2295,18.6784],[41.2208,18.7652],[41.1908,18.8712],[41.1441,18.9891],[41.116,19.0822],[40.9133,19.4901],[40.8479,19.5553],[40.7916,19.6464],[40.7771,19.7169],[40.7592,19.7555],[40.6159,19.8224],[40.4822,19.9935],[40.0807,20.2659],[39.8841,20.293],[39.7283,20.3903],[39.6137,20.5177],[39.4912,20.737],[39.2761,20.974],[39.0936,21.3104],[39.1507,21.4328],[39.1471,21.519],[39.091,21.664],[39.0298,21.776],[38.9879,21.8817],[39.0212,22.0334],[39.034,22.2034],[39.0699,22.2937],[39.0959,22.3928],[39.062,22.5922],[39.0014,22.699],[39.0074,22.7701],[38.9388,22.8048],[38.8829,22.882],[38.9411,22.8818],[38.8355,22.9891],[38.7969,23.0486],[38.757,23.1943],[38.7061,23.3055],[38.5423,23.5579],[38.4642,23.7119],[38.2889,23.911],[38.0986,24.058],[37.9778,24.1246],[37.9197,24.1854],[37.821,24.1875],[37.7134,24.2744],[37.6382,24.2777],[37.5431,24.2917],[37.431,24.459],[37.3385,24.6158],[37.1809,24.82],[37.2204,24.8733],[37.2663,24.9601],[37.2435,25.0734],[37.2184,25.1507],[37.1488,25.2911],[36.9207,25.6412],[36.8602,25.6925],[36.7627,25.7513],[36.7025,25.9029],[36.6752,26.0389],[36.5187,26.1049],[36.2496,26.5948],[36.0938,26.7658],[36.032,26.881],[35.8517,27.0705],[35.763,27.2588],[35.5813,27.4325],[35.4238,27.7338],[35.1805,28.0349],[35.0783,28.087],[34.8275,28.1086],[34.7221,28.1307],[34.625,28.0645],[34.6162,28.1483],[34.6833,28.2641],[34.7799,28.5073],[34.7991,28.7205],[34.9508,29.3535],[34.9822,29.4845],[34.9734,29.555],[34.9043,29.4773],[34.8485,29.4321],[34.7364,29.2706],[34.6172,28.7579],[34.4465,28.3573],[34.4271,28.1065],[34.3997,28.016],[34.3186,27.889],[34.2201,27.7643],[34.0451,27.8289],[33.7603,28.0477],[33.5941,28.2556],[33.4161,28.3898],[33.2478,28.5677],[33.202,28.6957],[33.2037,28.7778],[33.1302,28.9783],[33.0758,29.073],[32.8706,29.2862],[32.8117,29.4],[32.7667,29.45],[32.7215,29.5218],[32.6472,29.7984],[32.5657,29.974],[32.473,29.9254],[32.4895,29.8515],[32.4086,29.7493],[32.3598,29.6307],[32.3973,29.5338],[32.565,29.3863],[32.599,29.3219],[32.6381,29.1822],[32.6318,28.9922],[32.6589,28.9277],[32.7845,28.7866],[32.8295,28.7029],[32.8565,28.6306],[32.8982,28.5652],[33.0229,28.4423],[33.2021,28.2083],[33.3723,28.0506],[33.4949,27.9745],[33.5471,27.8981],[33.5588,27.7012],[33.5498,27.6074],[33.6574,27.4306],[33.6973,27.3411],[33.8017,27.2682],[33.8493,27.1849],[33.8931,27.0495],[33.9591,26.649],[34.0495,26.5507],[34.3293,26.0244],[34.5651,25.6912],[34.6793,25.4425],[34.8532,25.1398],[35.1941,24.4751],[35.3971,24.27],[35.4778,24.1548],[35.6247,24.066],[35.7839,23.9378],[35.632,23.9503],[35.5938,23.9426],[35.5408,23.9207],[35.5152,23.8429],[35.5044,23.7793],[35.5228,23.4425],[35.5644,23.2711],[35.6979,22.9462],[35.7974,22.8487],[35.8458,22.7857],[35.9134,22.7396],[36.2297,22.6288],[36.4146,22.3942],[36.8297,22.0977],[36.8704,22.0158],[36.8714,21.9967],[36.8826,21.7688],[36.927,21.5865],[37.0812,21.326],[37.2117,21.1858],[37.2586,21.1085],[37.2632,21.0727],[37.2572,21.0394],[37.2175,21.0776],[37.1506,21.1038],[37.1411,20.9818],[37.1568,20.8949],[37.1727,20.732],[37.2275,20.5567],[37.1879,20.3949],[37.1932,20.1207],[37.2626,19.7919],[37.2484,19.5819],[37.3615,19.092],[37.4713,18.8201],[37.5316,18.7531],[37.5994,18.7174],[37.7298,18.6943],[37.9219,18.5559],[38.074,18.4098],[38.1281,18.3333],[38.2018,18.2494],[38.2521,18.2644],[38.2831,18.2867],[38.3329,18.219],[38.574,18.0729],[38.6095,18.0051],[38.9117,17.4271],[39.0345,17.0855],[39.1426,16.7292],[39.2226,16.1937],[39.2989,15.9211],[39.4223,15.7867],[39.5065,15.5321],[39.5788,15.5225],[39.6313,15.4525],[39.7208,15.2137],[39.7855,15.1249],[39.8194,15.2013],[39.8156,15.2453],[39.7903,15.3188],[39.8135,15.4136],[39.8638,15.4703],[39.9783,15.3931],[40.041,15.3345],[40.0578,15.2171],[40.0841,15.152],[40.2041,15.0141],[40.3053,14.974],[40.4365,14.964],[40.5463,14.9336],[40.6344,14.883],[40.7993,14.743],[41.1765,14.6203],[41.4797,14.2439],[41.6582,13.9831],[42.2451,13.5876],[42.3465,13.3981],[42.3993,13.2126],[42.5229,13.2215],[42.7345,13.0186],[42.7962,12.8643],[42.9695,12.8084],[42.999,12.8995],[43.0829,12.8246],[43.1167,12.7086],[43.1309,12.6604],[43.2986,12.4639],[43.3535,12.367],[43.4098,12.1899],[43.3803,12.0913],[43.3367,12.027],[43.2721,11.9695],[43.048,11.8291],[42.799,11.7394],[42.64,11.5601],[42.5218,11.5722],[42.5397,11.5043],[42.5838,11.4968],[42.6527,11.5096],[42.7897,11.5617],[42.9115,11.5866],[43.0428,11.5885],[43.1617,11.566],[43.246,11.4998],[43.4412,11.3464],[43.6312,11.0354],[43.8527,10.7843],[44.1582,10.5508],[44.2793,10.4719],[44.3865,10.4302],[44.943,10.4367],[45.3377,10.6498],[45.6959,10.8039],[45.8167,10.8359],[46.0245,10.7937],[46.2539,10.7811],[46.4603,10.7342],[46.565,10.746],[46.9734,10.9254],[47.2301,11.0999],[47.405,11.174],[47.4738,11.1748],[47.7125,11.112],[48.0192,11.1394],[48.4389,11.2901],[48.5726,11.3205],[48.6744,11.3227],[48.9031,11.2549],[48.9386,11.2584],[49.0621,11.2708],[49.3883,11.3427],[49.6421,11.4509],[50.1101,11.5293],[50.4662,11.7275],[50.5283,11.8232],[50.6359,11.9438],[50.7923,11.9837],[51.1913,11.842],[51.2549,11.8307],[51.2318,11.745],[51.2182,11.6577],[51.1363,11.5051],[51.0843,11.3356],[51.1223,11.0768],[51.1406,10.6569],[51.1313,10.5959],[51.1049,10.5358],[51.0938,10.4885],[51.0508,10.472],[51.0318,10.4448],[51.0632,10.4339],[51.1883,10.4797],[51.1855,10.5298],[51.193,10.5546],[51.2957,10.4987],[51.3691,10.4752],[51.3902,10.4226],[51.3846,10.3865],[51.2682,10.4031],[51.2088,10.4311],[51.0359,10.3852],[50.9301,10.3355],[50.8984,10.2531],[50.8737,9.9242],[50.8328,9.7105],[50.825,9.4282],[50.6852,9.2412],[50.638,9.1093],[50.4298,8.8453],[50.3212,8.6196],[50.2857,8.5094],[50.1028,8.1998],[49.8521,7.9625],[49.7612,7.6595],[49.6712,7.4695],[49.57,7.297],[49.3485,6.9905],[49.235,6.7773],[49.0927,6.4079],[49.0493,6.1736],[48.649,5.4944],[48.234,4.9527],[47.9753,4.497],[47.5114,3.9683],[46.8788,3.2856],[46.0512,2.4751],[45.8263,2.3099],[44.9202,1.8102],[44.3327,1.391],[44.0327,1.1059],[43.7176,0.8579],[43.4677,0.6216],[42.7121,-0.1757],[42.6342,-0.2508],[42.5607,-0.3215],[42.4656,-0.4565],[42.3994,-0.5101],[42.2189,-0.738],[42.1063,-0.8562],[41.9799,-0.973],[41.9263,-1.0556],[41.8883,-1.1506],[41.8462,-1.2034],[41.7322,-1.4301],[41.632,-1.5785],[41.5327,-1.6953],[41.3869,-1.867],[41.2675,-1.945],[41.1068,-1.9823],[41.0587,-1.9752],[40.9955,-1.9506],[40.9707,-1.9918],[40.9521,-2.056],[40.9166,-2.0425],[40.8897,-2.0235],[40.9059,-2.1375],[40.9224,-2.1938],[40.8982,-2.2699],[40.8201,-2.3363],[40.8132,-2.3924],[40.6441,-2.5395],[40.4045,-2.5557],[40.2785,-2.6286],[40.2225,-2.6884],[40.1798,-2.819],[40.1947,-3.0192],[40.1281,-3.1733],[40.1154,-3.2506],[39.9917,-3.3507],[39.9368,-3.4425],[39.8963,-3.5358],[39.8609,-3.5768],[39.8191,-3.786],[39.7614,-3.9131],[39.7458,-3.9552],[39.7316,-3.9933],[39.6869,-4.0679],[39.658,-4.1191],[39.6371,-4.1528],[39.4909,-4.4784],[39.377,-4.6255],[39.2875,-4.6086],[39.2281,-4.6655],[39.2218,-4.6924],[39.2019,-4.7765],[39.1232,-4.9805],[39.1187,-5.0654],[39.088,-5.1654],[39.0583,-5.2315],[38.9782,-5.5186],[38.911,-5.626],[38.8192,-5.8776],[38.8047,-6.0701],[38.8553,-6.2049],[38.874,-6.3312],[38.9814,-6.4551],[39.0674,-6.4993],[39.1255,-6.556],[39.2284,-6.6853],[39.2873,-6.8149],[39.4724,-6.8786],[39.5461,-7.024],[39.5192,-7.1241],[39.4334,-7.207],[39.3531,-7.3414],[39.2885,-7.5179],[39.287,-7.7877],[39.3305,-7.7467],[39.4284,-7.8128],[39.441,-8.0115],[39.34,-8.2429],[39.309,-8.351],[39.304,-8.4438],[39.3773,-8.7208],[39.4884,-8.8618],[39.4801,-8.906],[39.4513,-8.943],[39.6413,-9.1925],[39.6255,-9.4095],[39.6967,-9.5784],[39.7279,-9.7248],[39.7748,-9.8371],[39.7838,-9.9146],[39.7252,-10.0005],[39.8638,-10.022],[39.9452,-10.0923],[39.9836,-10.1596],[40.0837,-10.1566],[40.1379,-10.2026],[40.216,-10.2406],[40.3888,-10.3535],[40.4355,-10.4103],[40.4525,-10.443],[40.4636,-10.4644],[40.5167,-10.5674],[40.6117,-10.6615],[40.5551,-10.7162],[40.4866,-10.7651],[40.5972,-10.8307],[40.5161,-10.9296],[40.5063,-10.9984],[40.5269,-11.0254],[40.5445,-11.0656],[40.4914,-11.1789],[40.421,-11.2656],[40.4028,-11.332],[40.4651,-11.4494],[40.4331,-11.6573],[40.4936,-11.8444],[40.5104,-11.9404],[40.5315,-12.0046],[40.5015,-12.1194],[40.5092,-12.3129],[40.5231,-12.3928],[40.4871,-12.4922],[40.5483,-12.5266],[40.5809,-12.6355],[40.5721,-12.7584],[40.5533,-12.8246],[40.4477,-12.9048],[40.4352,-12.9359],[40.4368,-12.9831],[40.5688,-12.9847],[40.5732,-13.0577],[40.5645,-13.1152],[40.5695,-13.2234],[40.552,-13.2937],[40.5829,-13.374],[40.5451,-13.4629],[40.5582,-13.5314],[40.5599,-13.6203],[40.5905,-13.845],[40.5957,-14.1229],[40.6025,-14.1674],[40.6495,-14.1988],[40.7156,-14.2145],[40.7131,-14.2906],[40.6399,-14.39],[40.6355,-14.4519],[40.6461,-14.5387],[40.7267,-14.4207],[40.775,-14.4213],[40.8182,-14.4676],[40.8121,-14.5355],[40.827,-14.569],[40.8206,-14.635],[40.8445,-14.7187],[40.8352,-14.7915],[40.776,-14.8425],[40.7007,-14.9298],[40.6874,-15.0116],[40.6943,-15.0652],[40.6422,-15.0824],[40.6178,-15.1155],[40.6531,-15.1927],[40.651,-15.2609],[40.559,-15.4734],[40.3139,-15.764],[40.208,-15.8671],[40.1088,-15.9793],[40.1089,-16.0253],[40.0992,-16.0653],[39.9836,-16.2255],[39.8598,-16.2518],[39.7909,-16.2945],[39.8446,-16.4356],[39.7646,-16.4682],[39.6254,-16.5794],[39.2423,-16.7926],[39.1817,-16.842],[39.0844,-16.9729],[38.9561,-17.0046],[38.8848,-17.0416],[38.7576,-17.0552],[38.7133,-17.0457],[38.6699,-17.0503],[38.6333,-17.0783],[38.3808,-17.1701],[38.1449,-17.2428],[38.0869,-17.276],[38.0482,-17.3214],[37.8395,-17.3932],[37.5123,-17.5707],[37.2445,-17.7399],[37.0506,-17.9093],[36.9995,-17.935],[36.9394,-17.9935],[36.9192,-18.0801],[36.8996,-18.129],[36.7562,-18.3073],[36.5401,-18.5182],[36.498,-18.5758],[36.4122,-18.693],[36.4037,-18.7697],[36.3272,-18.7932],[36.2629,-18.7196],[36.2356,-18.8613],[36.1832,-18.8714],[36.125,-18.8424],[35.9801,-18.9125],[35.8537,-18.9934],[35.6513,-19.1639],[35.3653,-19.4939],[34.9479,-19.8127],[34.8908,-19.8218],[34.8523,-19.8205],[34.721,-19.7096],[34.6494,-19.7014],[34.7135,-19.7672],[34.7558,-19.822],[34.745,-19.9295],[34.75,-20.0908],[34.6981,-20.4044],[34.7051,-20.473],[34.7647,-20.5619],[34.8771,-20.6708],[34.9823,-20.8062],[35.1176,-21.1952],[35.128,-21.3953],[35.2677,-21.651],[35.2729,-21.7617],[35.3293,-22.0374],[35.3256,-22.2604],[35.3157,-22.3969],[35.383,-22.4546],[35.4078,-22.4025],[35.4009,-22.3162],[35.4188,-22.1776],[35.4563,-22.1159],[35.4937,-22.1247],[35.5049,-22.1901],[35.5301,-22.2481],[35.5402,-22.3026],[35.542,-22.3766],[35.4902,-22.6577],[35.5058,-22.7721],[35.5754,-22.9631],[35.4944,-23.1852],[35.377,-23.7078],[35.3704,-23.7982],[35.3988,-23.8377],[35.4621,-23.8511],[35.4854,-23.7845],[35.5225,-23.785],[35.542,-23.8244],[35.4896,-24.0655],[35.4381,-24.1712],[35.2549,-24.4303],[35.156,-24.5414],[34.9921,-24.6506],[34.6073,-24.8213],[33.836,-25.068],[33.5301,-25.1889],[33.3475,-25.2609],[32.9611,-25.4904],[32.7922,-25.6443],[32.7226,-25.8209],[32.6559,-25.9018],[32.5904,-26.0041],[32.6475,-26.092],[32.7035,-26.1585],[32.7696,-26.203],[32.8039,-26.2414],[32.8488,-26.2681],[32.894,-26.1299],[32.9164,-26.0869],[32.9549,-26.0836],[32.9336,-26.2523],[32.8892,-26.8305],[32.8861,-26.8493],[32.8491,-27.0802],[32.7059,-27.4416],[32.657,-27.6073],[32.5348,-28.1997],[32.3752,-28.4982],[32.2857,-28.6215],[32.0272,-28.8396],[31.9554,-28.8838],[31.8915,-28.9121],[31.7782,-28.9371],[31.3352,-29.3781],[31.1699,-29.5908],[31.0233,-29.9009],[30.8776,-30.0711],[30.6636,-30.4342],[30.4723,-30.7146],[30.2887,-30.9701],[29.9712,-31.3221],[29.8303,-31.4238],[29.7352,-31.4704],[29.4829,-31.6747],[29.1278,-32.0031],[28.856,-32.2942],[28.4494,-32.6246],[28.2141,-32.7692],[27.8606,-33.0539],[27.7621,-33.096],[27.3638,-33.3605],[27.0774,-33.5212],[26.6137,-33.7074],[26.4295,-33.7596],[25.9896,-33.7113],[25.8059,-33.7371],[25.6524,-33.8496],[25.6382,-34.0111],[25.5742,-34.0354],[25.4772,-34.0281],[25.1697,-33.9607],[25.0029,-33.9736],[24.9056,-34.0598],[24.8271,-34.1689],[24.5955,-34.1745],[24.183,-34.0615],[23.6979,-33.9928],[23.5855,-33.9852],[23.3504,-34.0689],[23.2682,-34.0812],[22.9256,-34.0632],[22.7355,-34.0103],[22.5538,-34.0101],[22.4145,-34.0538],[22.2455,-34.0691],[21.789,-34.3727],[21.5532,-34.373],[21.3498,-34.4082],[21.2489,-34.407],[21.0602,-34.3646],[20.9898,-34.3675],[20.8824,-34.3865],[20.7748,-34.4399],[20.5299,-34.4631],[20.4347,-34.5086],[20.0206,-34.7857],[19.9263,-34.7747],[19.85,-34.7566],[19.635,-34.7533],[19.3915,-34.6057],[19.2982,-34.615],[19.3232,-34.5708],[19.3308,-34.4924],[19.2794,-34.437],[19.2446,-34.4123],[19.1491,-34.4169],[19.0983,-34.3501],[18.9521,-34.3438],[18.9016,-34.3606],[18.8313,-34.3641],[18.8251,-34.2965],[18.8307,-34.2539],[18.8264,-34.1885],[18.8088,-34.1082],[18.7521,-34.0826],[18.7087,-34.0719],[18.6052,-34.0773],[18.5339,-34.0859],[18.5004,-34.1093],[18.4621,-34.1681],[18.4616,-34.3469],[18.4104,-34.2956],[18.3521,-34.1885],[18.3334,-34.0742],[18.3544,-33.9391],[18.465,-33.8878],[18.4564,-33.7965],[18.433,-33.7173],[18.3095,-33.5145],[18.2612,-33.4217],[18.1563,-33.3588],[18.0748,-33.2073],[17.9926,-33.1523],[17.9584,-33.0464],[17.8782,-32.9615],[17.8511,-32.8274],[17.8953,-32.7505],[17.9652,-32.7086],[18.0365,-32.7751],[18.125,-32.7491],[18.2509,-32.6521],[18.3253,-32.505],[18.3299,-32.2695],[18.3107,-32.1225],[18.2108,-31.7425],[18.1637,-31.6552],[17.9386,-31.3832],[17.6774,-31.019],[17.3471,-30.4448],[17.1891,-30.0998],[16.95,-29.4034],[16.7395,-29.0094],[16.4808,-28.6415],[16.4476,-28.6176],[16.3351,-28.5365],[16.0071,-28.2317],[15.8909,-28.1525],[15.719,-27.9658],[15.3415,-27.3865],[15.2876,-27.275],[15.2157,-26.9951],[15.1328,-26.7876],[15.1237,-26.6679],[15.1633,-26.6002],[15.1391,-26.508],[15.0966,-26.4258],[14.9678,-26.3181],[14.9313,-25.9582],[14.8452,-25.7257],[14.8637,-25.5336],[14.8226,-25.3586],[14.8186,-25.2464],[14.8371,-25.0332],[14.768,-24.788],[14.6279,-24.548],[14.5016,-24.202],[14.4834,-24.0504],[14.4969,-23.6429],[14.4725,-23.4767],[14.4738,-23.2812],[14.4238,-23.0786],[14.4033,-22.9681],[14.4385,-22.8806],[14.4593,-22.9082],[14.4957,-22.9214],[14.5199,-22.8052],[14.526,-22.7025],[14.4628,-22.4491],[14.3219,-22.1899],[13.9732,-21.7676],[13.8881,-21.6066],[13.8394,-21.4732],[13.4506,-20.9167],[13.2844,-20.5239],[13.1684,-20.1847],[13.0421,-20.0282],[12.4582,-18.9268],[12.3287,-18.7511],[12.0957,-18.5409],[12.0412,-18.4707],[11.9514,-18.2705],[11.7759,-18.0018],[11.7335,-17.751],[11.7217,-17.4668],[11.7431,-17.2492],[11.7801,-16.8713],[11.8189,-16.7041],[11.8199,-16.5043],[11.797,-15.9864],[11.7694,-15.9153],[11.7509,-15.8319],[11.8497,-15.7684],[11.8999,-15.7198],[11.9679,-15.634],[12.0161,-15.5137],[12.0732,-15.2482],[12.2805,-14.6375],[12.3789,-14.0391],[12.5037,-13.7555],[12.5505,-13.4378],[12.8977,-13.0277],[12.9832,-12.7757],[13.1627,-12.6521],[13.417,-12.5204],[13.5979,-12.2861],[13.6855,-12.1238],[13.7854,-11.8128],[13.7843,-11.488],[13.8475,-11.0544],[13.8336,-10.9297],[13.739,-10.7571],[13.7214,-10.6336],[13.6335,-10.5123],[13.5395,-10.4207],[13.4954,-10.2571],[13.3322,-9.9989],[13.2875,-9.8268],[13.2094,-9.7032],[13.1969,-9.5507],[13.1557,-9.3896],[13.076,-9.2304],[12.9985,-9.048],[12.9985,-8.991],[13.0468,-8.9223],[13.0928,-8.8997],[13.0772,-8.9343],[13.0466,-8.9752],[13.0538,-9.0068],[13.359,-8.6872],[13.3783,-8.6247],[13.3681,-8.5548],[13.3664,-8.4692],[13.3785,-8.3697],[13.0908,-7.7802],[12.8623,-7.2318],[12.8234,-6.9548],[12.5213,-6.5903],[12.4021,-6.3534],[12.3343,-6.1873],[12.2833,-6.1243],[12.3025,-6.0926],[12.3804,-6.0843],[12.5535,-6.0459],[12.7906,-6.0039],[13.0098,-5.9076],[13.0682,-5.8648],[13.0033,-5.8361],[12.8608,-5.8541],[12.7916,-5.8777],[12.6807,-5.9608],[12.5146,-6.0042],[12.4529,-6.0005],[12.4117,-5.9863],[12.315,-5.8953],[12.2404,-5.8073],[12.2137,-5.7587],[12.199,-5.7319],[12.1555,-5.6327],[12.1801,-5.5387],[12.2065,-5.4683],[12.1771,-5.3248],[12.1105,-5.1972],[12.0399,-5.0352],[12.0184,-5.0043],[12.0027,-4.982],[11.9668,-4.9544],[11.8933,-4.8657],[11.8207,-4.7555],[11.8013,-4.7052],[11.7809,-4.6766],[11.7775,-4.5658],[11.6681,-4.4343],[11.3938,-4.2003],[11.3645,-4.1306],[11.1302,-3.9163],[11.032,-3.8265],[10.9473,-3.6621],[10.8485,-3.5613],[10.6407,-3.398],[10.5854,-3.278],[10.3477,-3.0131],[10.0062,-2.7483],[9.7595,-2.5186],[9.7221,-2.4676],[9.7637,-2.4738],[10.002,-2.5884],[10.0345,-2.5756],[10.062,-2.5499],[9.9591,-2.4898],[9.8608,-2.4426],[9.7687,-2.4131],[9.6764,-2.4156],[9.6246,-2.3671],[9.591,-2.2932],[9.574,-2.23],[9.5332,-2.1639],[9.4022,-2.0276],[9.3705,-1.975],[9.2989,-1.903],[9.3425,-1.8937],[9.4828,-1.9623],[9.4953,-1.935],[9.4832,-1.8946],[9.3422,-1.8294],[9.2656,-1.8251],[9.2479,-1.7793],[9.2584,-1.7263],[9.1575,-1.5277],[9.0528,-1.3791],[9.0363,-1.3089],[9.3188,-1.632],[9.3566,-1.6376],[9.4063,-1.6346],[9.5233,-1.5983],[9.5011,-1.5552],[9.4483,-1.5089],[9.3972,-1.5302],[9.3307,-1.5346],[9.2958,-1.5152],[9.2802,-1.4819],[9.3467,-1.325],[9.3179,-1.3329],[9.2967,-1.3609],[9.2602,-1.3742],[9.2038,-1.3824],[9.0646,-1.2983],[8.9419,-1.0715],[8.9094,-1.025],[8.8766,-0.9461],[8.8442,-0.9136],[8.7031,-0.591],[8.7572,-0.6149],[8.8214,-0.7084],[8.9464,-0.6888],[8.9952,-0.6347],[9.0379,-0.6367],[9.0815,-0.6243],[9.1365,-0.5733],[9.2967,-0.3513],[9.3391,-0.0583],[9.3253,0.1158],[9.3019,0.2885],[9.3549,0.3436],[9.3758,0.3072],[9.3861,0.2459],[9.4111,0.2004],[9.4682,0.1598],[9.5743,0.1489],[9.7384,0.085],[9.7968,0.0442],[9.8127,0.1256],[10.0015,0.195],[9.9444,0.2199],[9.7767,0.1925],[9.5465,0.2959],[9.4701,0.3619],[9.3988,0.4867],[9.3248,0.5521],[9.33,0.6108],[9.4953,0.6648],[9.539,0.6587],[9.5566,0.5942],[9.6011,0.5677],[9.618,0.5765],[9.6253,0.6316],[9.6259,0.7794],[9.5754,0.9913],[9.5908,1.032],[9.5994,1.0544],[9.5099,1.1148],[9.4453,1.1207],[9.3859,1.1393],[9.4341,1.2964],[9.4942,1.4353],[9.5843,1.5402],[9.6321,1.5655],[9.6477,1.6176],[9.7188,1.7887],[9.807,1.9275],[9.7797,2.0682],[9.8008,2.3044],[9.8218,2.5393],[9.8676,2.735],[9.8854,2.9166],[9.9484,3.0791],[9.915,3.2396],[9.8762,3.3098],[9.6721,3.5376],[9.7657,3.6238],[9.6424,3.6118],[9.6159,3.6965],[9.5562,3.798],[9.5928,3.8143],[9.6281,3.87],[9.7396,3.8529],[9.7361,3.8801],[9.6399,3.9653],[9.6492,4.0084],[9.6889,4.0564],[9.6695,4.0767],[9.6004,4.0269],[9.5506,4.0284],[9.5118,4.0606],[9.4837,4.0661],[9.5008,4.0007],[9.462,3.9425],[9.4253,3.9223],[9.3623,3.9257],[9.3109,3.9404],[9.2974,3.9729],[9.2491,3.9979],[9.1139,4.0411],[9.0001,4.0916],[8.9771,4.2304],[8.932,4.2902],[8.9136,4.3578],[8.9028,4.4352],[8.9183,4.5538],[8.8895,4.5728],[8.8564,4.5792],[8.8071,4.5734],[8.7619,4.58],[8.7079,4.6457],[8.6604,4.671],[8.6896,4.5502],[8.6562,4.5164],[8.5744,4.5262],[8.5396,4.5719],[8.5328,4.6059],[8.5705,4.7521],[8.5559,4.7552],[8.5437,4.7578],[8.5148,4.7247],[8.4313,4.7462],[8.3937,4.8138],[8.3421,4.8248],[8.2527,4.924],[8.2338,4.9075],[8.328,4.6561],[8.2931,4.5576],[8.0285,4.5554],[7.8008,4.5223],[7.6442,4.5253],[7.5656,4.5609],[7.5308,4.6552],[7.5174,4.6455],[7.5095,4.5949],[7.4599,4.5552],[7.2844,4.5477],[7.2067,4.6121],[7.1438,4.6841],[7.0766,4.7162],[7.0869,4.6858],[7.1642,4.6156],[7.1547,4.5144],[7.0134,4.3973],[6.9232,4.3907],[6.8679,4.4411],[6.8392,4.5235],[6.8247,4.6453],[6.7876,4.7247],[6.7677,4.7247],[6.786,4.652],[6.7922,4.5926],[6.7931,4.4691],[6.8604,4.3733],[6.757,4.3436],[6.7151,4.3424],[6.633,4.3402],[6.6173,4.3758],[6.6016,4.4552],[6.58,4.476],[6.5546,4.3414],[6.5,4.3319],[6.4621,4.3332],[6.2998,4.3039],[6.2637,4.3094],[6.256,4.3345],[6.2753,4.3717],[6.271,4.4321],[6.2146,4.3855],[6.2056,4.2923],[6.1733,4.2774],[6.0766,4.2906],[5.9707,4.3386],[5.9064,4.3877],[5.7986,4.456],[5.5878,4.6472],[5.5536,4.7332],[5.4933,4.8388],[5.4481,4.9459],[5.3833,5.129],[5.4032,5.1423],[5.4521,5.1266],[5.476,5.1539],[5.3883,5.1738],[5.37,5.195],[5.3642,5.2593],[5.368,5.3377],[5.4393,5.3653],[5.5009,5.3786],[5.5318,5.4264],[5.5497,5.4742],[5.3858,5.4018],[5.2324,5.4838],[5.1992,5.5335],[5.2158,5.5717],[5.2891,5.5775],[5.3938,5.5745],[5.4566,5.6117],[5.4181,5.6247],[5.3503,5.6233],[5.3253,5.6479],[5.3273,5.7075],[5.3054,5.6943],[5.2763,5.6416],[5.1729,5.6027],[5.1124,5.6416],[5.1063,5.7281],[5.0931,5.7671],[5.0421,5.7975],[4.861,6.0263],[4.6336,6.2172],[4.4313,6.3486],[4.1259,6.4114],[3.4866,6.4089],[3.4508,6.4271],[3.4899,6.4573],[3.5461,6.4774],[3.7517,6.5838],[3.717,6.5979],[3.5033,6.5313],[3.4302,6.525],[3.3355,6.3969],[2.7725,6.3757],[2.7064,6.3692],[2.2869,6.3281],[1.8182,6.2606],[1.6227,6.2168],[1.3106,6.1469],[1.1872,6.0894],[1.1056,6.0514],[1.0503,5.994],[1.008,5.9064],[0.9497,5.8103],[0.7488,5.7601],[0.6719,5.7597],[0.2597,5.7573],[-0.1265,5.5682],[-0.3487,5.5008],[-0.4854,5.3942],[-0.6694,5.3186],[-0.7977,5.2267],[-1.0643,5.1827],[-1.5017,5.038],[-1.6385,4.9809],[-1.7769,4.8804],[-2.0019,4.7625],[-2.0902,4.7641],[-2.2664,4.8741],[-2.3989,4.9293],[-2.723,5.0137],[-2.965,5.0463],[-3.0819,5.0825],[-3.114,5.0887],[-3.2464,5.1141],[-3.2149,5.1472],[-3.0867,5.1283],[-3.0191,5.1308],[-3.0259,5.1505],[-3.064,5.1577],[-3.1687,5.203],[-3.1514,5.3483],[-3.2,5.3545],[-3.2376,5.3354],[-3.312,5.1608],[-3.3476,5.1307],[-3.8706,5.2207],[-3.9842,5.2932],[-4.1202,5.3097],[-4.3573,5.3014],[-4.5528,5.2799],[-4.6089,5.2359],[-4.1152,5.2616],[-4.0621,5.2566],[-4.0372,5.2301],[-4.6615,5.1726],[-4.8997,5.1383],[-4.9701,5.1478],[-5.0237,5.2036],[-5.2824,5.2103],[-5.3354,5.192],[-5.3675,5.1508],[-5.2658,5.1597],[-5.1049,5.1622],[-5.0618,5.1307],[-5.5647,5.0895],[-5.9138,5.0109],[-6.0617,4.9528],[-6.5484,4.7618],[-6.8452,4.6715],[-6.9229,4.6383],[-7.058,4.5447],[-7.2314,4.486],[-7.4261,4.376],[-7.545,4.3513],[-7.66,4.3668],[-7.9982,4.5087],[-8.259,4.59],[-9.1322,5.0546],[-9.3748,5.2411],[-9.6544,5.5187],[-10.2764,6.0776],[-10.4182,6.1673],[-10.5971,6.2109],[-10.7076,6.2585],[-10.7856,6.3102],[-10.849,6.4651],[-11.0045,6.5574],[-11.2916,6.6882],[-11.5075,6.9065],[-11.5475,6.947],[-11.7334,7.0886],[-11.9292,7.1835],[-12.3466,7.3418],[-12.4856,7.3863],[-12.4807,7.4425],[-12.4327,7.545],[-12.5104,7.6657],[-12.4803,7.7533],[-12.5104,7.7534],[-12.5702,7.7006],[-12.6976,7.7159],[-12.7819,7.7911],[-12.8509,7.8187],[-12.881,7.8566],[-12.9251,8.0552],[-12.9569,8.1453],[-13.0208,8.2009],[-13.149,8.2146],[-13.2018,8.3358],[-13.2728,8.4297],[-13.2612,8.4876],[-13.2033,8.4843],[-13.158,8.4423],[-13.085,8.4248],[-12.9942,8.5265],[-12.9129,8.5815],[-12.8941,8.6298],[-12.904,8.6562],[-12.9534,8.6151],[-13.0882,8.6257],[-13.1216,8.5888],[-13.1818,8.5769],[-13.2284,8.6959],[-13.2262,8.766],[-13.2069,8.8431],[-13.071,8.8563],[-13.0595,8.8812],[-13.1537,8.8977],[-13.2716,8.9874],[-13.2927,9.0492],[-13.3026,9.0784],[-13.2695,9.1706],[-13.2959,9.2185],[-13.3961,9.3143],[-13.4056,9.3606],[-13.4363,9.4203],[-13.5683,9.5434],[-13.6914,9.5358],[-13.6571,9.6391],[-13.6587,9.7764],[-13.7005,9.8513],[-13.6898,9.9278],[-13.7126,9.9229],[-13.7537,9.8703],[-13.8201,9.8872],[-13.9546,9.9687],[-14.0219,10.0479],[-14.0299,10.1151],[-14.045,10.1413],[-14.0863,10.1272],[-14.1704,10.1286],[-14.4269,10.2483],[-14.6096,10.5499],[-14.6136,10.6178],[-14.5874,10.7349],[-14.5935,10.7667],[-14.6773,10.689],[-14.6934,10.741],[-14.7574,10.8621],[-14.7759,10.9316],[-14.8375,10.9625],[-14.8867,10.9681],[-14.9248,10.9449],[-14.975,10.8034],[-15.0124,10.8043],[-15.0512,10.8346],[-15.043,10.9401],[-15.0938,11.011],[-15.0546,11.1419],[-15.0968,11.14],[-15.1811,11.0342],[-15.2221,11.0309],[-15.2167,11.1562],[-15.2634,11.1609],[-15.3175,11.152],[-15.3931,11.2172],[-15.4006,11.2662],[-15.3945,11.3345],[-15.3484,11.3781],[-15.3547,11.3963],[-15.3992,11.4015],[-15.449,11.3897],[-15.4795,11.4103],[-15.4291,11.4989],[-15.2526,11.5733],[-15.1638,11.581],[-15.0727,11.5978],[-15.1224,11.6616],[-15.2304,11.6868],[-15.3167,11.6692],[-15.3597,11.6229],[-15.413,11.6152],[-15.5019,11.7238],[-15.5002,11.7784],[-15.4672,11.8428],[-15.4157,11.8718],[-15.2108,11.8709],[-15.1331,11.9073],[-15.1017,11.914],[-15.072,11.947],[-15.0783,11.969],[-15.1115,11.9703],[-15.1881,11.9273],[-15.4348,11.9436],[-15.5135,11.9176],[-15.6507,11.8184],[-15.8194,11.7635],[-15.9417,11.7866],[-15.9027,11.9197],[-15.9202,11.9378],[-15.9588,11.9596],[-16.1384,11.9173],[-16.2743,11.9781],[-16.3281,12.0516],[-16.3188,12.1438],[-16.2547,12.2061],[-16.2446,12.2371],[-16.3123,12.243],[-16.4368,12.2042],[-16.7118,12.3548],[-16.7459,12.3997],[-16.7849,12.4725],[-16.7603,12.5258],[-16.6776,12.5601],[-16.5532,12.6049],[-16.4881,12.5818],[-16.45,12.5807],[-16.4429,12.6095],[-16.455,12.6248],[-16.5488,12.6638],[-16.5977,12.7153],[-16.6378,12.6852],[-16.6726,12.622],[-16.7014,12.6032],[-16.7439,12.5854],[-16.768,12.6284],[-16.7784,12.6702],[-16.759,12.7023],[-16.7689,12.8833],[-16.7574,12.9798],[-16.7633,13.0642],[-16.7693,13.1485],[-16.8248,13.3411],[-16.7504,13.4254],[-16.6693,13.475],[-16.6148,13.4353],[-16.5983,13.3568],[-16.5564,13.3032],[-16.4134,13.2697],[-16.2717,13.2938],[-16.1851,13.2827],[-16.1879,13.3262],[-16.1584,13.384],[-15.9864,13.4088],[-15.8045,13.4254],[-15.6177,13.4601],[-15.4713,13.4586],[-15.4275,13.4684],[-15.4381,13.4832],[-15.5695,13.4999],[-15.8499,13.46],[-16.1354,13.4482],[-16.3518,13.3434],[-16.4405,13.3532],[-16.5301,13.458],[-16.5623,13.5873],[-16.5878,13.6896],[-16.6479,13.771],[-16.7454,13.8404],[-16.7669,13.9049],[-16.7339,13.9612],[-16.6396,14.0075],[-16.6181,14.0405],[-16.6675,14.0356],[-16.7421,14.0058],[-16.7917,14.0041],[-16.7978,14.0933],[-16.8805,14.2083],[-16.9738,14.4032],[-17.0794,14.4831],[-17.1681,14.6406],[-17.2606,14.7011],[-17.3458,14.7293],[-17.4185,14.7235],[-17.445,14.6516],[-17.5356,14.7551],[-17.4118,14.7922],[-17.1472,14.922],[-16.8434,15.294],[-16.5708,15.7344],[-16.5353,15.8384],[-16.5357,16.2868],[-16.4813,16.4542],[-16.4636,16.6015],[-16.3467,16.9264],[-16.2075,17.1926],[-16.0789,17.5459],[-16.0303,17.8879],[-16.0467,18.2231],[-16.085,18.5212],[-16.1501,18.7182],[-16.2131,19.0033],[-16.3059,19.1538],[-16.4762,19.2851],[-16.5145,19.362],[-16.4748,19.3906],[-16.3713,19.4103],[-16.3053,19.5126],[-16.4449,19.4731],[-16.2834,19.7872],[-16.2332,20.001],[-16.2412,20.1413],[-16.2104,20.2279],[-16.3337,20.4159],[-16.4298,20.6523],[-16.4792,20.6898],[-16.5304,20.7095],[-16.5349,20.654],[-16.5627,20.6042],[-16.6225,20.6342],[-16.7284,20.8062],[-16.8761,21.0861],[-16.9279,21.1148],[-16.9711,21.0765],[-16.9982,21.0397],[-17.048,20.8062],[-17.0988,20.8569],[-17.0096,21.3771],[-16.9309,21.9],[-16.7933,22.1597],[-16.684,22.2744],[-16.5144,22.3335],[-16.3587,22.5945],[-16.3043,22.8348],[-16.2019,22.9454],[-16.1697,23.0319],[-16.2103,23.0979],[-16.1137,23.2275],[-15.9967,23.4255],[-15.9426,23.5526],[-15.806,23.7495],[-15.7893,23.7929],[-15.8017,23.8422],[-15.8552,23.8003],[-15.9125,23.7276],[-15.9807,23.6703],[-15.9528,23.7408],[-15.8993,23.8444],[-15.7778,23.9529],[-15.5863,24.0728],[-15.1886,24.4788],[-15.0389,24.5488],[-14.9043,24.7198],[-14.8561,24.8716],[-14.8429,25.2201],[-14.7949,25.4042],[-14.707,25.5477],[-14.6023,25.8085],[-14.5228,25.9252],[-14.4706,26.163],[-14.4139,26.2537],[-14.3125,26.2967],[-14.1684,26.4154],[-13.9521,26.4888],[-13.6959,26.6429],[-13.5758,26.7351],[-13.4958,26.8727],[-13.4098,27.1466],[-13.2562,27.4346],[-13.176,27.6557],[-13.0407,27.7698],[-12.9489,27.9142],[-12.7937,27.9784],[-12.4689,28.0094],[-11.9861,28.1293],[-11.5527,28.3101],[-11.4302,28.382],[-11.2991,28.5261],[-11.081,28.7138],[-10.6738,28.9392],[-10.4865,29.0649],[-10.2006,29.3804],[-10.0105,29.6414],[-9.8526,29.8092],[-9.7435,29.9582],[-9.6671,30.1093],[-9.6238,30.3526],[-9.6529,30.4476],[-9.7731,30.6031],[-9.8539,30.6446],[-9.8755,30.7179],[-9.8324,30.8473],[-9.8333,31.0696],[-9.8087,31.4246],[-9.675,31.711],[-9.3475,32.0864],[-9.2866,32.2406],[-9.2491,32.4858],[-9.2459,32.5725],[-8.8362,32.9205],[-8.5963,33.1872],[-8.5128,33.2524],[-8.3012,33.3744],[-7.5624,33.6403],[-7.1447,33.8303],[-6.901,33.969],[-6.7558,34.1329],[-6.3531,34.7761],[-5.9576,35.6812],[-5.9248,35.7858],[-5.7479,35.816],[-5.6229,35.8289],[-5.5223,35.862],[-5.3974,35.9299],[-5.2778,35.9027],[-5.3376,35.8565],[-5.3376,35.7452],[-5.2527,35.6147],[-5.1054,35.4678],[-4.8372,35.2813],[-4.6283,35.2064],[-4.33,35.1615],[-3.9824,35.2434],[-3.788,35.2449],[-3.6933,35.28],[-3.5906,35.2283],[-3.3947,35.2118],[-3.206,35.2391],[-3.0631,35.3172],[-2.9722,35.4073],[-2.958,35.3631],[-2.9536,35.3151],[-2.926,35.2871],[-2.8695,35.1727],[-2.8399,35.1278],[-2.7314,35.1352],[-2.6368,35.1127],[-2.4237,35.1235],[-2.2196,35.1042],[-2.0178,35.0851],[-1.9133,35.0942],[-1.6736,35.1831],[-1.4837,35.3031],[-1.3358,35.3643],[-1.2054,35.4958],[-1.0877,35.5789],[-0.9175,35.6684],[-0.4261,35.8615],[-0.3508,35.8632],[-0.1892,35.8191],[-0.0482,35.8328],[0.0479,35.9005],[0.1517,36.0631],[0.3122,36.1624],[0.5149,36.2618],[0.7908,36.3565],[0.9717,36.4439],[1.2572,36.5196],[1.9745,36.5676],[2.3429,36.6103],[2.5934,36.6007],[2.8465,36.7389],[2.9729,36.7845],[3.5205,36.7951],[3.779,36.8962],[4.7581,36.8963],[4.8778,36.8624],[4.9954,36.8081],[5.1956,36.6768],[5.2954,36.6482],[5.4246,36.6754],[5.7255,36.7996],[6.0647,36.8643],[6.2491,36.9383],[6.3278,37.046],[6.4865,37.0857],[6.5759,37.003],[6.9275,36.9194],[7.1435,36.9434],[7.2385,36.9685],[7.2043,37.0924],[7.4324,37.0593],[7.6077,36.9998],[7.7916,36.8803],[7.9104,36.8563],[8.1271,36.9104],[8.5766,36.9372],[8.8235,36.9976],[9.0589,37.1559],[9.142,37.1946],[9.688,37.3404],[9.7589,37.3303],[9.8385,37.309],[9.8155,37.2546],[9.784,37.2114],[9.8303,37.1354],[9.8964,37.1816],[9.8794,37.2128],[9.8756,37.2542],[9.9881,37.2578],[10.0874,37.2513],[10.1964,37.2059],[10.1888,37.0339],[10.3341,36.8654],[10.2933,36.7815],[10.4123,36.7318],[10.5182,36.7914],[10.5713,36.8794],[10.7662,36.9303],[10.9514,37.0593],[11.0539,37.0725],[11.0771,36.9667],[11.1267,36.8741],[11.0565,36.8415],[10.9672,36.743],[10.7981,36.4931],[10.6424,36.4196],[10.5257,36.3233],[10.488,36.2549],[10.4766,36.1751],[10.5058,36.0324],[10.5908,35.8873],[10.689,35.7995],[10.7837,35.7721],[11.0043,35.6338],[11.0007,35.5516],[11.0315,35.4539],[11.0433,35.3351],[11.1201,35.2403],[10.9559,35.0336],[10.8662,34.8843],[10.6909,34.6785],[10.5349,34.5447],[10.2004,34.346],[10.1184,34.2801],[10.0648,34.2116],[10.04,34.1403],[10.049,34.0563],[10.159,33.85],[10.3053,33.7283],[10.4543,33.6625],[10.7132,33.689],[10.7043,33.6097],[10.7228,33.5144],[10.8281,33.5189],[10.8984,33.5337],[10.958,33.6263],[11.0846,33.5629],[11.1503,33.3692],[11.2574,33.3088],[11.2699,33.2863],[11.2321,33.2716],[11.2026,33.2492],[11.2343,33.2336],[11.3381,33.2095],[11.4006,33.2249],[11.5046,33.1819],[11.6571,33.1189],[11.8135,33.0937],[12.2799,32.8585],[12.4271,32.8291],[12.7535,32.8011],[13.1381,32.8974],[13.2835,32.9146],[13.5363,32.8243],[13.6478,32.7988],[13.8354,32.7918],[14.1557,32.7098],[14.2371,32.6812],[14.4238,32.5503],[14.5134,32.5111],[15.1766,32.3912],[15.2669,32.3117],[15.3591,32.1597],[15.3631,31.9712],[15.4141,31.8342],[15.4964,31.6568],[15.5958,31.5311],[15.706,31.4264],[15.8322,31.361],[16.123,31.2645],[16.451,31.2273],[16.7815,31.2147],[17.3492,31.0815],[17.8305,30.9276],[17.9493,30.8519],[18.1904,30.7773],[18.6698,30.4157],[18.9364,30.2904],[19.1237,30.2661],[19.2917,30.2881],[19.5898,30.4138],[19.7133,30.4884],[20.0132,30.8007],[20.1115,30.9637],[20.151,31.0786],[20.1411,31.1955],[20.1038,31.3005],[20.02,31.4106],[19.9612,31.556],[19.9264,31.8175],[19.9734,31.9991],[20.031,32.1079],[20.1215,32.2188],[20.3706,32.4308],[20.6211,32.5802],[21.0623,32.7755],[21.3188,32.7777],[21.4247,32.7992],[21.6359,32.9373],[21.7214,32.9425],[21.8395,32.9086],[22.1874,32.9183],[22.3406,32.8799],[22.5234,32.7939],[22.7541,32.7405],[22.9169,32.6872],[23.0906,32.6187],[23.1297,32.4481],[23.1104,32.3974],[23.1062,32.3314],[23.2863,32.2138],[23.7977,32.1587],[23.8984,32.1272],[24.039,32.037],[24.1297,32.0092],[24.4798,31.9965],[24.6839,32.016],[24.8785,31.9843],[24.9507,31.9537],[25.025,31.8834],[25.115,31.7123],[25.1505,31.655],[25.2255,31.5338],[25.3822,31.5128],[25.8933,31.6209],[26.4573,31.5121],[26.7687,31.4704],[27.248,31.3779],[27.54,31.2127],[27.6201,31.1917],[27.83,31.195],[27.9676,31.0974],[28.5148,31.0504],[28.8069,30.9427],[28.9728,30.8567],[29.0721,30.8303],[29.16,30.8346],[29.2789,30.8669],[29.4285,30.9274],[29.5916,31.0115],[29.9298,31.2275],[30.0494,31.2654],[30.1275,31.2557],[30.2227,31.2584],[30.2623,31.3168],[30.3123,31.357],[30.3438,31.4027],[30.3951,31.4576],[30.571,31.473],[30.9235,31.5668],[30.8842,31.5224],[30.563,31.417],[30.7005,31.4039],[30.8414,31.4399],[31.0018,31.4628],[31.0309,31.5076],[31.052,31.5916],[31.0829,31.6033],[31.1939,31.5876],[31.5244,31.4583],[31.6065,31.4558],[31.8393,31.5263],[31.889,31.5414],[31.9643,31.5021],[32.136,31.3411],[32.0761,31.3445],[31.8922,31.4825],[31.8759,31.4137],[31.7711,31.2926],[31.9021,31.2402],[32.0085,31.2205],[32.0656,31.153],[32.1018,31.0928],[32.2065,31.119],[32.2818,31.2009],[32.2428,31.2465],[32.2162,31.2937],[32.2506,31.2949],[32.3235,31.2561],[32.5328,31.1007],[32.6033,31.0688],[32.6846,31.074],[32.8545,31.1177],[32.9016,31.1109],[33.1299,31.1682],[33.1567,31.1262],[33.1943,31.0845],[33.3779,31.131],[33.6665,31.1304],[33.9025,31.181],[34.1763,31.3039],[34.1981,31.3226],[34.3873,31.4838],[34.4773,31.5849],[34.484,31.5923],[34.6784,31.8957],[34.8038,32.1963],[34.9219,32.6141],[35.0059,32.8266],[35.0771,32.9672],[35.1086,33.0837],[35.1551,33.16],[35.2035,33.259],[35.2514,33.3926],[35.3357,33.5035],[35.5108,33.8797],[35.6118,34.0322],[35.6479,34.2482],[35.8043,34.4374],[35.9214,34.4933],[35.9779,34.5474],[35.9763,34.6292],[35.8993,34.8521],[35.8879,34.9486],[35.8899,35.0603],[35.9431,35.2238],[35.9181,35.2995],[35.916,35.3505],[35.9024,35.4207],[35.7645,35.5716],[35.8396,35.8492],[35.8927,35.9166],[35.9569,35.9981],[35.8871,36.1591],[35.8109,36.3099],[35.8828,36.4063],[36.0317,36.5227],[36.1885,36.659],[36.1882,36.7431],[36.1801,36.8072],[36.1352,36.8516],[36.0489,36.9106],[35.9046,36.8476],[35.8016,36.7781],[35.7343,36.764],[35.6611,36.7243],[35.6256,36.6528],[35.5374,36.597],[35.3932,36.5752],[35.1762,36.6349],[34.9432,36.7257],[34.8112,36.7993],[34.7036,36.8168],[34.6014,36.7845],[34.2996,36.6042],[34.0234,36.3408],[33.9549,36.2952],[33.6947,36.182],[33.5228,36.144],[33.4418,36.1528],[33.0995,36.103],[32.9295,36.0957],[32.7948,36.0359],[32.5338,36.1007],[32.3777,36.1836],[32.2838,36.2679],[32.1306,36.4491],[32.022,36.5353],[31.7779,36.6128],[31.3525,36.8011],[31.2406,36.8217],[30.9503,36.8487],[30.644,36.8657],[30.582,36.7972],[30.5585,36.5258],[30.5061,36.4511],[30.4836,36.3104],[30.4461,36.2699],[30.3873,36.2433],[30.2954,36.2877],[30.2316,36.3073],[30.0832,36.2494],[29.7893,36.1681],[29.6891,36.1567],[29.3483,36.2588],[29.2236,36.3245],[29.1433,36.3972],[29.1161,36.5201],[29.0655,36.5901],[29.0581,36.6381],[29.0383,36.6935],[28.9696,36.7153],[28.8959,36.6736],[28.8169,36.6753],[28.7177,36.7009],[28.4836,36.8038],[28.3037,36.812],[28.1956,36.6863],[28.1115,36.6464],[28.0194,36.6345],[28.0142,36.6702],[28.084,36.7515],[27.8038,36.7365],[27.6559,36.6746],[27.5404,36.6842],[27.4539,36.7122],[27.4669,36.7463],[27.5547,36.7589],[27.6309,36.7867],[27.9345,36.8093],[28.0054,36.832],[28.083,36.9203],[28.2244,36.9964],[28.2424,37.0291],[28.1337,37.0295],[27.6684,37.0074],[27.3489,37.0196],[27.311,36.9819],[27.263,36.9766],[27.2497,37.0791],[27.3002,37.1269],[27.3682,37.1224],[27.5351,37.1639],[27.5201,37.2491],[27.4006,37.3067],[27.3763,37.3407],[27.2896,37.3487],[27.2192,37.3892],[27.2039,37.4914],[27.1479,37.6036],[27.068,37.6579],[27.0778,37.6877],[27.2244,37.7254],[27.2548,37.8823],[27.2324,37.9787],[27.1587,37.9869],[26.9438,38.0629],[26.8786,38.0548],[26.8074,38.1383],[26.6828,38.1983],[26.6211,38.1764],[26.5824,38.1493],[26.5247,38.1623],[26.4279,38.2144],[26.3329,38.2425],[26.2907,38.2772],[26.3437,38.3701],[26.4164,38.3679],[26.4297,38.4406],[26.3723,38.5619],[26.3778,38.6242],[26.4413,38.6412],[26.5136,38.6295],[26.5865,38.557],[26.6104,38.4869],[26.595,38.4186],[26.6413,38.3524],[26.6742,38.3357],[26.6964,38.4054],[26.7273,38.4186],[26.7699,38.3882],[26.8614,38.3729],[27.0986,38.4157],[27.1442,38.452],[26.9704,38.4479],[26.9068,38.4817],[26.8378,38.5576],[26.7953,38.6264],[26.7877,38.6602],[26.7637,38.7096],[26.7901,38.7361],[26.9092,38.7758],[27.0137,38.8869],[26.9701,38.919],[26.9203,38.9342],[26.8662,38.9229],[26.8149,38.961],[26.8083,39.0139],[26.8493,39.0567],[26.8536,39.1156],[26.7193,39.2606],[26.6818,39.2922],[26.7107,39.3396],[26.8133,39.419],[26.9109,39.5173],[26.8992,39.5497],[26.8271,39.5629],[26.4841,39.5207],[26.3508,39.4841],[26.1131,39.4674],[26.096,39.5208],[26.1014,39.5689],[26.1547,39.6566],[26.1498,39.8729],[26.1813,39.9901],[26.3134,40.025],[26.4754,40.1973],[26.7381,40.4002],[27.0121,40.3963],[27.1217,40.4523],[27.2846,40.4556],[27.3142,40.4149],[27.3326,40.3759],[27.4756,40.3199],[27.728,40.3288],[27.7894,40.3509],[27.8485,40.3817],[27.7318,40.4815],[27.7691,40.5096],[27.8749,40.5129],[27.9896,40.4895],[27.9948,40.4666],[27.9644,40.4353],[27.9289,40.3804],[27.9626,40.3699],[28.2891,40.403],[28.6303,40.3765],[28.7389,40.3909],[29.0071,40.3897],[29.0552,40.4242],[28.974,40.4674],[28.8946,40.4824],[28.8412,40.5035],[28.7879,40.534],[28.958,40.6306],[29.0541,40.6491],[29.5076,40.7084],[29.8449,40.7381],[29.8492,40.7601],[29.8006,40.7602],[29.3647,40.8093],[29.2598,40.8473],[29.1139,40.9378],[29.0822,40.9634],[29.0455,41.0076],[29.0674,41.1017],[29.0943,41.1772],[29.1481,41.221],[29.3223,41.2277],[29.9193,41.1508],[30.3449,41.1969],[30.8101,41.0849],[31.2549,41.1076],[31.3467,41.1579],[31.458,41.32],[32.0864,41.5892],[32.3064,41.7296],[32.5422,41.8064],[32.9467,41.8917],[33.2848,42.0046],[33.3813,42.0176],[34.193,41.9637],[34.7505,41.9568],[35.0064,42.0633],[35.1549,42.0275],[35.141,41.9895],[35.1141,41.957],[35.1221,41.8911],[35.2092,41.7944],[35.2978,41.7285],[35.558,41.634],[35.9198,41.7137],[35.9781,41.7048],[36.0518,41.6826],[36.1792,41.4266],[36.2784,41.3361],[36.4054,41.2746],[36.5097,41.2625],[36.5871,41.3267],[36.6471,41.3525],[36.7777,41.3635],[36.992,41.2754],[37.0662,41.1844],[37.431,41.1141],[37.7656,41.0789],[37.9101,41.0019],[38.3811,40.9245],[38.5569,40.9365],[38.8521,41.0177],[39.4264,41.1064],[39.8079,40.9825],[39.9111,40.9665],[40.0002,40.9771],[40.1284,40.943],[40.2652,40.9613],[40.6875,41.1074],[40.8195,41.1902],[40.9595,41.2116],[41.0836,41.2612],[41.4144,41.4236],[41.5101,41.5175],[41.7018,41.7054],[41.7588,41.8171],[41.7607,41.8849],[41.763,41.97],[41.6633,42.1469],[41.5777,42.3979],[41.4888,42.6593],[41.4194,42.7376],[41.1287,42.8281],[41.0616,42.9309],[40.8366,43.0635],[40.524,43.121],[40.4621,43.1457],[40.1906,43.3124],[39.9783,43.4198],[39.8736,43.4728],[39.5167,43.7279],[39.3294,43.8973],[38.7173,44.2881],[38.6358,44.318],[38.3118,44.3745],[38.1812,44.4197],[37.8515,44.6988],[37.7049,44.6614],[37.5725,44.6709],[37.4951,44.6953],[37.4113,44.7354],[37.3523,44.7884],[37.2841,44.905],[37.2048,44.972],[36.9444,45.0696],[36.6508,45.1265],[36.6276,45.1513],[36.6191,45.1855],[36.873,45.2518],[36.9412,45.2897],[36.811,45.34],[36.7616,45.3483],[36.7204,45.3719],[36.7938,45.4097],[36.8659,45.4271],[36.9778,45.3836],[37.1035,45.3029],[37.2136,45.2723],[37.2643,45.3109],[37.6472,45.3772],[37.6729,45.4297],[37.6719,45.4884],[37.6344,45.4863],[37.61,45.4995],[37.6124,45.5647],[37.6692,45.6541],[37.8409,45.7996],[37.9331,46.0017],[38.0143,46.0478],[38.0738,46.0171],[38.0697,45.9699],[38.0796,45.9348],[38.1328,46.0028],[38.1836,46.0948],[38.3118,46.0954],[38.4004,46.08],[38.4923,46.0905],[38.3152,46.2419],[38.0777,46.3943],[37.9775,46.3829],[37.9139,46.4065],[37.8096,46.5321],[37.7665,46.6361],[37.8674,46.6338],[37.968,46.618],[38.1595,46.6907],[38.23,46.7013],[38.3435,46.6783],[38.501,46.6637],[38.488,46.7322],[38.4387,46.8131],[38.6308,46.873],[38.8011,46.9062],[39.1268,47.0234],[39.2707,47.0441],[39.2891,47.0709],[39.2935,47.1058],[39.2445,47.1995],[39.1957,47.2688],[39.0237,47.2722],[38.9283,47.1757],[38.6682,47.1439],[38.5524,47.1503],[38.6443,47.2122],[38.736,47.2358],[38.7619,47.2616],[38.5772,47.2391],[38.4848,47.1755],[38.2144,47.0915],[38.1783,47.0802],[37.8287,47.0958],[37.5434,47.0746],[37.3398,46.9169],[37.2186,46.9173],[37.0476,46.8762],[36.932,46.8251],[36.7948,46.7144],[36.6887,46.7641],[36.5588,46.7627],[36.432,46.7326],[36.2795,46.6586],[36.1946,46.6455],[36.0249,46.6668],[35.8271,46.6243],[35.4002,46.3814],[35.2566,46.2039],[35.2044,46.1692],[35.1323,46.1259],[35.0553,46.104],[35.0146,46.106],[35.2178,46.2322],[35.2802,46.2795],[35.2909,46.3144],[35.292,46.3707],[35.2304,46.4406],[35.0641,46.2672],[34.9695,46.2421],[34.8496,46.1899],[34.8438,46.0736],[34.8573,45.9874],[34.9066,45.8788],[35.0229,45.701],[35.2602,45.4469],[35.3739,45.3536],[35.4575,45.3163],[35.558,45.3109],[35.751,45.3894],[35.8335,45.4016],[36.0129,45.3717],[36.0771,45.4241],[36.1705,45.4531],[36.2903,45.4567],[36.4271,45.4333],[36.575,45.3936],[36.5143,45.3038],[36.4508,45.2323],[36.4284,45.1533],[36.3934,45.0654],[36.2299,45.026],[36.0548,45.0308],[35.8701,45.0053],[35.8036,45.0396],[35.7595,45.0709],[35.6775,45.102],[35.5695,45.1193],[35.4726,45.0985],[35.3578,44.9784],[35.1548,44.8963],[35.0877,44.8026],[34.8878,44.8236],[34.7169,44.8071],[34.4699,44.7217],[34.2817,44.5384],[34.0744,44.4238],[33.91,44.3876],[33.7557,44.3989],[33.6559,44.4332],[33.4507,44.5537],[33.4627,44.5968],[33.4913,44.6186],[33.5301,44.6805],[33.6122,44.9078],[33.6012,44.9815],[33.5552,45.0977],[33.3925,45.1878],[33.2615,45.1708],[33.1869,45.1948],[32.9187,45.3481],[32.7727,45.359],[32.6113,45.3281],[32.5519,45.3504],[32.508,45.4038],[32.828,45.593],[33.1423,45.7492],[33.2801,45.7652],[33.4662,45.8379],[33.6648,45.9471],[33.6367,46.0329],[33.5941,46.0962],[33.4988,46.0789],[33.4299,46.0576],[33.2635,46.1257],[33.2022,46.1757],[32.9418,46.1238],[32.7969,46.1315],[32.4768,46.0837],[32.3299,46.1304],[32.0357,46.261],[31.9252,46.2873],[31.8313,46.2817],[31.78,46.3247],[31.8429,46.3461],[31.9159,46.3487],[31.9917,46.3644],[32.0131,46.3872],[32.0085,46.43],[31.8558,46.4625],[31.7137,46.4718],[31.6236,46.5103],[31.5549,46.5543],[31.716,46.555],[31.8779,46.5217],[32.1314,46.5094],[32.3613,46.475],[32.4189,46.5178],[32.5525,46.592],[32.578,46.6156],[32.3541,46.5648],[32.1272,46.5972],[32.0443,46.6425],[31.9743,46.7088],[31.9449,46.7844],[31.9641,46.8548],[31.9396,46.982],[31.8647,47.0951],[31.8382,47.1572],[31.7592,47.2128],[31.8369,47.087],[31.8659,47.0033],[31.9127,46.9261],[31.9017,46.7216],[31.8729,46.6498],[31.7796,46.6316],[31.657,46.6424],[31.5321,46.6647],[31.5634,46.7773],[31.4969,46.7384],[31.4029,46.6288],[31.3203,46.6125],[31.1368,46.6245],[30.7963,46.552],[30.7729,46.473],[30.7217,46.3662],[30.6723,46.304],[30.6567,46.2665],[30.5115,46.1054],[30.493,46.0901],[30.219,45.8667],[30.1842,45.85],[30.0066,45.7979],[29.9017,45.7524],[29.8212,45.7321],[29.6851,45.7547],[29.6284,45.7225],[29.6017,45.6825],[29.6012,45.6],[29.6703,45.5407],[29.727,45.3433],[29.7059,45.2599],[29.6891,45.1932],[29.6786,45.1517],[29.6354,44.9796],[29.6055,44.9155],[29.5575,44.8434],[29.0482,44.7576],[29.0811,44.7988],[29.0691,44.8711],[29.0478,44.9257],[29.0953,44.975],[28.9807,44.9929],[28.9306,44.9658],[28.8915,44.9187],[28.9262,44.81],[28.8704,44.75],[28.849,44.7163],[28.8465,44.6369],[28.8136,44.6025],[28.807,44.565],[28.8882,44.5748],[28.8518,44.5061],[28.6992,44.3742],[28.6454,44.2957],[28.6586,43.9838],[28.5907,43.7974],[28.5854,43.7422],[28.5618,43.5013],[28.4654,43.3893],[28.3196,43.4269],[28.1337,43.3956],[28.0352,43.2683],[27.9793,43.2305],[27.9289,43.1861],[27.8965,43.0207],[27.8889,42.7497],[27.8184,42.7167],[27.7537,42.7065],[27.4848,42.4681],[27.6396,42.401],[27.7082,42.35],[27.8214,42.208],[27.9827,42.0474],[28.0145,41.969],[27.9873,41.8549],[28.0503,41.7291],[28.1979,41.5545],[28.3464,41.4664],[28.9468,41.2484],[29.0572,41.2297],[29.0321,41.1405],[28.996,41.0611],[28.9563,41.0082],[28.7804,40.9742],[28.2949,41.0715],[28.1722,41.0807],[28.0855,41.0613],[27.9252,40.9906],[27.7474,41.0133],[27.4994,40.9731],[27.4302,40.8399],[27.258,40.6874],[26.9746,40.564],[26.7721,40.498],[26.468,40.2615],[26.33,40.1234],[26.2718,40.0966],[26.2027,40.0754],[26.226,40.1417],[26.2602,40.2024],[26.2523,40.2481],[26.2538,40.3147],[26.3553,40.3902],[26.4475,40.445],[26.7203,40.5442],[26.7921,40.6266],[26.5781,40.6247],[26.3609,40.6063],[26.2242,40.6181],[26.1055,40.6113],[26.0678,40.6834],[26.039,40.7268],[26.0107,40.7691],[25.8557,40.8441],[25.4968,40.8878],[25.3253,40.9431],[25.2501,40.9328],[25.1045,40.9947],[25.0047,40.9675],[24.793,40.8575],[24.6787,40.8695],[24.5565,40.9356],[24.4771,40.9478],[24.3838,40.9127],[24.2344,40.7861],[24.0823,40.7241],[23.9461,40.7483],[23.7628,40.7478],[23.7433,40.677],[23.7787,40.628],[23.8789,40.5444],[23.8319,40.4815],[23.8668,40.4186],[23.932,40.4058],[24.0306,40.4093],[24.2128,40.3278],[24.2925,40.2418],[24.3434,40.1477],[24.2324,40.2152],[24.1588,40.28],[24.0561,40.3036],[23.9132,40.3588],[23.8234,40.368],[23.7279,40.3297],[23.7205,40.2863],[23.8234,40.2051],[23.9176,40.1552],[23.9675,40.1146],[24.0008,40.0246],[23.9818,39.994],[23.9471,39.9656],[23.8354,40.0223],[23.6646,40.2238],[23.4263,40.264],[23.3864,40.222],[23.4332,40.1154],[23.4671,40.0739],[23.6741,39.9589],[23.6575,39.9345],[23.6273,39.9241],[23.3956,39.9898],[23.3282,40.0899],[23.312,40.2165],[23.0981,40.3043],[22.8965,40.3999],[22.8514,40.4906],[22.8929,40.5243],[22.9223,40.5909],[22.8114,40.5786],[22.7419,40.5365],[22.6295,40.4956],[22.6249,40.4286],[22.6427,40.3666],[22.6055,40.2764],[22.5693,40.1193],[22.5922,40.0369],[22.8357,39.8006],[22.919,39.6289],[22.9788,39.5638],[23.1034,39.492],[23.2334,39.3584],[23.2885,39.2888],[23.3277,39.1749],[23.2184,39.1044],[23.1547,39.1015],[23.1194,39.1328],[23.1687,39.2104],[23.1617,39.2578],[22.9929,39.3311],[22.9214,39.3063],[22.839,39.2586],[22.886,39.17],[22.939,39.1115],[22.9655,39.0309],[23.0667,39.0379],[22.9305,38.9477],[22.8026,38.9016],[22.6769,38.8989],[22.5968,38.8906],[22.5691,38.8675],[22.6343,38.8507],[22.6875,38.8492],[22.774,38.8004],[23.0203,38.7419],[23.1377,38.668],[23.2529,38.6612],[23.3689,38.5255],[23.5696,38.4894],[23.684,38.3524],[23.836,38.3255],[23.967,38.275],[24.0054,38.2268],[24.0245,38.1398],[24.033,37.9553],[24.0613,37.8179],[24.0623,37.7745],[24.0554,37.7096],[24.0197,37.6777],[23.9716,37.6768],[23.8773,37.7778],[23.7328,37.8841],[23.5805,38.0105],[23.5372,38.0328],[23.5018,38.0349],[23.4202,37.9921],[23.1937,37.959],[23.0874,37.9128],[23.0475,37.9026],[23.0363,37.8784],[23.0861,37.8531],[23.1472,37.7953],[23.1472,37.7163],[23.1976,37.6202],[23.2627,37.5954],[23.3476,37.5976],[23.3962,37.5798],[23.4088,37.5416],[23.4581,37.4969],[23.4906,37.4639],[23.4893,37.4402],[23.2525,37.3773],[23.203,37.3485],[23.1615,37.3338],[23.1,37.3638],[23.0965,37.4406],[23.0151,37.4818],[22.9405,37.5171],[22.8511,37.5322],[22.775,37.5851],[22.7254,37.5421],[22.765,37.3933],[22.8511,37.2908],[22.995,37.0159],[23.0604,36.8535],[23.0735,36.775],[23.041,36.6445],[23.1117,36.5476],[23.1602,36.4481],[23.1068,36.4519],[23.0605,36.487],[22.9829,36.5284],[22.8323,36.6871],[22.7799,36.7862],[22.7172,36.7939],[22.6084,36.7797],[22.4891,36.5682],[22.4895,36.4469],[22.4277,36.4758],[22.3748,36.5136],[22.3813,36.6462],[22.376,36.7019],[22.2312,36.8826],[22.1647,36.9028],[22.1338,36.9639],[22.0805,37.029],[22.0117,37.0165],[21.9556,36.9901],[21.94,36.8918],[21.9343,36.8037],[21.8924,36.7373],[21.7381,36.8632],[21.5829,37.081],[21.5788,37.2004],[21.6925,37.3093],[21.6789,37.3872],[21.5713,37.541],[21.4162,37.6399],[21.3293,37.6693],[21.2885,37.7745],[21.2053,37.8289],[21.138,37.8541],[21.1247,37.8916],[21.145,37.9193],[21.3081,38.0274],[21.4037,38.1967],[21.4512,38.2047],[21.5487,38.1646],[21.6584,38.1751],[21.7484,38.2742],[21.8247,38.3281],[21.9533,38.3212],[22.2437,38.1887],[22.5559,38.1132],[22.7115,38.0469],[22.7996,37.9812],[22.8464,37.9676],[22.9203,37.9583],[22.917,38.0075],[22.8932,38.0509],[22.9548,38.0746],[23.1221,38.0733],[23.1525,38.0964],[23.1835,38.1337],[23.1489,38.1761],[23.0936,38.1964],[23.0344,38.2021],[22.9954,38.2155],[22.9325,38.202],[22.8344,38.2347],[22.7837,38.2617],[22.7539,38.2895],[22.5834,38.3449],[22.4217,38.4385],[22.3853,38.3855],[22.3199,38.3568],[22.2269,38.3528],[21.9653,38.4125],[21.8047,38.3669],[21.7171,38.355],[21.6501,38.354],[21.5677,38.3336],[21.4726,38.3214],[21.3901,38.4078],[21.3555,38.4748],[21.3311,38.4873],[21.3298,38.4244],[21.3033,38.3739],[21.1826,38.3456],[21.1132,38.3847],[21.0598,38.5033],[20.9922,38.654],[20.8732,38.7757],[20.7769,38.8075],[20.7686,38.8744],[20.7773,38.9279],[20.8932,38.9411],[21.0742,38.8852],[21.1116,38.8963],[21.1523,38.9221],[21.1445,38.9792],[21.1184,39.03],[21.0686,39.0323],[21.0341,39.0263],[20.9228,39.0368],[20.7797,39.0085],[20.7134,39.0352],[20.6913,39.0675],[20.5717,39.1477],[20.4683,39.2553],[20.3008,39.3271],[20.1914,39.5458],[20.0994,39.6413],[20.0013,39.7094],[19.9956,39.801],[19.9648,39.8723],[19.8519,40.0436],[19.4846,40.21],[19.3981,40.2849],[19.3602,40.3477],[19.3223,40.4071],[19.3586,40.4087],[19.3945,40.3937],[19.4405,40.3757],[19.4592,40.4054],[19.4393,40.4703],[19.3446,40.6221],[19.3375,40.6638],[19.3839,40.7907],[19.4612,40.9333],[19.4561,41.1061],[19.4801,41.2364],[19.4534,41.321],[19.4406,41.4248],[19.4974,41.5627],[19.5458,41.5968],[19.5757,41.6404],[19.5775,41.7875],[19.4683,41.8562],[19.3424,41.8691],[19.1864,41.9486],[19.1223,42.0605],[18.8942,42.2495],[18.6329,42.3781],[18.619,42.3984],[18.6334,42.4231],[18.6459,42.4427],[18.5916,42.4442],[18.5535,42.4285],[18.5175,42.4329],[18.333,42.5279],[18.1606,42.634],[17.8238,42.7974],[17.585,42.8372],[17.2582,42.9685],[17.0454,43.0149],[17.1265,43.0256],[17.2198,43.0259],[17.7236,42.8507],[17.6676,42.8971],[17.5852,42.9384],[17.5373,42.9623],[17.3299,43.1149],[17.1294,43.2111],[16.9031,43.3924],[16.6003,43.4641],[16.3939,43.5434],[16.2689,43.5312],[16.1311,43.5063],[16.046,43.5055],[15.9855,43.5198],[15.9426,43.5689],[15.9491,43.607],[15.9415,43.6566],[15.8206,43.7359],[15.6557,43.8113],[15.4994,43.9088],[15.1858,44.1721],[15.1229,44.2568],[15.1847,44.2729],[15.2313,44.2714],[15.2843,44.2888],[15.3697,44.2893],[15.471,44.272],[15.3813,44.3283],[15.2698,44.3835],[14.9813,44.6029],[14.8952,44.7066],[14.8853,44.8183],[14.9065,44.9714],[14.8546,45.081],[14.632,45.2229],[14.5505,45.2977],[14.3861,45.3421],[14.3127,45.3378],[14.2686,45.2825],[14.2363,45.1597],[14.0906,44.9976],[14.042,44.9272],[13.9658,44.8356],[13.8998,44.8293],[13.8607,44.8374],[13.7425,44.9915],[13.6293,45.1082],[13.6135,45.1634],[13.6033,45.2314],[13.5172,45.4818],[13.5779,45.5169],[13.6373,45.5359],[13.7198,45.5876],[13.7833,45.6272],[13.6283,45.7709],[13.5582,45.7707],[13.4651,45.71],[13.2063,45.7714],[13.1567,45.7466],[13.1201,45.6979],[13.0303,45.6375],[12.903,45.6108],[12.7612,45.5443],[12.6117,45.4972],[12.4976,45.4617],[12.4321,45.4679],[12.5361,45.5449],[12.4918,45.5463],[12.3538,45.492],[12.2743,45.446],[12.2488,45.3688],[12.2257,45.2415],[12.2863,45.2077],[12.3925,45.0398],[12.5234,44.968],[12.4979,44.8994],[12.4636,44.8452],[12.3845,44.7983],[12.319,44.8331],[12.2789,44.8322],[12.2483,44.7225],[12.305,44.4294],[12.3963,44.2239],[12.4868,44.1342],[12.6911,43.9947],[12.907,43.9212],[13.2953,43.6861],[13.5082,43.6117],[13.5642,43.5713],[13.6933,43.3899],[13.8047,43.1804],[13.9249,42.8516],[14.0104,42.6896],[14.1827,42.5064],[14.5407,42.2443],[14.8661,42.0525],[15.1687,41.934],[15.405,41.9132],[15.9641,41.9395],[16.0615,41.9281],[16.1646,41.8962],[16.1892,41.814],[16.1513,41.7585],[16.0337,41.7008],[15.9138,41.6208],[15.9005,41.5121],[16.0126,41.4354],[16.5519,41.232],[17.1034,41.0622],[17.2752,40.9754],[17.4742,40.8406],[17.955,40.6552],[18.0361,40.5649],[18.3282,40.3708],[18.4606,40.221],[18.4858,40.1048],[18.4226,39.9869],[18.3935,39.9036],[18.3438,39.8214],[18.2193,39.8525],[18.0779,39.937],[17.865,40.2802],[17.4762,40.3149],[17.3958,40.3402],[17.2577,40.3991],[17.2494,40.4379],[17.2153,40.4864],[17.18,40.5028],[17.0312,40.5135],[16.9282,40.4581],[16.807,40.3265],[16.6696,40.1372],[16.53,39.8597],[16.5219,39.7476],[16.5978,39.6389],[16.8243,39.5783],[16.9992,39.4816],[17.1146,39.3806],[17.1229,39.1366],[17.1746,38.9981],[17.0985,38.9193],[16.9515,38.9398],[16.7555,38.8897],[16.6167,38.8001],[16.559,38.7148],[16.5742,38.4936],[16.5456,38.4091],[16.2824,38.2496],[16.1441,38.0864],[16.1098,38.0187],[16.0568,37.9418],[15.7245,37.9391],[15.6458,38.0342],[15.6431,38.1754],[15.7002,38.2623],[15.8224,38.303],[15.9048,38.4835],[15.8789,38.6139],[15.927,38.6717],[15.9724,38.7126],[16.0655,38.7364],[16.1968,38.7592],[16.21,38.9411],[16.1074,39.0238],[16.0715,39.1395],[16.0236,39.3536],[15.8544,39.6265],[15.7637,39.8701],[15.6928,39.9902],[15.5852,40.0528],[15.3909,40.0521],[15.2945,40.07],[14.9509,40.239],[14.927,40.2647],[14.9291,40.3096],[14.9861,40.3775],[14.9477,40.4693],[14.9069,40.5561],[14.8396,40.63],[14.7657,40.6684],[14.6112,40.6448],[14.5569,40.6264],[14.4594,40.6327],[14.3827,40.5999],[14.3399,40.5988],[14.4605,40.7287],[14.4281,40.7593],[14.3089,40.8126],[14.1472,40.8207],[14.1023,40.8271],[14.0759,40.7939],[14.0443,40.8123],[14.0477,40.8703],[13.8598,41.13],[13.7334,41.2356],[13.6697,41.2545],[13.5548,41.2322],[13.3619,41.2785],[13.2469,41.2889],[13.1834,41.2777],[13.0887,41.2438],[13.041,41.2662],[13.0242,41.3009],[12.8492,41.4087],[12.6309,41.4697],[12.2057,41.8126],[12.0753,41.9409],[11.807,42.082],[11.6373,42.2875],[11.4984,42.3629],[11.2963,42.4233],[11.2497,42.4157],[11.1889,42.3931],[11.1412,42.3899],[11.1032,42.4166],[11.1418,42.4441],[11.1848,42.4566],[11.1678,42.5352],[10.9378,42.7387],[10.8031,42.8043],[10.7651,42.8447],[10.7371,42.9],[10.7084,42.9363],[10.6446,42.9572],[10.5902,42.9536],[10.5148,42.9675],[10.5173,43.0651],[10.5323,43.1401],[10.5208,43.2038],[10.4476,43.3712],[10.3205,43.5131],[10.2458,43.8521],[10.1881,43.9475],[10.0477,44.02],[9.7309,44.1012],[9.2894,44.3192],[9.196,44.323],[8.9304,44.4078],[8.7658,44.4223],[8.552,44.3461],[8.2924,44.1365],[8.0816,43.9189],[8.005,43.8768],[7.7333,43.8026],[7.4932,43.7671],[7.2615,43.6961],[7.1814,43.6591],[6.8647,43.4383],[6.7166,43.3736],[6.6874,43.3346],[6.6572,43.2617],[6.5702,43.1991],[6.494,43.1693],[6.3054,43.1387],[6.1159,43.0724],[6.0306,43.101],[5.8095,43.0979],[5.6716,43.1778],[5.4065,43.2285],[5.3202,43.3449],[5.1995,43.3525],[5.1204,43.349],[5.0731,43.3666],[5.0608,43.4063],[5.0598,43.4445],[4.976,43.427],[4.9119,43.427],[4.8737,43.4116],[4.8436,43.3939],[4.8079,43.4052],[4.7872,43.4014],[4.7891,43.3789],[4.7121,43.3733],[4.6287,43.3871],[4.4098,43.4472],[4.3762,43.4564],[4.2242,43.4796],[4.1628,43.5037],[4.1131,43.563],[4.0751,43.5818],[4.0526,43.5931],[3.9108,43.5631],[3.8616,43.5164],[3.7848,43.4616],[3.2589,43.1932],[3.1629,43.0808],[3.0518,42.9151],[3.0431,42.8379],[3.0909,42.5909],[3.1979,42.4612],[3.2114,42.4312],[3.2398,42.3679],[3.2879,42.3437],[3.3067,42.289],[3.2187,42.2604],[3.1664,42.2565],[3.1504,42.1625],[3.1752,42.136],[3.2246,42.1111],[3.2381,42.0822],[3.248,41.9442],[3.1469,41.861],[3.0049,41.7674],[2.3109,41.4665],[2.1456,41.3208],[2.0826,41.2874],[1.5666,41.1956],[1.2059,41.0976],[1.0329,41.0621],[0.8169,40.8916],[0.7146,40.8229],[0.7961,40.8038],[0.8911,40.7224],[0.8592,40.6862],[0.7206,40.6305],[0.6601,40.6133],[0.6271,40.6222],[0.5961,40.6145],[0.3637,40.319],[0.1584,40.1066],[0.0431,40.014],[-0.0751,39.8759],[-0.327,39.5199],[-0.329,39.4171],[-0.2049,39.0626],[-0.1338,38.9695],[-0.0341,38.8912],[0.1549,38.8247],[0.2016,38.7592],[0.1363,38.6968],[-0.0527,38.5857],[-0.3812,38.4356],[-0.5208,38.3173],[-0.5507,38.2031],[-0.6468,38.1519],[-0.6832,37.992],[-0.7416,37.8861],[-0.7527,37.8502],[-0.8146,37.7699],[-0.8231,37.7116],[-0.7216,37.6311],[-0.7719,37.5962],[-0.8222,37.5808],[-0.9381,37.5713],[-1.3275,37.5611],[-1.641,37.387],[-1.7976,37.2329],[-1.9393,36.9459],[-2.1115,36.7767],[-2.1877,36.7455],[-2.3056,36.8198],[-2.4528,36.8312],[-2.5957,36.8065],[-2.6706,36.7476],[-2.7875,36.7147],[-2.9019,36.7432],[-3.1492,36.7585],[-3.2591,36.7558],[-3.4312,36.7079],[-3.5788,36.7398],[-3.8278,36.7561],[-4.3668,36.7181],[-4.4349,36.7002],[-4.5022,36.6292],[-4.6741,36.5064],[-4.9353,36.5021],[-5.1715,36.4238],[-5.2305,36.3736],[-5.3297,36.2357],[-5.3609,36.1349],[-5.3816,36.1341],[-5.4072,36.1589],[-5.4436,36.1506],[-5.4625,36.0738],[-5.5513,36.0388],[-5.6255,36.0259],[-5.8084,36.0883],[-5.9607,36.1817],[-6.0407,36.1884],[-6.1705,36.3338],[-6.2263,36.4265],[-6.2659,36.5265],[-6.2577,36.5648],[-6.2689,36.5967],[-6.3841,36.637],[-6.4123,36.7289],[-6.3283,36.8481],[-6.2594,36.899],[-6.2168,36.9136],[-6.3209,36.9085],[-6.3962,36.8316],[-6.4924,36.9546],[-6.8846,37.1942],[-6.8594,37.2492],[-6.8638,37.2789],[-6.9295,37.2149],[-6.9747,37.1984],[-7.175,37.2088],[-7.4062,37.1794],[-7.4936,37.1683],[-7.8341,37.0057],[-7.9397,37.0054],[-8.1368,37.0771],[-8.4843,37.1],[-8.5977,37.1213],[-8.7391,37.0746],[-8.8484,37.0757],[-8.9354,37.016],[-8.9978,37.0323],[-8.9263,37.1661],[-8.8142,37.4308],[-8.8186,37.5924],[-8.7918,37.7328],[-8.8227,37.8719],[-8.879,37.9587],[-8.8022,38.1838],[-8.8109,38.2998],[-8.8811,38.4467],[-8.6683,38.4243],[-8.734,38.4824],[-8.7989,38.5182],[-8.8616,38.51],[-8.9148,38.5121],[-9.096,38.4552],[-9.1867,38.4382],[-9.2133,38.4481],[-9.2034,38.539],[-9.2504,38.6567],[-9.1778,38.6878],[-9.0933,38.6967],[-9.0215,38.7469],[-8.9771,38.8029],[-9.0005,38.903],[-8.9381,38.9981],[-8.7916,39.0782],[-8.8675,39.066],[-8.9543,39.0161],[-9.091,38.8347],[-9.1358,38.7428],[-9.2523,38.7128],[-9.3567,38.6979],[-9.4102,38.7075],[-9.4741,38.7309],[-9.4797,38.7988],[-9.4748,38.8529],[-9.4314,38.9604],[-9.4144,39.1121],[-9.3528,39.2481],[-9.3572,39.2843],[-9.3748,39.3383],[-9.3196,39.3911],[-9.2514,39.426],[-9.1483,39.5426],[-9.0041,39.8206],[-8.8378,40.1157],[-8.8513,40.1518],[-8.8866,40.1794],[-8.8727,40.2591],[-8.7724,40.6057],[-8.7316,40.6509],[-8.6846,40.7525],[-8.674,40.9165],[-8.6556,41.0295],[-8.6598,41.0863],[-8.6746,41.1545],[-8.7384,41.2847],[-8.8057,41.56],[-8.8108,41.652],[-8.7554,41.6984],[-8.8464,41.7052],[-8.8876,41.7646],[-8.8782,41.8321],[-8.7771,41.9411],[-8.8523,41.9269],[-8.8783,41.9469],[-8.8872,42.1053],[-8.7725,42.2106],[-8.6909,42.2742],[-8.7292,42.287],[-8.8158,42.2853],[-8.81,42.3345],[-8.7694,42.3582],[-8.73,42.4117],[-8.7762,42.4348],[-8.8121,42.4701],[-8.8099,42.5624],[-8.7999,42.5999],[-8.8115,42.6403],[-8.9878,42.5856],[-9.0331,42.5938],[-9.0351,42.6624],[-8.9372,42.7667],[-8.9272,42.7986],[-9.0416,42.814],[-9.1272,42.8652],[-9.1794,42.911],[-9.2352,42.9769],[-9.2356,43.0358],[-9.1781,43.174],[-9.0956,43.2142],[-9.0245,43.239],[-8.8737,43.3344],[-8.6656,43.3166],[-8.5371,43.3371],[-8.4216,43.3858],[-8.3555,43.3968],[-8.2489,43.4394],[-8.2523,43.4969],[-8.2889,43.5396],[-8.2567,43.5799],[-8.1372,43.6291],[-8.0047,43.6944],[-7.8527,43.707],[-7.6981,43.7646],[-7.5946,43.7273],[-7.5036,43.7399],[-7.3993,43.6958],[-7.262,43.5946],[-7.061,43.554],[-6.9007,43.5856],[-6.6173,43.5924],[-6.4757,43.5789],[-6.2241,43.6039],[-6.0801,43.5949],[-5.8467,43.6451],[-5.6658,43.5825],[-5.3157,43.5532],[-5.1053,43.5019],[-4.523,43.4157],[-4.3128,43.4147],[-4.0153,43.4631],[-3.8894,43.4994],[-3.774,43.4779],[-3.6046,43.5195],[-3.5236,43.511],[-3.4179,43.4517],[-3.0456,43.3716],[-2.9477,43.4397],[-2.875,43.4544],[-2.6071,43.4127],[-2.3371,43.328],[-2.1967,43.3219],[-1.9913,43.3451],[-1.8285,43.4008],[-1.794,43.4073],[-1.6314,43.438],[-1.4849,43.5638],[-1.346,44.0202],[-1.2455,44.5599],[-1.1708,44.6618],[-1.077,44.6898],[-1.1529,44.764],[-1.2004,44.7265],[-1.2203,44.6866],[-1.2452,44.6667],[-1.1891,45.1615],[-1.1491,45.3426],[-1.081,45.5324],[-0.9417,45.4571],[-0.8263,45.3807],[-0.7667,45.3144],[-0.6911,45.0935],[-0.634,45.0471],[-0.5485,45.0006],[-0.5823,45.0514],[-0.6411,45.0902],[-0.7331,45.3846],[-0.7908,45.468],[-0.8807,45.5382],[-1.17,45.6859],[-1.196,45.7145],[-1.21,45.7709],[-1.1144,45.7685],[-1.0317,45.7411],[-1.0415,45.7727],[-1.066,45.8057],[-1.1044,45.9253],[-1.1364,46.2048],[-1.132,46.2527],[-1.1463,46.3114],[-1.2388,46.3245],[-1.3128,46.3269],[-1.3925,46.3501],[-1.7865,46.5148],[-1.9214,46.6848],[-2.0594,46.8103],[-2.0925,46.865],[-2.0903,46.9205],[-2.0189,47.0376],[-2.0819,47.1116],[-2.1436,47.1263],[-2.1971,47.1629],[-2.1486,47.2239],[-2.1083,47.2629],[-2.0276,47.2736],[-1.9217,47.2606],[-1.8213,47.2253],[-1.7425,47.216],[-1.9754,47.3107],[-2.353,47.2788],[-2.4344,47.291],[-2.5031,47.3121],[-2.53,47.3816],[-2.4763,47.4129],[-2.4277,47.4709],[-2.4827,47.5116],[-2.5541,47.5271],[-2.6659,47.5262],[-2.7703,47.5139],[-2.7968,47.5373],[-2.7331,47.6018],[-2.7872,47.6255],[-2.8594,47.6145],[-2.9641,47.6011],[-3.0642,47.6213],[-3.1588,47.6947],[-3.2216,47.6941],[-3.2647,47.6851],[-3.3286,47.7133],[-3.3959,47.7204],[-3.4439,47.711],[-3.5078,47.7531],[-3.9009,47.8375],[-4.0707,47.8479],[-4.2264,47.8096],[-4.3121,47.8229],[-4.3751,47.8774],[-4.428,47.9689],[-4.6788,48.0395],[-4.6292,48.0858],[-4.5124,48.0967],[-4.3778,48.1288],[-4.3294,48.17],[-4.4346,48.218],[-4.5122,48.2297],[-4.5443,48.247],[-4.5771,48.29],[-4.5307,48.3097],[-4.4979,48.2993],[-4.4033,48.2931],[-4.2414,48.3037],[-4.3018,48.3471],[-4.3644,48.3567],[-4.3932,48.3676],[-4.5248,48.3723],[-4.5847,48.3575],[-4.7194,48.3631],[-4.7485,48.41],[-4.7625,48.4502],[-4.7208,48.5399],[-4.5312,48.62],[-4.0589,48.7075],[-3.8557,48.6947],[-3.7148,48.7105],[-3.546,48.7657],[-3.4715,48.8129],[-3.2314,48.8408],[-3.0032,48.7907],[-2.7929,48.6011],[-2.6923,48.5368],[-2.4462,48.6483],[-2.0794,48.645],[-2.0037,48.5821],[-1.9731,48.6351],[-1.9057,48.6971],[-1.852,48.6688],[-1.8247,48.6305],[-1.4376,48.6414],[-1.3765,48.6526],[-1.4805,48.6976],[-1.5655,48.8055],[-1.5831,49.2024],[-1.6903,49.3132],[-1.8134,49.4901],[-1.8701,49.5951],[-1.8754,49.6314],[-1.8564,49.6838],[-1.7051,49.681],[-1.5882,49.6677],[-1.3657,49.7073],[-1.2586,49.6802],[-1.2649,49.5982],[-1.2323,49.4949],[-1.195,49.4448],[-1.1385,49.3879],[-0.9591,49.3932],[-0.7655,49.3597],[-0.5209,49.3545],[-0.1635,49.2968],[-0.0112,49.3302],[0.1361,49.4015],[0.4169,49.4484],[0.4393,49.4732],[0.2776,49.4633],[0.1294,49.5084],[0.1094,49.5575],[0.1266,49.6016],[0.1867,49.703],[0.6162,49.8629],[0.9241,49.9102],[1.2455,49.9982],[1.4072,50.0885],[1.5141,50.2051],[1.5484,50.2307],[1.5928,50.2522],[1.5516,50.2939],[1.5795,50.7393],[1.6096,50.8195],[1.6723,50.885],[1.7677,50.9357],[1.9125,50.9906],[2.4457,51.0665],[2.5249,51.0971],[2.9602,51.2654],[3.2252,51.3516],[3.3501,51.3777],[3.4258,51.3935],[3.5895,51.3994],[3.7165,51.3691],[3.8834,51.3545],[4.011,51.3959],[4.1115,51.3606],[4.2262,51.3865],[4.1389,51.4015],[4.0065,51.4432],[3.8219,51.4094],[3.6936,51.4499],[3.5869,51.4539],[3.5205,51.4862],[3.4489,51.5408],[3.4996,51.5767],[3.5486,51.5891],[3.7439,51.596],[3.886,51.5742],[4.1413,51.4558],[4.2058,51.4567],[4.2741,51.4716],[4.2394,51.5039],[4.1755,51.5193],[4.0805,51.5511],[4.0048,51.5958],[4.1826,51.6103],[4.158,51.6334],[4.1346,51.6729],[3.9469,51.8105],[3.9789,51.8478],[4.0261,51.9277],[4.0849,51.9941],[4.1317,52.0119],[4.2088,52.059],[4.3763,52.1968],[4.4828,52.3092],[4.5621,52.4426],[4.6783,52.8098],[4.7127,52.8721],[4.7687,52.9413],[4.8391,52.9283],[4.888,52.9083],[5.0612,52.9606],[5.3584,53.0965],[5.446,53.2141],[5.532,53.2687],[5.8735,53.3752],[6.0622,53.4071],[6.3532,53.4153],[6.5636,53.4343],[6.8162,53.4412],[6.9124,53.3754],[6.9682,53.3273],[7.058,53.3006],[7.1973,53.2823],[7.1521,53.327],[7.0533,53.3758],[7.0743,53.4776],[7.1071,53.557],[7.2064,53.6545],[7.2853,53.6813],[7.6292,53.6973],[8.0093,53.6907],[8.1671,53.5434],[8.1085,53.4677],[8.2008,53.4324],[8.2452,53.4453],[8.279,53.5112],[8.3016,53.5841],[8.3339,53.6062],[8.4514,53.5517],[8.4927,53.5144],[8.4952,53.3942],[8.5385,53.5569],[8.5062,53.6708],[8.5284,53.7811],[8.5756,53.8385],[8.6189,53.875],[8.8978,53.8357],[9.2056,53.856],[9.322,53.8135],[9.5854,53.6005],[9.6731,53.5656],[9.784,53.5546],[9.6312,53.6002],[9.312,53.8591],[9.2164,53.8912],[9.0696,53.9009],[8.9781,53.9262],[8.9204,53.9653],[8.9035,54.0003],[8.9066,54.2608],[8.8516,54.2996],[8.7804,54.313],[8.736,54.2952],[8.6449,54.295],[8.6258,54.354],[8.648,54.3977],[8.8312,54.4275],[8.9519,54.4676],[8.9572,54.5383],[8.881,54.5939],[8.7896,54.6959],[8.6823,54.7918],[8.6614,54.9859],[8.6383,55.0456],[8.5729,55.1343],[8.6698,55.1557],[8.6511,55.3286],[8.6159,55.4182],[8.3453,55.5103],[8.1321,55.5998],[8.1813,55.9012],[8.2023,55.9824],[8.1215,56.1399],[8.1299,56.3212],[8.164,56.6069],[8.2317,56.6181],[8.2814,56.6167],[8.4731,56.5654],[8.5529,56.5603],[8.6076,56.5145],[8.6717,56.4957],[8.7181,56.5443],[8.7361,56.6274],[8.8881,56.7351],[8.9945,56.7748],[9.0671,56.7938],[9.1403,56.7504],[9.1964,56.7017],[9.2097,56.8084],[9.2549,57.0117],[9.1104,57.0437],[8.9928,57.0161],[8.8761,56.8873],[8.772,56.7253],[8.6031,56.7104],[8.4684,56.6646],[8.3467,56.7121],[8.2683,56.754],[8.2663,56.8153],[8.2841,56.8523],[8.4271,56.9844],[8.6186,57.1113],[8.8115,57.1101],[8.9522,57.1506],[9.0363,57.1554],[9.2988,57.1465],[9.4336,57.1743],[9.5543,57.2325],[9.8151,57.4784],[9.9623,57.581],[10.2591,57.617],[10.5333,57.7354],[10.61,57.7369],[10.481,57.6487],[10.4603,57.6146],[10.4446,57.5622],[10.5371,57.4485],[10.5176,57.3793],[10.5241,57.2432],[10.4369,57.1723],[10.3385,57.0213],[10.2961,56.9991],[10.287,56.8229],[10.2967,56.7809],[10.2827,56.6205],[10.3836,56.5548],[10.4902,56.5205],[10.8459,56.5217],[10.8828,56.4929],[10.9262,56.4433],[10.8944,56.359],[10.8564,56.2955],[10.7534,56.242],[10.6212,56.2021],[10.539,56.2003],[10.427,56.2762],[10.3737,56.2516],[10.3187,56.2129],[10.2267,56.0054],[10.183,55.8652],[10.1594,55.8538],[10.1073,55.8745],[10.0174,55.8761],[9.9037,55.8428],[9.962,55.8131],[10.0236,55.7614],[9.999,55.7355],[9.899,55.7076],[9.8104,55.651],[9.7732,55.6082],[9.6614,55.5575],[9.5911,55.4932],[9.6256,55.4136],[9.6402,55.3437],[9.671,55.2664],[9.6433,55.2047],[9.5048,55.1163],[9.4537,55.0396],[9.5724,55.0405],[9.6454,55.0228],[9.6882,55.0001],[9.7323,54.968],[9.7053,54.9283],[9.7459,54.8072],[9.8923,54.7806],[9.9538,54.7383],[10.0222,54.6739],[10.0288,54.5813],[9.9413,54.5146],[9.8687,54.4725],[10.1435,54.4884],[10.1708,54.4502],[10.2124,54.4089],[10.3604,54.4383],[10.7315,54.3163],[10.956,54.3757],[11.0134,54.3792],[11.0644,54.2805],[11.0086,54.1812],[10.8107,54.0751],[10.8546,54.0098],[10.9178,53.9953],[11.1043,54.0092],[11.3996,53.9446],[11.4611,53.9647],[11.7006,54.1135],[11.7963,54.1455],[12.1113,54.1683],[12.1687,54.2259],[12.2963,54.2838],[12.3785,54.347],[12.5754,54.4674],[12.7791,54.4457],[12.898,54.4227],[13.0286,54.411],[13.1475,54.2827],[13.448,54.1409],[13.7242,54.1532],[13.8223,54.019],[13.8655,53.8534],[13.9504,53.8014],[14.025,53.7674],[14.25,53.7319],[14.4876,53.6719],[14.5835,53.6394],[14.5716,53.6759],[14.5521,53.7073],[14.5649,53.7535],[14.5584,53.8232],[14.3509,53.8587],[14.1722,53.8744],[14.0483,53.8631],[13.9258,53.8791],[13.9021,53.939],[13.9217,53.9966],[13.8725,54.0363],[13.8271,54.0596],[13.8204,54.0928],[13.8277,54.1272],[14.0389,54.0346],[14.2114,53.9503],[14.2493,53.9319],[14.3842,53.9247],[14.7157,54.0183],[15.2884,54.1399],[15.9,54.254],[16.0428,54.2664],[16.1863,54.2904],[16.2394,54.3331],[16.2923,54.3616],[16.3756,54.4369],[16.5598,54.5538],[16.8854,54.5964],[17.007,54.6519],[17.2619,54.7295],[17.843,54.8167],[18.0856,54.8358],[18.3234,54.8382],[18.5352,54.7694],[18.7593,54.6846],[18.7996,54.6334],[18.6783,54.6653],[18.5016,54.7415],[18.4362,54.7447],[18.5871,54.5129],[18.6696,54.4309],[18.8364,54.3696],[18.9763,54.3489],[19.4071,54.3861],[19.5602,54.4346],[19.6044,54.4592],[19.7585,54.5448],[19.8589,54.6338],[19.9441,54.75],[19.9532,54.8305],[19.9745,54.9212],[20.1076,54.9565],[20.3967,54.9513],[20.5203,54.9949],[20.6789,55.1026],[20.8457,55.232],[20.8998,55.2867],[21.0141,55.402],[21.0576,55.4768],[21.0879,55.5831],[21.1148,55.6165],[21.1157,55.5682],[21.1039,55.4877],[21.0317,55.3505],[20.8594,55.1836],[20.5948,54.9824],[20.6777,54.9557],[20.774,54.947],[20.8875,54.9095],[20.9959,54.9027],[21.1889,54.9352],[21.2229,55.1078],[21.2363,55.2712],[21.2011,55.3438],[21.2379,55.455],[21.1711,55.6177],[21.0619,55.8134],[21.0538,56.0229],[21.0461,56.0701],[21.0149,56.2589],[21.0314,56.6366],[21.0713,56.8237],[21.2574,56.9328],[21.3508,57.0177],[21.4051,57.131],[21.4215,57.2358],[21.4592,57.3225],[21.7287,57.571],[21.9424,57.5979],[22.2314,57.6668],[22.5546,57.7243],[22.617,57.6512],[22.6486,57.5954],[23.0378,57.3921],[23.1368,57.3238],[23.2873,57.0897],[23.6478,56.971],[23.9312,57.0085],[24.0543,57.0661],[24.2812,57.1723],[24.3826,57.25],[24.4032,57.325],[24.363,57.6453],[24.3016,57.7841],[24.3226,57.8706],[24.332,57.9098],[24.4639,58.106],[24.4875,58.2616],[24.5357,58.283],[24.5497,58.3046],[24.5291,58.3542],[24.3922,58.3861],[24.3369,58.3814],[24.2872,58.328],[24.2356,58.2896],[24.1148,58.2661],[24.0109,58.3066],[23.7676,58.3608],[23.7061,58.433],[23.6915,58.5056],[23.5628,58.5758],[23.5093,58.6585],[23.5307,58.7163],[23.6475,58.7542],[23.6808,58.7872],[23.5336,58.7819],[23.5036,58.7898],[23.4972,58.8195],[23.432,58.9207],[23.4896,58.9605],[23.515,58.9992],[23.4678,59.0322],[23.4802,59.0697],[23.517,59.1076],[23.4944,59.1957],[23.6405,59.2423],[23.7825,59.2751],[24.0834,59.2919],[24.0536,59.3723],[24.1754,59.3759],[24.3804,59.4727],[24.5836,59.4557],[24.8775,59.5221],[25.4438,59.5211],[25.5209,59.5595],[25.5074,59.598],[25.5093,59.639],[25.6157,59.6275],[25.7937,59.6347],[26.4608,59.5539],[26.625,59.5539],[26.8521,59.4718],[26.9747,59.4506],[27.3358,59.4505],[27.8926,59.4142],[28.0019,59.4698],[28.0125,59.4843],[28.064,59.554],[28.0463,59.6472],[28.014,59.7248],[28.058,59.7815],[28.1312,59.7865],[28.2125,59.7247],[28.3346,59.6925],[28.4237,59.7341],[28.4539,59.8143],[28.5182,59.8496],[28.6039,59.8181],[28.7477,59.8067],[28.8669,59.8119],[28.9473,59.8288],[28.9815,59.8548],[29.0134,59.9016],[29.0791,59.961],[29.1473,59.9998],[29.6697,59.9557],[30.1226,59.8736],[30.1568,59.9043],[30.1727,59.9571],[30.06,60.0026],[29.9768,60.0264],[29.8723,60.1208],[29.7212,60.1953],[29.5693,60.2019],[29.3704,60.1759],[29.0691,60.1915],[28.8127,60.3315],[28.6432,60.3753],[28.5223,60.483],[28.4916,60.5401],[28.6225,60.4916],[28.6403,60.5429],[28.6506,60.611],[28.5778,60.6525],[28.5128,60.6773],[28.1793,60.571],[27.7977,60.5361],[27.7616,60.5329],[27.6693,60.499],[27.5251,60.4908],[27.4624,60.4648],[27.2419,60.5387],[27.2053,60.5435],[27.0756,60.5251],[26.9512,60.4715],[26.7215,60.4551],[26.6074,60.4377],[26.5347,60.4129],[26.5197,60.4716],[26.5512,60.546],[26.6018,60.5956],[26.6064,60.6279],[26.5693,60.6246],[26.4958,60.5518],[26.4564,60.4668],[26.3777,60.4241],[26.2047,60.4066],[26.036,60.4749],[25.956,60.4742],[26.0063,60.4253],[26.0402,60.3716],[26.0358,60.3415],[25.9459,60.3468],[25.8458,60.3146],[25.758,60.2675],[25.7154,60.2674],[25.6564,60.3332],[25.5482,60.3025],[25.4558,60.2612],[25.2679,60.2483],[25.1559,60.1941],[24.9576,60.1575],[24.8487,60.1583],[24.6005,60.1143],[24.518,60.0463],[24.4456,60.0213],[24.3426,60.0423],[24.0252,60.0092],[23.7218,59.9657],[23.5927,59.9682],[23.4636,59.9862],[23.3268,59.9258],[23.1814,59.8449],[23.0213,59.816],[22.9639,59.8264],[23.0098,59.8688],[23.1157,59.9127],[23.1885,59.9722],[23.1984,60.0218],[23.1484,60.0413],[23.0802,60.0473],[22.9941,60.0985],[22.9117,60.2097],[22.8671,60.2158],[22.8444,60.1866],[22.8191,60.1014],[22.7935,60.0768],[22.7498,60.0573],[22.6974,60.0376],[22.6462,60.028],[22.4627,60.0292],[22.4386,60.0723],[22.4386,60.0903],[22.4711,60.147],[22.4427,60.1569],[22.4697,60.2013],[22.513,60.1989],[22.5643,60.2055],[22.5899,60.2284],[22.588,60.2557],[22.5167,60.2627],[22.5123,60.2813],[22.5759,60.3591],[22.585,60.3806],[22.5604,60.385],[22.5205,60.3766],[22.2579,60.4009],[21.934,60.5003],[21.8543,60.5054],[21.8053,60.5941],[21.7271,60.5829],[21.6133,60.531],[21.5278,60.5704],[21.436,60.5964],[21.4106,60.637],[21.4119,60.6968],[21.404,60.7674],[21.3789,60.85],[21.3605,60.9675],[21.3777,61.0592],[21.451,61.1271],[21.4791,61.1705],[21.5135,61.2812],[21.5212,61.4108],[21.5018,61.455],[21.5066,61.4843],[21.565,61.4843],[21.5523,61.5095],[21.5267,61.5233],[21.4982,61.552],[21.5225,61.5671],[21.5924,61.5682],[21.598,61.5779],[21.606,61.5916],[21.5519,61.6668],[21.5456,61.7027],[21.4705,61.8117],[21.3849,61.9149],[21.256,61.9896],[21.3017,62.1126],[21.3537,62.2238],[21.3434,62.2774],[21.3234,62.3426],[21.1656,62.4141],[21.1422,62.5148],[21.1036,62.6229],[21.1182,62.6893],[21.1438,62.74],[21.1957,62.7905],[21.4575,62.95],[21.4735,63.0333],[21.651,63.0393],[21.5687,63.1137],[21.5492,63.1555],[21.5451,63.2043],[21.8004,63.2377],[21.8957,63.2103],[22.1203,63.2441],[22.3197,63.3104],[22.3162,63.3457],[22.2855,63.3772],[22.2433,63.4379],[22.2732,63.4548],[22.346,63.4424],[22.3126,63.4726],[22.3187,63.5044],[22.398,63.4912],[22.5276,63.58],[22.5323,63.6479],[22.7563,63.6833],[23.0145,63.8218],[23.1336,63.8649],[23.2487,63.8961],[23.4939,64.0345],[23.5989,64.0409],[23.6529,64.1342],[23.8614,64.2583],[23.9248,64.2741],[24.0223,64.386],[24.2783,64.5153],[24.4406,64.6801],[24.5302,64.7387],[24.5579,64.801],[24.6576,64.8063],[24.7476,64.8521],[24.9422,64.884],[25.1343,64.8752],[25.2143,64.8535],[25.2882,64.8604],[25.2808,64.9164],[25.228,64.951],[25.2711,64.9843],[25.3727,65.0095],[25.3623,65.0651],[25.3402,65.0986],[25.2559,65.1433],[25.2979,65.2432],[25.3079,65.3527],[25.3479,65.4792],[25.2418,65.5463],[24.8394,65.6604],[24.7643,65.6564],[24.6749,65.6707],[24.5815,65.7571],[24.6232,65.8317],[24.628,65.8592],[24.5916,65.8584],[24.5326,65.822],[24.4043,65.7805],[24.2375,65.8124],[24.1555,65.8053],[23.8905,65.7822],[23.6914,65.8285],[23.5921,65.8053],[23.4184,65.8043],[23.2211,65.7861],[23.1546,65.7499],[23.1023,65.7354],[22.9193,65.7865],[22.7466,65.8709],[22.6203,65.8065],[22.5386,65.7943],[22.4651,65.8526],[22.401,65.8621],[22.3663,65.8427],[22.3359,65.7912],[22.2876,65.7506],[22.275,65.725],[22.2666,65.6215],[22.254,65.5976],[22.0862,65.6109],[22.0963,65.5838],[22.1328,65.5701],[22.1476,65.5529],[22.0867,65.5302],[21.9201,65.5324],[21.9031,65.5083],[21.95,65.4704],[21.9135,65.4371],[21.8796,65.424],[21.6807,65.4034],[21.5655,65.4081],[21.5326,65.3866],[21.5234,65.3586],[21.5452,65.3312],[21.596,65.3166],[21.6127,65.2991],[21.6092,65.2614],[21.5669,65.2545],[21.4469,65.3208],[21.4104,65.3174],[21.4378,65.283],[21.5063,65.2454],[21.546,65.207],[21.5807,65.1608],[21.5739,65.1258],[21.4249,65.0127],[21.2937,64.9413],[21.1959,64.8769],[21.1382,64.8087],[21.205,64.7743],[21.2793,64.7247],[21.3315,64.6293],[21.3938,64.5443],[21.5196,64.4631],[21.4943,64.4161],[21.465,64.3796],[21.2558,64.2992],[21.0185,64.178],[20.7627,63.8678],[20.6776,63.8263],[20.4537,63.7737],[20.3714,63.7229],[20.2047,63.6625],[19.9137,63.6105],[19.7816,63.5382],[19.7221,63.4633],[19.6558,63.458],[19.59,63.4873],[19.5023,63.509],[19.4909,63.4602],[19.4946,63.4244],[19.3543,63.4775],[19.2881,63.4288],[19.2363,63.3474],[19.0344,63.2377],[18.8167,63.2575],[18.7923,63.2381],[18.8502,63.2241],[18.859,63.2066],[18.8194,63.1973],[18.7596,63.1982],[18.6672,63.1766],[18.6064,63.1783],[18.5776,63.1264],[18.5307,63.0635],[18.4077,63.0375],[18.3442,63.0321],[18.3129,62.9964],[18.5021,62.9889],[18.4869,62.9586],[18.4826,62.9283],[18.4631,62.8959],[18.248,62.8491],[18.2149,62.8122],[18.17,62.7894],[18.0744,62.7907],[18.0779,62.812],[18.0936,62.836],[17.9511,62.8339],[17.9066,62.8868],[17.8796,62.8732],[17.8956,62.8305],[17.9329,62.7861],[17.9744,62.721],[17.9407,62.6799],[17.903,62.6595],[17.9305,62.6406],[18.0065,62.6263],[18.0373,62.6005],[17.9471,62.5785],[17.8345,62.5027],[17.7178,62.5009],[17.6464,62.4509],[17.5706,62.451],[17.509,62.4825],[17.4103,62.5084],[17.3784,62.4628],[17.3733,62.4265],[17.429,62.3347],[17.5353,62.2637],[17.6337,62.233],[17.5629,62.2123],[17.5102,62.1663],[17.4466,62.0227],[17.412,61.9661],[17.3745,61.8663],[17.3982,61.7821],[17.4173,61.7407],[17.4654,61.6845],[17.3346,61.6917],[17.1964,61.7246],[17.2156,61.6563],[17.1308,61.5757],[17.1466,61.5046],[17.1643,61.4583],[17.138,61.3817],[17.1779,61.3576],[17.1996,61.312],[17.1639,61.2783],[17.1798,61.2493],[17.1857,61.1465],[17.2129,60.9858],[17.2029,60.9519],[17.2789,60.8122],[17.2612,60.7632],[17.251,60.7008],[17.3599,60.6408],[17.457,60.6418],[17.5555,60.6427],[17.5931,60.6277],[17.6308,60.5853],[17.6611,60.5352],[17.7422,60.5393],[17.8716,60.5801],[17.9558,60.5898],[18.0113,60.5114],[18.1625,60.4079],[18.2505,60.3615],[18.4,60.3371],[18.5575,60.2536],[18.5354,60.1529],[18.6012,60.1192],[18.787,60.0795],[18.8527,60.0259],[18.8843,59.9802],[18.9332,59.9423],[18.9904,59.8278],[18.9705,59.7572],[18.8956,59.733],[18.7188,59.6574],[18.6399,59.6009],[18.5781,59.5658],[18.4024,59.4904],[18.3381,59.4769],[18.2765,59.4376],[18.2169,59.4205],[18.1636,59.4304],[17.9643,59.3594],[17.9798,59.3291]],[[50.6799,46.9387],[50.5829,46.8823],[50.5284,46.8733],[50.4723,46.8829],[50.4193,46.8795],[50.3062,46.7949],[50.1016,46.6964],[49.9998,46.6343],[49.8863,46.5957],[49.7605,46.5715],[49.6315,46.5676],[49.5844,46.5452],[49.4372,46.5373],[49.3475,46.5191],[49.3442,46.4855],[49.3621,46.4102],[49.2858,46.4368],[49.2057,46.3857],[49.2322,46.3372],[49.2459,46.2916],[49.1255,46.2817],[49.1106,46.2285],[49.0796,46.1892],[48.81,46.1005],[48.7426,46.1007],[48.6837,46.0862],[48.6873,46.0288],[48.7034,45.9762],[48.7496,45.9206],[48.7296,45.8968],[48.6896,45.8889],[48.6374,45.9058],[48.5891,45.9349],[48.5373,45.9421],[48.487,45.9349],[48.2576,45.7778],[48.1592,45.737],[48.0528,45.721],[47.8302,45.663],[47.764,45.666],[47.7011,45.6862],[47.6498,45.6567],[47.6333,45.584],[47.574,45.6343],[47.5084,45.6742],[47.4794,45.6876],[47.4633,45.6797],[47.5242,45.6017],[47.5295,45.5302],[47.5146,45.4909],[47.4887,45.4551],[47.4545,45.4331],[47.4131,45.421],[47.3911,45.2948],[47.3513,45.2177],[47.2962,45.1495],[47.2215,45.0243],[47.1615,44.9696],[47.1147,44.906],[47.0838,44.817],[47.0393,44.8379],[47.0029,44.8761],[46.9837,44.8256],[46.9574,44.7826],[46.8412,44.7183],[46.7553,44.6565],[46.7161,44.5607],[46.7072,44.5033],[46.7209,44.4517],[46.753,44.4207],[46.9157,44.3872],[47.0236,44.3433],[47.1227,44.2617],[47.2299,44.1924],[47.307,44.1031],[47.3615,43.9934],[47.4292,43.7799],[47.4628,43.555],[47.5626,43.8347],[47.6465,43.8846],[47.6278,43.806],[47.568,43.685],[47.509,43.5097],[47.4898,43.3817],[47.5116,43.2708],[47.5129,43.2188],[47.4632,43.0351],[47.4889,42.9998],[47.529,42.9671],[47.6349,42.9035],[47.7091,42.8109],[47.7277,42.6807],[47.7697,42.6448],[47.8224,42.6135],[48.0802,42.3537],[48.2286,42.181],[48.303,42.0802],[48.3838,41.9534],[48.4264,41.924],[48.4768,41.9051],[48.5729,41.8445],[48.6646,41.7866],[48.8239,41.6296],[49.0509,41.374],[49.1066,41.3017],[49.1433,41.2178],[49.1747,41.1161],[49.2265,41.0262],[49.4567,40.7999],[49.5562,40.7163],[49.7184,40.6081],[49.776,40.584],[49.8518,40.5772],[49.9906,40.5768],[50.1191,40.5345],[50.1825,40.5048],[50.248,40.4618],[50.3068,40.4122],[50.3659,40.2795],[50.1432,40.3232],[49.9188,40.3164],[49.792,40.2879],[49.669,40.249],[49.5512,40.1941],[49.4773,40.0873],[49.4151,39.8398],[49.3244,39.6084],[49.3275,39.5012],[49.3674,39.3984],[49.3628,39.3496],[49.3212,39.3289],[49.2693,39.2852],[49.1998,39.0727],[49.1653,39.0303],[49.121,39.0039],[49.1087,39.0291],[49.1113,39.0847],[49.0135,39.134],[48.9617,39.0788],[48.9262,38.9618],[48.8545,38.8388],[48.8509,38.8153],[48.8687,38.4355],[48.8707,38.3925],[48.9014,38.1437],[48.9251,38.0151],[48.96,37.8901],[49.0153,37.7761],[49.081,37.6676],[49.1712,37.6006],[49.3725,37.52],[49.4701,37.4967],[49.727,37.4805],[49.9807,37.4449],[50.1305,37.4071],[50.1763,37.3805],[50.2141,37.3396],[50.3379,37.1492],[50.5332,37.0137],[50.9274,36.8102],[51.1186,36.7426],[51.762,36.6145],[52.1901,36.6217],[53.3741,36.8687],[53.7677,36.9303],[53.9154,36.9303],[53.8274,36.8812],[53.6795,36.8531],[53.7687,36.8185],[53.9062,36.8127],[53.9701,36.8183],[54.0162,36.8497],[54.0238,36.9013],[54.0172,36.9525],[53.952,37.1817],[53.9142,37.3436],[53.8979,37.4136],[53.8479,37.6696],[53.8235,37.9279],[53.8252,38.0469],[53.8541,38.2856],[53.8519,38.4059],[53.84,38.5149],[53.8516,38.6218],[53.8737,38.7419],[53.8854,38.8641],[53.8687,38.9493],[53.8149,39.018],[53.7241,39.1031],[53.7098,39.1534],[53.7046,39.2096],[53.6176,39.216],[53.5395,39.2741],[53.475,39.3057],[53.3363,39.3408],[53.2668,39.3426],[53.2033,39.3168],[53.1566,39.265],[53.124,39.3467],[53.1248,39.4321],[53.2356,39.6085],[53.305,39.5571],[53.3896,39.5364],[53.4974,39.5333],[53.6031,39.547],[53.5824,39.6074],[53.5333,39.6417],[53.4723,39.6688],[53.4505,39.7485],[53.4583,39.8312],[53.4873,39.9094],[53.4543,39.9409],[53.4042,39.9604],[53.2886,39.958],[53.1386,39.9787],[52.9875,39.9876],[52.9521,39.8955],[53.0355,39.7744],[52.9648,39.8339],[52.8982,39.9125],[52.8047,40.054],[52.7444,40.2198],[52.7337,40.3987],[52.7848,40.5467],[52.8499,40.6856],[52.8893,40.8635],[52.9435,41.0381],[52.9977,40.9599],[53.0596,40.8897],[53.1452,40.825],[53.192,40.8095],[53.3329,40.7827],[53.4236,40.7928],[53.5203,40.8311],[53.6152,40.8185],[53.6938,40.7464],[53.7638,40.6657],[53.87,40.6487],[54.0889,40.7071],[54.193,40.7204],[54.2833,40.6937],[54.3299,40.6888],[54.3773,40.6933],[54.3362,40.7649],[54.3194,40.8346],[54.3744,40.8714],[54.5471,40.8323],[54.657,40.8584],[54.6851,40.873],[54.7101,40.8911],[54.7232,40.9513],[54.718,41.013],[54.7037,41.0711],[54.6715,41.1222],[54.5922,41.1936],[54.2846,41.3637],[54.1811,41.4316],[54.0948,41.5194],[54.0398,41.6434],[53.9952,41.7726],[53.9538,41.8685],[53.8465,42.0912],[53.8047,42.1176],[53.7523,42.1294],[53.6249,42.1364],[53.4959,42.1202],[53.285,42.0818],[53.1642,42.0938],[53.1083,42.0701],[52.97,41.9762],[52.9053,41.8958],[52.8148,41.7118],[52.8835,41.6525],[52.8822,41.6137],[52.8302,41.3419],[52.8618,41.2101],[52.8504,41.2003],[52.8256,41.2309],[52.7473,41.3654],[52.6094,41.5294],[52.4938,41.7804],[52.4676,41.8859],[52.4586,42.0483],[52.4621,42.1006],[52.5172,42.2372],[52.5732,42.3309],[52.6184,42.4282],[52.6385,42.5557],[52.5966,42.7602],[52.55,42.8055],[52.4939,42.8203],[52.4343,42.8245],[52.3244,42.8162],[52.273,42.7998],[52.1837,42.8687],[52.0756,42.8798],[52.0186,42.8605],[51.9607,42.8506],[51.8982,42.8696],[51.8441,42.9104],[51.811,42.9544],[51.7852,43.0043],[51.7004,43.1041],[51.616,43.1584],[51.5141,43.1705],[51.3479,43.1674],[51.2954,43.1741],[51.2924,43.2307],[51.3134,43.3557],[51.3139,43.4209],[51.3018,43.4824],[51.2741,43.5329],[51.239,43.5767],[51.1396,43.6488],[51.0648,43.7501],[50.9398,43.9585],[50.8308,44.1928],[50.7826,44.228],[50.685,44.2651],[50.4718,44.2948],[50.3312,44.3255],[50.2756,44.3551],[50.2525,44.4065],[50.2529,44.4615],[50.2646,44.5266],[50.2975,44.5815],[50.4095,44.624],[50.6524,44.6334],[50.8604,44.6288],[51.0488,44.5305],[51.1107,44.5078],[51.1771,44.5014],[51.3107,44.5324],[51.3767,44.5412],[51.5436,44.531],[51.4937,44.5775],[51.4311,44.602],[51.3663,44.5999],[51.3103,44.6187],[51.2182,44.709],[51.0579,44.8116],[51.0207,44.854],[51.0094,44.9218],[51.0403,44.9803],[51.1537,45.0402],[51.2499,45.1217],[51.294,45.2298],[51.3334,45.2796],[51.4157,45.3579],[51.5396,45.3429],[51.7326,45.3995],[52.0487,45.3884],[52.4268,45.4046],[52.5311,45.3986],[52.772,45.3435],[52.9107,45.3197],[53.0789,45.3075],[53.2004,45.332],[53.0857,45.4074],[52.8375,45.4967],[52.7738,45.5728],[52.8875,45.7795],[53.0416,45.9679],[53.1353,46.1917],[53.109,46.4141],[53.064,46.4753],[53.0785,46.5475],[53.1324,46.6084],[53.1702,46.669],[53.1375,46.742],[53.0694,46.8561],[53.0346,46.8929],[52.916,46.9544],[52.6776,46.9571],[52.4832,46.9907],[52.4203,46.9637],[52.3849,46.9221],[52.3403,46.8948],[52.1888,46.8395],[52.1383,46.8286],[52.0855,46.8396],[52.0111,46.9019],[51.9451,46.8949],[51.7445,46.9337],[51.6501,47.0181],[51.6152,47.0299],[51.2908,47.0973],[51.178,47.1102],[50.92,47.0407],[50.7327,46.9517],[50.6799,46.9387]]]]}},{"type":"Feature","properties":{},"geometry":{"type":"MultiPolygon","coordinates":[[[[-159.7405,-21.2492],[-159.7726,-21.2495],[-159.8131,-21.2421],[-159.8396,-21.2381],[-159.8425,-21.2291],[-159.832,-21.2005],[-159.8106,-21.1864],[-159.7684,-21.1885],[-159.7395,-21.2081],[-159.7369,-21.2406],[-159.7405,-21.2492]]]]}},{"type":"Feature","properties":{},"geometry":{"type":"MultiPolygon","coordinates":[[[[-178.5351,-19.166],[-178.5463,-19.175],[-178.5737,-19.1649],[-178.5959,-19.1514],[-178.5987,-19.1371],[-178.5893,-19.1188],[-178.5677,-19.1093],[-178.5567,-19.113],[-178.563,-19.1187],[-178.5762,-19.1252],[-178.5741,-19.1432],[-178.5571,-19.1541],[-178.5406,-19.157],[-178.5351,-19.166]]]]}},{"type":"Feature","properties":{},"geometry":{"type":"MultiPolygon","coordinates":[[[[-179.7999,-18.9403],[-179.7976,-18.9698],[-179.8125,-18.9682],[-179.8302,-18.9556],[-179.8394,-18.9617],[-179.8455,-18.9708],[-179.8486,-18.9913],[-179.8512,-19.0029],[-179.865,-18.9987],[-179.8673,-18.9784],[-179.8628,-18.9642],[-179.8562,-18.9433],[-179.8311,-18.9242],[-179.7999,-18.9403]]]]}},{"type":"Feature","properties":{},"geometry":{"type":"MultiPolygon","coordinates":[[[[-178.7116,-20.6678],[-178.7095,-20.6705],[-178.7149,-20.6703],[-178.7231,-20.6668],[-178.7291,-20.6602],[-178.7306,-20.6528],[-178.7275,-20.6452],[-178.7246,-20.6457],[-178.7192,-20.6523],[-178.7142,-20.6598],[-178.7116,-20.6678]]]]}},{"type":"Feature","properties":{},"geometry":{"type":"MultiPolygon","coordinates":[[[[-78.8042,-33.6465],[-78.9834,-33.6678],[-78.9895,-33.6617],[-78.9793,-33.6441],[-78.9381,-33.6136],[-78.8883,-33.5764],[-78.8774,-33.5752],[-78.859,-33.5781],[-78.8382,-33.5851],[-78.7847,-33.6102],[-78.7689,-33.6273],[-78.7747,-33.6416],[-78.8042,-33.6465]]]]}},{"type":"Feature","properties":{},"geometry":{"type":"MultiPolygon","coordinates":[[[[177.1215,-12.5055],[177.0824,-12.5156],[177.0193,-12.5073],[177.0062,-12.4911],[177.0264,-12.4875],[177.0676,-12.477],[177.1181,-12.4823],[177.127,-12.4929],[177.1215,-12.5055]]]]}},{"type":"Feature","properties":{},"geometry":{"type":"MultiPolygon","coordinates":[[[[174.6297,-21.695],[174.6219,-21.7059],[174.593,-21.7023],[174.5872,-21.6801],[174.6042,-21.6675],[174.6277,-21.676],[174.6297,-21.695]]]]}},{"type":"Feature","properties":{},"geometry":{"type":"MultiPolygon","coordinates":[[[[-128.2901,-24.3974],[-128.3,-24.4126],[-128.3207,-24.3997],[-128.3422,-24.3707],[-128.3502,-24.3402],[-128.3301,-24.3232],[-128.3036,-24.3336],[-128.2908,-24.3646],[-128.2901,-24.3974]]]]}}]}